DateTime,Currency,Impact,Event,,,
1/3/2010 15:15,USD,Medium Impact Expected,FOMC Member Kohn Speaks,,,
1/3/2010 15:30,USD,High Impact Expected,Fed Chairman Bernanke Speaks,,,
1/4/2010 10:00,EUR,Low Impact Expected,Italian Prelim CPI m/m,,,
1/4/2010 18:00,USD,Low Impact Expected,FOMC Member Duke Speaks,,,
1/5/2010 10:00,EUR,Medium Impact Expected,CPI Flash Estimate y/y,,,
1/5/2010 13:00,USD,Medium Impact Expected,FOMC Member Hoenig Speaks,,,
1/5/2010 20:30,EUR,Low Impact Expected,PPI m/m,,,
1/6/2010 19:00,USD,High Impact Expected,FOMC Meeting Minutes,,,
1/7/2010 6:00,USD,Medium Impact Expected,FOMC Member Bullard Speaks,,,
1/7/2010 18:00,USD,Medium Impact Expected,FOMC Member Hoenig Speaks,,,
1/8/2010 7:30,USD,Medium Impact Expected,FOMC Member Bullard Speaks,,,
1/8/2010 15:15,USD,Medium Impact Expected,FOMC Member Rosengren Speaks,,,
1/8/2010 19:40,USD,Low Impact Expected,President Obama Speaks,,,
1/11/2010 2:10,USD,Medium Impact Expected,FOMC Member Bullard Speaks,,,
1/11/2010 10:16,EUR,Medium Impact Expected,ECB President Trichet Speaks,,,
1/13/2010 7:45,EUR,Low Impact Expected,French Final CPI m/m,,,
1/14/2010 7:00,EUR,Low Impact Expected,German Final CPI m/m,,,
1/14/2010 13:30,EUR,High Impact Expected,ECB Press Conference,,,
1/14/2010 20:30,EUR,Medium Impact Expected,Final CPI y/y,,,
1/14/2010 20:30,USD,High Impact Expected,CPI y/y,,,
1/14/2010 20:30,USD,High Impact Expected,Core CPI m/m,,,
1/14/2010 20:30,USD,Medium Impact Expected,CPI m/m,,,
1/15/2010 10:00,EUR,Medium Impact Expected,Final Core CPI y/y,,,
1/19/2010 20:30,USD,High Impact Expected,PPI m/m,,,
1/19/2010 20:30,USD,Low Impact Expected,FOMC Member Dudley Speaks,,,
1/19/2010 20:30,USD,Medium Impact Expected,Core PPI m/m,,,
1/20/2010 7:00,EUR,Medium Impact Expected,German PPI m/m,,,
1/20/2010 20:30,EUR,Medium Impact Expected,German Buba President Weber Speaks,,,
1/20/2010 20:30,USD,High Impact Expected,Philly Fed Manufacturing Index,,,
1/21/2010 9:00,EUR,Medium Impact Expected,ECB Monthly Bulletin,,,
1/21/2010 12:00,EUR,Medium Impact Expected,ECB President Trichet Speaks,,,
1/21/2010 16:14,USD,High Impact Expected,President Obama Speaks,,,
1/26/2010 20:30,USD,High Impact Expected,FOMC Statement,,,
1/26/2010 20:30,USD,Medium Impact Expected,Treasury Sec Geithner Speaks,,,
1/27/2010 20:29,EUR,Medium Impact Expected,German Prelim CPI m/m,,,
1/28/2010 2:00,USD,Medium Impact Expected,President Obama Speaks,,,
1/28/2010 13:30,EUR,Medium Impact Expected,ECB President Trichet Speaks,,,
1/28/2010 14:45,USD,Medium Impact Expected,Treasury Sec Geithner Speaks,,,
1/28/2010 20:59,USD,High Impact Expected,Fed Chairman Nomination Vote,,,
1/29/2010 10:00,EUR,Medium Impact Expected,CPI Flash Estimate y/y,,,
1/29/2010 13:15,USD,Medium Impact Expected,FOMC Member Kohn Speaks,,,
1/31/2010 20:30,USD,Medium Impact Expected,Treasury Sec Geithner Speaks,,,
2/1/2010 20:30,USD,Medium Impact Expected,Treasury Sec Geithner Speaks,,,
2/2/2010 10:00,EUR,Low Impact Expected,PPI m/m,,,
2/2/2010 20:30,USD,Low Impact Expected,Treasury Sec Geithner Speaks,,,
2/3/2010 17:00,USD,Medium Impact Expected,FOMC Member Warsh Speaks,,,
2/3/2010 20:30,USD,Low Impact Expected,Treasury Sec Geithner Speaks,,,
2/3/2010 20:30,EUR,High Impact Expected,ECB Press Conference,,,
2/4/2010 19:00,USD,High Impact Expected,FOMC Member Hoenig Speaks,,,
2/5/2010 10:00,EUR,Low Impact Expected,Italian Prelim CPI m/m,,,
2/5/2010 22:15,USD,Medium Impact Expected,FOMC Member Bullard Speaks,,,
2/6/2010 18:15,USD,High Impact Expected,Treasury Sec Geithner Speaks,,,
2/8/2010 22:00,EUR,Medium Impact Expected,ECB President Trichet Speaks,,,
2/9/2010 7:00,EUR,Low Impact Expected,German Final CPI m/m,,,
2/9/2010 20:30,USD,High Impact Expected,Fed Chairman Bernanke Testifies,,,
2/11/2010 9:00,EUR,Medium Impact Expected,ECB Monthly Bulletin,,,
2/12/2010 19:30,USD,Low Impact Expected,FOMC Member Tarullo Speaks,,,
2/16/2010 17:00,USD,Medium Impact Expected,FOMC Member Hoenig Speaks,,,
2/17/2010 19:00,USD,High Impact Expected,FOMC Meeting Minutes,,,
2/17/2010 20:30,USD,Medium Impact Expected,Core PPI m/m,,,
2/17/2010 20:30,USD,High Impact Expected,PPI m/m,,,
2/18/2010 15:00,USD,High Impact Expected,Philly Fed Manufacturing Index,,,
2/18/2010 20:30,USD,High Impact Expected,CPI y/y,,,
2/18/2010 20:30,USD,High Impact Expected,Core CPI m/m,,,
2/18/2010 20:30,USD,Medium Impact Expected,CPI m/m,,,
2/18/2010 21:30,USD,High Impact Expected,Fed Announcement,,,
2/18/2010 23:00,USD,Low Impact Expected,FOMC Member Duke Speaks,,,
2/19/2010 1:30,USD,Medium Impact Expected,FOMC Member Bullard Speaks,,,
2/19/2010 7:00,EUR,Medium Impact Expected,German PPI m/m,,,
2/19/2010 13:00,USD,Low Impact Expected,FOMC Member Dudley Speaks,,,
2/22/2010 20:30,EUR,Low Impact Expected,French Final CPI m/m,,,
2/23/2010 20:30,USD,Medium Impact Expected,Treasury Sec Geithner Speaks,,,
2/23/2010 20:30,USD,Low Impact Expected,Fed Monetary Policy Report,,,
2/23/2010 22:05,USD,Medium Impact Expected,FOMC Member Bullard Speaks,,,
2/24/2010 15:00,USD,High Impact Expected,Fed Chairman Bernanke Testifies,,,
2/25/2010 13:35,USD,Medium Impact Expected,FOMC Member Pianalto Speaks,,,
2/25/2010 14:00,USD,High Impact Expected,Fed Chairman Bernanke Testifies,,,
2/25/2010 20:30,EUR,Medium Impact Expected,Final CPI y/y,,,
2/25/2010 20:30,USD,Medium Impact Expected,FOMC Member Hoenig Speaks,,,
2/25/2010 22:15,USD,Medium Impact Expected,FOMC Member Bullard Speaks,,,
2/26/2010 10:00,EUR,Medium Impact Expected,Final Core CPI y/y,,,
2/26/2010 14:00,USD,Low Impact Expected,FOMC Member Duke Speaks,,,
2/26/2010 15:15,USD,Low Impact Expected,FOMC Member Dudley Speaks,,,
2/26/2010 18:30,USD,Low Impact Expected,FOMC Member Tarullo Speaks,,,
2/26/2010 20:29,EUR,Medium Impact Expected,German Prelim CPI m/m,,,
3/1/2010 20:30,EUR,Low Impact Expected,Italian Prelim CPI m/m,,,
3/1/2010 20:30,EUR,Low Impact Expected,PPI m/m,,,
3/2/2010 10:00,EUR,Medium Impact Expected,CPI Flash Estimate y/y,,,
3/3/2010 14:15,USD,Medium Impact Expected,FOMC Member Rosengren Speaks,,,
3/3/2010 20:30,EUR,High Impact Expected,ECB Press Conference,,,
3/4/2010 15:15,USD,Medium Impact Expected,FOMC Member Bullard Speaks,,,
3/4/2010 21:15,USD,Medium Impact Expected,FOMC Member Bullard Speaks,,,
3/6/2010 18:00,EUR,Medium Impact Expected,ECB President Trichet Speaks,,,
3/10/2010 7:00,EUR,Low Impact Expected,German Final CPI m/m,,,
3/10/2010 13:30,EUR,Medium Impact Expected,German Buba President Weber Speaks,,,
3/10/2010 17:30,EUR,Low Impact Expected,German Buba President Weber Speaks,,,
3/10/2010 18:00,EUR,Medium Impact Expected,ECB President Trichet Speaks,,,
3/11/2010 9:00,EUR,Medium Impact Expected,ECB Monthly Bulletin,,,
3/11/2010 19:00,USD,Low Impact Expected,FOMC Member Dudley Speaks,,,
3/12/2010 10:15,EUR,Medium Impact Expected,German Buba President Weber Speaks,,,
3/12/2010 17:00,USD,Medium Impact Expected,Treasury Sec Geithner Speaks,,,
3/12/2010 20:45,EUR,Medium Impact Expected,ECB President Trichet Speaks,,,
3/15/2010 20:30,EUR,Medium Impact Expected,Final Core CPI y/y,,,
3/15/2010 20:30,USD,High Impact Expected,FOMC Statement,,,
3/15/2010 20:30,EUR,Medium Impact Expected,Final CPI y/y,,,
3/16/2010 7:45,EUR,Low Impact Expected,French Final CPI m/m,,,
3/16/2010 14:00,USD,Low Impact Expected,Treasury Sec Geithner Speaks,,,
3/16/2010 20:30,USD,High Impact Expected,PPI m/m,,,
3/16/2010 20:30,USD,Medium Impact Expected,Core PPI m/m,,,
3/17/2010 9:10,EUR,Medium Impact Expected,German Buba President Weber Speaks,,,
3/17/2010 18:00,USD,High Impact Expected,Fed Chairman Bernanke Testifies,,,
3/17/2010 20:30,USD,High Impact Expected,Core CPI m/m,,,
3/17/2010 20:30,USD,Medium Impact Expected,CPI m/m,,,
3/17/2010 20:30,USD,Medium Impact Expected,FOMC Member Hoenig Speaks,,,
3/17/2010 20:30,USD,High Impact Expected,CPI y/y,,,
3/18/2010 11:30,USD,Low Impact Expected,FOMC Member Duke Speaks,,,
3/18/2010 14:00,USD,High Impact Expected,Philly Fed Manufacturing Index,,,
3/19/2010 7:00,EUR,Medium Impact Expected,German PPI m/m,,,
3/19/2010 7:45,EUR,Medium Impact Expected,ECB President Trichet Speaks,,,
3/20/2010 13:00,USD,Medium Impact Expected,Fed Chairman Bernanke Speaks,,,
3/22/2010 15:30,EUR,High Impact Expected,ECB President Trichet Speaks,,,
3/22/2010 19:30,USD,Medium Impact Expected,Treasury Sec Geithner Speaks,,,
3/22/2010 20:30,USD,Medium Impact Expected,Treasury Sec Geithner Speaks,,,
3/24/2010 14:45,USD,Medium Impact Expected,FOMC Member Hoenig Speaks,,,
3/25/2010 0:00,USD,Medium Impact Expected,FOMC Member Kohn Speaks,,,
3/25/2010 8:00,EUR,Medium Impact Expected,ECB President Trichet Speaks,,,
3/25/2010 13:10,USD,Medium Impact Expected,FOMC Member Pianalto Speaks,,,
3/25/2010 14:00,USD,High Impact Expected,Fed Chairman Bernanke Testifies,,,
3/25/2010 17:30,USD,Medium Impact Expected,Treasury Sec Geithner Speaks,,,
3/26/2010 15:30,USD,Medium Impact Expected,FOMC Member Warsh Speaks,,,
3/26/2010 16:00,EUR,Medium Impact Expected,ECB President Trichet Speaks,,,
3/26/2010 20:00,USD,Medium Impact Expected,FOMC Member Bullard Speaks,,,
3/26/2010 22:00,USD,Low Impact Expected,FOMC Member Tarullo Speaks,,,
3/29/2010 14:00,USD,Medium Impact Expected,Treasury Sec Geithner Speaks,,,
3/29/2010 19:29,EUR,Medium Impact Expected,German Prelim CPI m/m,,,
3/30/2010 19:30,EUR,Low Impact Expected,Italian Prelim CPI m/m,,,
3/31/2010 9:00,EUR,Medium Impact Expected,CPI Flash Estimate y/y,,,
3/31/2010 15:00,USD,Medium Impact Expected,Treasury Sec Geithner Speaks,,,
3/31/2010 16:30,USD,Low Impact Expected,FOMC Member Duke Speaks,,,
4/1/2010 20:00,USD,Medium Impact Expected,FOMC Member Bullard Speaks,,,
4/1/2010 21:00,USD,Low Impact Expected,FOMC Member Dudley Speaks,,,
4/6/2010 18:00,USD,High Impact Expected,FOMC Meeting Minutes,,,
4/6/2010 19:30,USD,Medium Impact Expected,Treasury Sec Geithner Speaks,,,
4/6/2010 19:30,EUR,Low Impact Expected,PPI m/m,,,
4/7/2010 16:15,USD,Low Impact Expected,FOMC Member Dudley Speaks,,,
4/7/2010 17:30,USD,High Impact Expected,Fed Chairman Bernanke Speaks,,,
4/7/2010 18:00,USD,Medium Impact Expected,FOMC Member Hoenig Speaks,,,
4/7/2010 19:30,USD,Low Impact Expected,FOMC Member Duke Speaks,,,
4/8/2010 12:30,EUR,High Impact Expected,ECB Press Conference,,,
4/8/2010 14:30,USD,Low Impact Expected,FOMC Member Tarullo Speaks,,,
4/8/2010 20:00,USD,Medium Impact Expected,FOMC Member Kohn Speaks,,,
4/9/2010 0:30,USD,High Impact Expected,Fed Chairman Bernanke Speaks,,,
4/9/2010 15:30,EUR,Medium Impact Expected,ECB President Trichet Speaks,,,
4/10/2010 7:45,EUR,Medium Impact Expected,ECB President Trichet Speaks,,,
4/13/2010 6:00,EUR,Low Impact Expected,German Final CPI m/m,,,
4/13/2010 6:45,EUR,Low Impact Expected,French Final CPI m/m,,,
4/13/2010 14:45,USD,Low Impact Expected,FOMC Member Tarullo Speaks,,,
4/13/2010 16:45,USD,Medium Impact Expected,Treasury Sec Geithner Speaks,,,
4/13/2010 19:30,USD,High Impact Expected,CPI y/y,,,
4/13/2010 19:30,USD,Medium Impact Expected,CPI m/m,,,
4/13/2010 23:00,USD,High Impact Expected,Fed Chairman Bernanke Speaks,,,
4/14/2010 12:30,USD,High Impact Expected,Core CPI m/m,,,
4/14/2010 13:30,USD,Medium Impact Expected,FOMC Member Pianalto Speaks,,,
4/14/2010 14:00,USD,High Impact Expected,Fed Chairman Bernanke Testifies,,,
4/15/2010 8:00,EUR,Medium Impact Expected,ECB Monthly Bulletin,,,
4/15/2010 14:00,USD,High Impact Expected,Philly Fed Manufacturing Index,,,
4/15/2010 16:15,USD,Medium Impact Expected,FOMC Member Bullard Speaks,,,
4/15/2010 19:30,EUR,Medium Impact Expected,Final CPI y/y,,,
4/16/2010 9:00,EUR,Medium Impact Expected,Final Core CPI y/y,,,
4/16/2010 13:00,USD,Medium Impact Expected,FOMC Member Warsh Speaks,,,
4/16/2010 17:00,USD,Medium Impact Expected,FOMC Member Hoenig Speaks,,,
4/19/2010 13:00,USD,High Impact Expected,Fed Chairman Bernanke Speaks,,,
4/19/2010 20:00,USD,Low Impact Expected,FOMC Member Duke Speaks,,,
4/20/2010 6:00,EUR,Medium Impact Expected,German PPI m/m,,,
4/20/2010 15:00,USD,High Impact Expected,Fed Chairman Bernanke Testifies,,,
4/20/2010 16:00,EUR,Medium Impact Expected,German Buba President Weber Speaks,,,
4/21/2010 14:15,USD,Medium Impact Expected,Fed Chairman Bernanke Speaks,,,
4/21/2010 19:30,USD,High Impact Expected,PPI m/m,,,
4/21/2010 19:30,USD,Medium Impact Expected,Core PPI m/m,,,
4/22/2010 11:00,EUR,Medium Impact Expected,ECB President Trichet Speaks,,,
4/22/2010 15:55,USD,Medium Impact Expected,President Obama Speaks,,,
4/23/2010 22:00,USD,Medium Impact Expected,Treasury Sec Geithner Speaks,,,
4/26/2010 16:30,EUR,Medium Impact Expected,ECB President Trichet Speaks,,,
4/26/2010 19:30,USD,High Impact Expected,Fed Chairman Bernanke Testifies,,,
4/27/2010 14:15,EUR,Medium Impact Expected,ECB President Trichet Speaks,,,
4/27/2010 16:30,USD,Low Impact Expected,Treasury Sec Geithner Speaks,,,
4/27/2010 17:15,EUR,Medium Impact Expected,ECB President Trichet Speaks,,,
4/27/2010 19:30,USD,High Impact Expected,FOMC Statement,,,
4/28/2010 8:30,EUR,Medium Impact Expected,German Buba President Weber Speaks,,,
4/28/2010 19:29,EUR,Medium Impact Expected,German Prelim CPI m/m,,,
4/29/2010 11:30,EUR,Medium Impact Expected,ECB President Trichet Speaks,,,
4/29/2010 18:30,USD,Low Impact Expected,Treasury Sec Geithner Speaks,,,
4/29/2010 19:30,EUR,Low Impact Expected,Italian Prelim CPI m/m,,,
4/30/2010 9:00,EUR,Medium Impact Expected,CPI Flash Estimate y/y,,,
5/1/2010 17:00,USD,Low Impact Expected,FOMC Member Duke Speaks,,,
5/3/2010 9:00,EUR,Medium Impact Expected,German Buba President Weber Speaks,,,
5/3/2010 19:30,USD,Low Impact Expected,Treasury Sec Geithner Speaks,,,
5/4/2010 9:00,EUR,Low Impact Expected,PPI m/m,,,
5/5/2010 8:30,EUR,Medium Impact Expected,German Buba President Weber Speaks,,,
5/5/2010 10:00,EUR,Medium Impact Expected,German Buba President Weber Speaks,,,
5/5/2010 12:30,USD,Medium Impact Expected,FOMC Member Rosengren Speaks,,,
5/5/2010 19:30,EUR,High Impact Expected,ECB Press Conference,,,
5/5/2010 23:00,USD,Medium Impact Expected,FOMC Member Rosengren Speaks,,,
5/6/2010 13:00,USD,Medium Impact Expected,Treasury Sec Geithner Speaks,,,
5/6/2010 13:10,USD,Medium Impact Expected,FOMC Member Bullard Speaks,,,
5/6/2010 13:30,USD,High Impact Expected,Fed Chairman Bernanke Speaks,,,
5/6/2010 15:30,EUR,Medium Impact Expected,ECB President Trichet Speaks,,,
5/8/2010 13:30,USD,Medium Impact Expected,Fed Chairman Bernanke Speaks,,,
5/10/2010 1:15,USD,High Impact Expected,Fed Announcement,,,
5/10/2010 12:45,EUR,Medium Impact Expected,ECB President Trichet Speaks,,,
5/10/2010 16:00,USD,High Impact Expected,Fed Announcement,,,
5/11/2010 6:00,EUR,Low Impact Expected,German Final CPI m/m,,,
5/11/2010 14:15,EUR,Medium Impact Expected,German Buba President Weber Speaks,,,
5/12/2010 6:45,EUR,Low Impact Expected,French Final CPI m/m,,,
5/12/2010 14:15,USD,Medium Impact Expected,FOMC Member Rosengren Speaks,,,
5/12/2010 17:15,USD,Medium Impact Expected,FOMC Member Bullard Speaks,,,
5/13/2010 8:00,EUR,Medium Impact Expected,ECB Monthly Bulletin,,,
5/13/2010 13:00,USD,Medium Impact Expected,FOMC Member Kohn Speaks,,,
5/13/2010 16:30,USD,High Impact Expected,Fed Chairman Bernanke Speaks,,,
5/14/2010 12:20,EUR,Medium Impact Expected,German Buba President Weber Speaks,,,
5/17/2010 19:30,EUR,Medium Impact Expected,Final Core CPI y/y,,,
5/17/2010 19:30,EUR,Medium Impact Expected,Final CPI y/y,,,
5/17/2010 19:30,USD,Medium Impact Expected,Core PPI m/m,,,
5/17/2010 19:30,EUR,Medium Impact Expected,German Buba President Weber Speaks,,,
5/17/2010 19:30,USD,High Impact Expected,PPI m/m,,,
5/18/2010 16:20,USD,Medium Impact Expected,FOMC Member Pianalto Speaks,,,
5/18/2010 19:30,USD,High Impact Expected,CPI y/y,,,
5/18/2010 19:30,USD,High Impact Expected,CPI m/m,,,
5/18/2010 19:30,USD,High Impact Expected,Core CPI m/m,,,
5/19/2010 15:00,EUR,Medium Impact Expected,ECB President Trichet Speaks,,,
5/19/2010 17:30,EUR,Medium Impact Expected,German Buba President Weber Speaks,,,
5/19/2010 18:00,USD,High Impact Expected,FOMC Meeting Minutes,,,
5/19/2010 19:30,USD,High Impact Expected,Philly Fed Manufacturing Index,,,
5/20/2010 6:00,EUR,Medium Impact Expected,German PPI m/m,,,
5/21/2010 23:00,USD,Low Impact Expected,FOMC Member Dudley Speaks,,,
5/23/2010 18:00,USD,Medium Impact Expected,FOMC Member Pianalto Speaks,,,
5/25/2010 15:15,USD,Medium Impact Expected,FOMC Member Bullard Speaks,,,
5/25/2010 19:30,USD,High Impact Expected,Fed Chairman Bernanke Speaks,,,
5/27/2010 6:40,USD,Medium Impact Expected,FOMC Member Bullard Speaks,,,
5/27/2010 9:00,EUR,Medium Impact Expected,German Buba President Weber Speaks,,,
5/27/2010 19:29,EUR,Medium Impact Expected,German Prelim CPI m/m,,,
5/27/2010 19:30,EUR,Medium Impact Expected,German Buba President Weber Speaks,,,
5/30/2010 19:30,EUR,High Impact Expected,ECB President Trichet Speaks,,,
5/30/2010 19:30,EUR,Low Impact Expected,Italian Prelim CPI m/m,,,
5/31/2010 0:25,USD,High Impact Expected,Fed Chairman Bernanke Speaks,,,
5/31/2010 8:00,EUR,High Impact Expected,ECB President Trichet Speaks,,,
5/31/2010 9:00,EUR,Medium Impact Expected,CPI Flash Estimate y/y,,,
5/31/2010 10:00,EUR,Low Impact Expected,ECB Financial Stability Review,,,
6/1/2010 5:00,EUR,Medium Impact Expected,German Buba President Weber Speaks,,,
6/2/2010 9:00,EUR,Low Impact Expected,PPI m/m,,,
6/2/2010 14:00,EUR,Medium Impact Expected,German Buba President Weber Speaks,,,
6/3/2010 15:15,USD,Medium Impact Expected,Fed Chairman Bernanke Speaks,,,
6/3/2010 16:15,USD,Medium Impact Expected,FOMC Member Rosengren Speaks,,,
6/3/2010 17:15,USD,Medium Impact Expected,FOMC Member Hoenig Speaks,,,
6/5/2010 8:30,USD,Medium Impact Expected,Treasury Sec Geithner Speaks,,,
6/7/2010 23:55,USD,High Impact Expected,Fed Chairman Bernanke Speaks,,,
6/8/2010 12:25,USD,Low Impact Expected,FOMC Member Duke Speaks,,,
6/8/2010 23:00,USD,Medium Impact Expected,FOMC Member Hoenig Speaks,,,
6/9/2010 14:00,USD,High Impact Expected,Fed Chairman Bernanke Testifies,,,
6/9/2010 19:30,EUR,High Impact Expected,ECB Press Conference,,,
6/9/2010 20:00,USD,High Impact Expected,Fed Chairman Bernanke Speaks,,,
6/10/2010 6:00,EUR,Low Impact Expected,German Final CPI m/m,,,
6/11/2010 6:45,EUR,Low Impact Expected,French Final CPI m/m,,,
6/14/2010 9:15,USD,Medium Impact Expected,FOMC Member Bullard Speaks,,,
6/15/2010 10:15,USD,Medium Impact Expected,FOMC Member Bullard Speaks,,,
6/15/2010 19:30,EUR,Medium Impact Expected,Final CPI y/y,,,
6/15/2010 19:30,USD,High Impact Expected,PPI m/m,,,
6/15/2010 19:30,USD,Medium Impact Expected,Core PPI m/m,,,
6/15/2010 19:30,EUR,Medium Impact Expected,Final Core CPI y/y,,,
6/16/2010 19:30,USD,High Impact Expected,CPI y/y,,,
6/16/2010 19:30,USD,High Impact Expected,Fed Chairman Bernanke Speaks,,,
6/16/2010 19:30,USD,High Impact Expected,Core CPI m/m,,,
6/16/2010 19:30,USD,Medium Impact Expected,CPI m/m,,,
6/17/2010 8:00,EUR,Medium Impact Expected,ECB Monthly Bulletin,,,
6/17/2010 12:00,EUR,Medium Impact Expected,German Buba President Weber Speaks,,,
6/17/2010 14:00,USD,High Impact Expected,Philly Fed Manufacturing Index,,,
6/18/2010 6:00,EUR,Medium Impact Expected,German PPI m/m,,,
6/21/2010 14:30,EUR,High Impact Expected,ECB President Trichet Speaks,,,
6/21/2010 19:30,USD,Medium Impact Expected,Treasury Sec Geithner Speaks,,,
6/22/2010 19:30,USD,High Impact Expected,FOMC Statement,,,
6/28/2010 16:00,EUR,Medium Impact Expected,German Buba President Weber Speaks,,,
6/28/2010 16:45,USD,Medium Impact Expected,FOMC Member Warsh Speaks,,,
6/28/2010 19:29,EUR,Medium Impact Expected,German Prelim CPI m/m,,,
6/29/2010 19:30,EUR,Low Impact Expected,Italian Prelim CPI m/m,,,
6/30/2010 9:00,EUR,Medium Impact Expected,CPI Flash Estimate y/y,,,
6/30/2010 13:00,USD,Low Impact Expected,FOMC Member Duke Speaks,,,
6/30/2010 14:30,EUR,Medium Impact Expected,ECB President Trichet Speaks,,,
7/1/2010 19:30,EUR,Low Impact Expected,PPI m/m,,,
7/7/2010 19:30,EUR,High Impact Expected,ECB Press Conference,,,
7/9/2010 6:00,EUR,Low Impact Expected,German Final CPI m/m,,,
7/9/2010 6:50,EUR,Medium Impact Expected,ECB President Trichet Speaks,,,
7/12/2010 14:00,USD,High Impact Expected,Fed Chairman Bernanke Speaks,,,
7/12/2010 21:15,USD,Low Impact Expected,FOMC Member Duke Speaks,,,
7/13/2010 6:45,EUR,Low Impact Expected,French Final CPI m/m,,,
7/13/2010 19:30,EUR,Medium Impact Expected,Final CPI y/y,,,
7/14/2010 9:00,EUR,Medium Impact Expected,Final Core CPI y/y,,,
7/14/2010 18:00,USD,High Impact Expected,FOMC Meeting Minutes,,,
7/14/2010 19:30,USD,Medium Impact Expected,Core PPI m/m,,,
7/14/2010 19:30,USD,High Impact Expected,Philly Fed Manufacturing Index,,,
7/14/2010 19:30,USD,High Impact Expected,PPI m/m,,,
7/15/2010 8:00,EUR,Medium Impact Expected,ECB Monthly Bulletin,,,
7/15/2010 14:00,USD,High Impact Expected,Fed Gov Nomination Hearings,,,
7/15/2010 19:30,USD,High Impact Expected,CPI y/y,,,
7/15/2010 19:30,USD,Medium Impact Expected,CPI m/m,,,
7/15/2010 19:30,USD,High Impact Expected,Core CPI m/m,,,
7/19/2010 13:00,USD,Low Impact Expected,FOMC Member Duke Speaks,,,
7/20/2010 6:00,EUR,Medium Impact Expected,German PPI m/m,,,
7/20/2010 14:00,USD,Low Impact Expected,FOMC Member Tarullo Speaks,,,
7/20/2010 19:30,USD,Low Impact Expected,Fed Monetary Policy Report,,,
7/21/2010 18:00,USD,High Impact Expected,Fed Chairman Bernanke Testifies,,,
7/21/2010 19:30,USD,Low Impact Expected,FOMC Member Dudley Speaks,,,
7/22/2010 13:30,USD,High Impact Expected,Fed Chairman Bernanke Testifies,,,
7/28/2010 19:29,EUR,Medium Impact Expected,German Prelim CPI m/m,,,
7/29/2010 19:30,EUR,Low Impact Expected,Italian Prelim CPI m/m,,,
7/30/2010 9:00,EUR,Medium Impact Expected,CPI Flash Estimate y/y,,,
8/2/2010 14:15,USD,High Impact Expected,Fed Chairman Bernanke Speaks,,,
8/2/2010 20:00,USD,Medium Impact Expected,Treasury Sec Geithner Speaks,,,
8/3/2010 9:00,EUR,Low Impact Expected,PPI m/m,,,
8/4/2010 19:30,EUR,High Impact Expected,ECB Press Conference,,,
8/4/2010 20:00,USD,Medium Impact Expected,Treasury Sec Geithner Speaks,,,
8/5/2010 16:00,USD,Medium Impact Expected,Treasury Sec Geithner Speaks,,,
8/6/2010 7:30,EUR,Medium Impact Expected,ECB President Trichet Speaks,,,
8/9/2010 19:30,USD,High Impact Expected,FOMC Statement,,,
8/10/2010 6:00,EUR,Low Impact Expected,German Final CPI m/m,,,
8/12/2010 8:00,EUR,Medium Impact Expected,ECB Monthly Bulletin,,,
8/12/2010 14:00,USD,Low Impact Expected,FOMC Member Duke Speaks,,,
8/12/2010 19:30,USD,Medium Impact Expected,CPI m/m,,,
8/12/2010 19:30,USD,High Impact Expected,CPI y/y,,,
8/12/2010 19:30,EUR,Low Impact Expected,French Final CPI m/m,,,
8/12/2010 19:30,USD,High Impact Expected,Core CPI m/m,,,
8/13/2010 15:30,USD,Medium Impact Expected,FOMC Member Hoenig Speaks,,,
8/15/2010 19:30,EUR,Medium Impact Expected,Final CPI y/y,,,
8/16/2010 9:00,EUR,Medium Impact Expected,Final Core CPI y/y,,,
8/16/2010 19:30,USD,High Impact Expected,PPI m/m,,,
8/16/2010 19:30,USD,Medium Impact Expected,Core PPI m/m,,,
8/17/2010 13:00,USD,Medium Impact Expected,Treasury Sec Geithner Speaks,,,
8/19/2010 6:00,EUR,Medium Impact Expected,German PPI m/m,,,
8/19/2010 14:00,USD,High Impact Expected,Philly Fed Manufacturing Index,,,
8/19/2010 16:30,USD,Medium Impact Expected,FOMC Member Bullard Speaks,,,
8/23/2010 14:30,USD,Medium Impact Expected,FOMC Member Hoenig Speaks,,,
8/27/2010 14:00,USD,High Impact Expected,Fed Chairman Bernanke Speaks,,,
8/27/2010 16:50,EUR,Medium Impact Expected,ECB President Trichet Speaks,,,
8/27/2010 19:29,EUR,Medium Impact Expected,German Prelim CPI m/m,,,
8/30/2010 16:30,USD,Low Impact Expected,President Obama Speaks,,,
8/30/2010 17:30,USD,Medium Impact Expected,FOMC Member Bullard Speaks,,,
8/30/2010 19:30,EUR,Low Impact Expected,Italian Prelim CPI m/m,,,
8/31/2010 9:00,EUR,Medium Impact Expected,CPI Flash Estimate y/y,,,
8/31/2010 18:00,USD,High Impact Expected,FOMC Meeting Minutes,,,
9/1/2010 14:45,USD,Low Impact Expected,FOMC Member Duke Speaks,,,
9/2/2010 9:00,EUR,Low Impact Expected,PPI m/m,,,
9/2/2010 12:30,EUR,High Impact Expected,ECB Press Conference,,,
9/2/2010 13:00,USD,High Impact Expected,Fed Chairman Bernanke Testifies,,,
9/4/2010 11:15,EUR,Medium Impact Expected,ECB President Trichet Speaks,,,
9/5/2010 18:00,EUR,Medium Impact Expected,ECB President Trichet Speaks,,,
9/6/2010 19:10,USD,Low Impact Expected,President Obama Speaks,,,
9/8/2010 7:45,EUR,Medium Impact Expected,German Buba President Weber Speaks,,,
9/9/2010 6:00,EUR,Low Impact Expected,German Final CPI m/m,,,
9/9/2010 8:00,EUR,Medium Impact Expected,ECB Monthly Bulletin,,,
9/9/2010 14:00,EUR,Medium Impact Expected,German Buba President Weber Speaks,,,
9/13/2010 12:00,EUR,High Impact Expected,ECB President Trichet Speaks,,,
9/13/2010 19:30,EUR,Medium Impact Expected,German Buba President Weber Speaks,,,
9/14/2010 5:30,EUR,Low Impact Expected,French Final CPI m/m,,,
9/14/2010 19:30,EUR,Medium Impact Expected,Final CPI y/y,,,
9/14/2010 19:30,EUR,Medium Impact Expected,Final Core CPI y/y,,,
9/15/2010 19:30,USD,High Impact Expected,Treasury Sec Geithner Speaks,,,
9/15/2010 19:30,USD,Medium Impact Expected,Core PPI m/m,,,
9/16/2010 12:30,USD,High Impact Expected,PPI m/m,,,
9/16/2010 14:00,USD,High Impact Expected,Philly Fed Manufacturing Index,,,
9/16/2010 18:00,USD,Medium Impact Expected,Treasury Sec Geithner Speaks,,,
9/16/2010 19:30,USD,High Impact Expected,CPI y/y,,,
9/16/2010 19:30,USD,Medium Impact Expected,CPI m/m,,,
9/17/2010 6:00,EUR,Medium Impact Expected,German PPI m/m,,,
9/17/2010 7:30,EUR,Medium Impact Expected,German Buba President Weber Speaks,,,
9/17/2010 12:30,USD,High Impact Expected,Core CPI m/m,,,
9/17/2010 15:30,USD,Low Impact Expected,FOMC Member Tarullo Speaks,,,
9/19/2010 17:00,EUR,Medium Impact Expected,ECB President Trichet Speaks,,,
9/20/2010 19:30,USD,High Impact Expected,FOMC Statement,,,
9/22/2010 18:00,USD,Medium Impact Expected,Treasury Sec Geithner Speaks,,,
9/24/2010 13:00,USD,Low Impact Expected,FOMC Member Duke Speaks,,,
9/24/2010 20:30,USD,High Impact Expected,Fed Chairman Bernanke Speaks,,,
9/27/2010 7:00,EUR,Medium Impact Expected,ECB President Trichet Speaks,,,
9/27/2010 13:00,EUR,High Impact Expected,ECB President Trichet Speaks,,,
9/28/2010 20:29,EUR,Medium Impact Expected,German Prelim CPI m/m,,,
9/28/2010 20:30,USD,Medium Impact Expected,FOMC Member Warsh Speaks,,,
9/29/2010 17:15,USD,Medium Impact Expected,FOMC Member Rosengren Speaks,,,
9/29/2010 20:30,EUR,Low Impact Expected,Italian Prelim CPI m/m,,,
9/30/2010 9:00,EUR,Medium Impact Expected,CPI Flash Estimate y/y,,,
9/30/2010 14:00,USD,High Impact Expected,Fed Chairman Bernanke Testifies,,,
9/30/2010 18:30,USD,High Impact Expected,Fed Chairman Bernanke Speaks,,,
9/30/2010 20:30,USD,Low Impact Expected,FOMC Member Dudley Speaks,,,
10/4/2010 9:00,EUR,Low Impact Expected,PPI m/m,,,
10/4/2010 19:00,USD,High Impact Expected,Fed Chairman Bernanke Speaks,,,
10/4/2010 23:30,USD,High Impact Expected,Fed Chairman Bernanke Speaks,,,
10/6/2010 13:00,USD,Medium Impact Expected,Treasury Sec Geithner Speaks,,,
10/6/2010 20:30,EUR,High Impact Expected,ECB Press Conference,,,
10/7/2010 17:30,USD,Medium Impact Expected,FOMC Member Hoenig Speaks,,,
10/7/2010 20:30,EUR,Medium Impact Expected,ECB President Trichet Speaks,,,
10/7/2010 20:30,USD,Low Impact Expected,FOMC Member Tarullo Speaks,,,
10/10/2010 12:45,USD,Low Impact Expected,FOMC Member Dudley Speaks,,,
10/11/2010 17:30,EUR,Medium Impact Expected,ECB President Trichet Speaks,,,
10/11/2010 18:45,USD,Medium Impact Expected,FOMC Member Yellen Speaks,,,
10/12/2010 6:00,EUR,Low Impact Expected,German Final CPI m/m,,,
10/12/2010 15:45,USD,Medium Impact Expected,FOMC Member Hoenig Speaks,,,
10/12/2010 16:20,EUR,Medium Impact Expected,ECB President Trichet Speaks,,,
10/12/2010 18:00,USD,High Impact Expected,FOMC Meeting Minutes,,,
10/13/2010 5:30,EUR,Low Impact Expected,French Final CPI m/m,,,
10/13/2010 20:10,USD,High Impact Expected,Fed Chairman Bernanke Speaks,,,
10/13/2010 20:30,USD,Medium Impact Expected,Core PPI m/m,,,
10/13/2010 20:30,USD,High Impact Expected,PPI m/m,,,
10/14/2010 8:00,EUR,Medium Impact Expected,ECB Monthly Bulletin,,,
10/14/2010 10:00,EUR,Medium Impact Expected,German Buba President Weber Speaks,,,
10/14/2010 20:30,USD,High Impact Expected,Core CPI m/m,,,
10/14/2010 20:30,USD,Medium Impact Expected,CPI m/m,,,
10/14/2010 20:30,EUR,Medium Impact Expected,Final CPI y/y,,,
10/14/2010 20:30,USD,High Impact Expected,CPI y/y,,,
10/15/2010 9:00,EUR,Medium Impact Expected,Final Core CPI y/y,,,
10/15/2010 12:15,USD,High Impact Expected,Fed Chairman Bernanke Speaks,,,
10/16/2010 11:00,EUR,Medium Impact Expected,ECB President Trichet Speaks,,,
10/16/2010 12:15,USD,Medium Impact Expected,FOMC Member Rosengren Speaks,,,
10/17/2010 8:00,EUR,Medium Impact Expected,ECB President Trichet Speaks,,,
10/18/2010 20:00,USD,Medium Impact Expected,Treasury Sec Geithner Speaks,,,
10/18/2010 20:30,USD,Low Impact Expected,FOMC Member Dudley Speaks,,,
10/18/2010 20:30,USD,Medium Impact Expected,FOMC Member Yellen Speaks,,,
10/19/2010 12:30,EUR,Medium Impact Expected,ECB President Trichet Speaks,,,
10/19/2010 14:00,EUR,Medium Impact Expected,German Buba President Weber Speaks,,,
10/19/2010 20:00,USD,Medium Impact Expected,Fed Chairman Bernanke Speaks,,,
10/19/2010 20:30,USD,Low Impact Expected,FOMC Member Duke Speaks,,,
10/20/2010 6:00,EUR,Medium Impact Expected,German PPI m/m,,,
10/20/2010 20:30,USD,High Impact Expected,Philly Fed Manufacturing Index,,,
10/21/2010 18:00,USD,Medium Impact Expected,FOMC Member Bullard Speaks,,,
10/22/2010 1:45,USD,Medium Impact Expected,FOMC Member Hoenig Speaks,,,
10/23/2010 8:45,USD,Medium Impact Expected,Treasury Sec Geithner Speaks,,,
10/25/2010 12:30,USD,High Impact Expected,Fed Chairman Bernanke Speaks,,,
10/25/2010 17:30,USD,Medium Impact Expected,FOMC Member Bullard Speaks,,,
10/25/2010 20:30,USD,Low Impact Expected,FOMC Member Dudley Speaks,,,
10/26/2010 0:00,USD,Medium Impact Expected,FOMC Member Hoenig Speaks,,,
10/26/2010 17:00,EUR,Medium Impact Expected,German Buba President Weber Speaks,,,
10/26/2010 20:30,USD,Low Impact Expected,FOMC Member Dudley Speaks,,,
10/26/2010 20:30,USD,Low Impact Expected,FOMC Member Dudley Speaks,,,
10/27/2010 20:29,EUR,Medium Impact Expected,German Prelim CPI m/m,,,
10/28/2010 7:00,EUR,Medium Impact Expected,German Buba President Weber Speaks,,,
10/28/2010 8:30,EUR,Medium Impact Expected,ECB President Trichet Speaks,,,
10/28/2010 20:30,EUR,Low Impact Expected,Italian Prelim CPI m/m,,,
10/29/2010 9:00,EUR,Medium Impact Expected,CPI Flash Estimate y/y,,,
11/2/2010 20:30,USD,High Impact Expected,FOMC Statement,,,
11/4/2010 10:00,EUR,Low Impact Expected,PPI m/m,,,
11/4/2010 13:30,EUR,High Impact Expected,ECB Press Conference,,,
11/5/2010 13:30,USD,Medium Impact Expected,FOMC Member Hoenig Speaks,,,
11/5/2010 17:20,USD,Medium Impact Expected,FOMC Member Bullard Speaks,,,
11/5/2010 18:00,USD,High Impact Expected,Fed Chairman Bernanke Speaks,,,
11/6/2010 6:30,USD,Medium Impact Expected,Treasury Sec Geithner Speaks,,,
11/8/2010 17:30,USD,Medium Impact Expected,FOMC Member Bullard Speaks,,,
11/8/2010 20:30,USD,Medium Impact Expected,FOMC Member Warsh Speaks,,,
11/9/2010 7:00,EUR,Low Impact Expected,German Final CPI m/m,,,
11/10/2010 6:30,EUR,Low Impact Expected,French Final CPI m/m,,,
11/10/2010 18:00,EUR,High Impact Expected,ECB President Trichet Speaks,,,
11/11/2010 9:00,EUR,Medium Impact Expected,ECB Monthly Bulletin,,,
11/12/2010 13:35,USD,Low Impact Expected,FOMC Member Tarullo Speaks,,,
11/12/2010 21:35,USD,Medium Impact Expected,FOMC Member Raskin Speaks,,,
11/13/2010 8:00,EUR,Medium Impact Expected,ECB President Trichet Speaks,,,
11/15/2010 20:30,EUR,Medium Impact Expected,Final CPI y/y,,,
11/15/2010 20:30,USD,High Impact Expected,PPI m/m,,,
11/15/2010 20:30,EUR,Medium Impact Expected,Final Core CPI y/y,,,
11/15/2010 20:30,USD,Medium Impact Expected,Core PPI m/m,,,
11/16/2010 20:30,USD,High Impact Expected,CPI y/y,,,
11/16/2010 20:30,USD,High Impact Expected,Core CPI m/m,,,
11/16/2010 20:30,USD,Medium Impact Expected,CPI m/m,,,
11/17/2010 13:00,USD,Medium Impact Expected,FOMC Member Rosengren Speaks,,,
11/17/2010 14:15,USD,Medium Impact Expected,FOMC Member Bullard Speaks,,,
11/17/2010 20:30,EUR,Medium Impact Expected,ECB President Trichet Speaks,,,
11/17/2010 20:30,USD,Low Impact Expected,FOMC Member Duke Speaks,,,
11/18/2010 15:00,USD,High Impact Expected,Philly Fed Manufacturing Index,,,
11/18/2010 17:00,USD,Medium Impact Expected,FOMC Member Warsh Speaks,,,
11/18/2010 20:30,USD,High Impact Expected,Fed Chairman Bernanke Speaks,,,
11/19/2010 7:00,EUR,Medium Impact Expected,German PPI m/m,,,
11/19/2010 10:15,USD,High Impact Expected,Fed Chairman Bernanke Speaks,,,
11/19/2010 10:45,EUR,Medium Impact Expected,ECB President Trichet Speaks,,,
11/19/2010 12:30,EUR,Medium Impact Expected,German Buba President Weber Speaks,,,
11/19/2010 14:15,EUR,Medium Impact Expected,ECB President Trichet Speaks,,,
11/22/2010 16:00,EUR,High Impact Expected,ECB President Trichet Speaks,,,
11/23/2010 19:00,USD,High Impact Expected,FOMC Meeting Minutes,,,
11/24/2010 18:00,EUR,Medium Impact Expected,German Buba President Weber Speaks,,,
11/26/2010 20:29,EUR,Medium Impact Expected,German Prelim CPI m/m,,,
11/29/2010 20:30,EUR,Low Impact Expected,Italian Prelim CPI m/m,,,
11/30/2010 10:00,EUR,Medium Impact Expected,CPI Flash Estimate y/y,,,
11/30/2010 15:30,EUR,High Impact Expected,ECB President Trichet Speaks,,,
11/30/2010 20:00,USD,High Impact Expected,Fed Chairman Bernanke Speaks,,,
12/1/2010 14:10,USD,Medium Impact Expected,FOMC Member Yellen Speaks,,,
12/2/2010 10:00,EUR,Low Impact Expected,PPI m/m,,,
12/2/2010 13:30,EUR,High Impact Expected,ECB Press Conference,,,
12/2/2010 15:00,EUR,Medium Impact Expected,German Buba President Weber Speaks,,,
12/2/2010 17:30,USD,Medium Impact Expected,FOMC Member Bullard Speaks,,,
12/2/2010 19:00,USD,Low Impact Expected,FOMC Member Duke Speaks,,,
12/3/2010 7:30,EUR,Medium Impact Expected,ECB President Trichet Speaks,,,
12/6/2010 0:00,USD,High Impact Expected,Fed Chairman Bernanke Speaks,,,
12/8/2010 16:00,EUR,Medium Impact Expected,German Buba President Weber Speaks,,,
12/9/2010 7:00,EUR,Low Impact Expected,German Final CPI m/m,,,
12/9/2010 9:00,EUR,Medium Impact Expected,ECB Monthly Bulletin,,,
12/9/2010 11:00,EUR,Low Impact Expected,ECB Financial Stability Review,,,
12/10/2010 16:15,EUR,Medium Impact Expected,ECB President Trichet Speaks,,,
12/13/2010 18:30,EUR,Medium Impact Expected,ECB President Trichet Speaks,,,
12/13/2010 20:30,USD,High Impact Expected,PPI m/m,,,
12/13/2010 20:30,USD,Medium Impact Expected,Core PPI m/m,,,
12/13/2010 20:30,USD,High Impact Expected,FOMC Statement,,,
12/14/2010 6:30,EUR,Low Impact Expected,French Final CPI m/m,,,
12/14/2010 20:30,USD,High Impact Expected,CPI y/y,,,
12/14/2010 20:30,USD,Medium Impact Expected,CPI m/m,,,
12/14/2010 20:30,USD,High Impact Expected,Core CPI m/m,,,
12/15/2010 20:30,EUR,Medium Impact Expected,Final CPI y/y,,,
12/16/2010 10:00,EUR,Medium Impact Expected,Final Core CPI y/y,,,
12/16/2010 15:00,USD,High Impact Expected,Philly Fed Manufacturing Index,,,
12/17/2010 8:15,EUR,Medium Impact Expected,German Buba President Weber Speaks,,,
12/20/2010 7:00,EUR,Medium Impact Expected,German PPI m/m,,,
12/21/2010 14:00,USD,Medium Impact Expected,Fed Announcement,,,
12/29/2010 20:29,EUR,Medium Impact Expected,German Prelim CPI m/m,,,
1/3/2011 20:30,EUR,Low Impact Expected,Italian Prelim CPI m/m,,,
1/4/2011 10:00,EUR,Medium Impact Expected,CPI Flash Estimate y/y,,,
1/4/2011 19:00,USD,High Impact Expected,FOMC Meeting Minutes,,,
1/4/2011 20:30,EUR,Low Impact Expected,PPI m/m,,,
1/7/2011 9:00,EUR,Medium Impact Expected,ECB President Trichet Speaks,,,
1/7/2011 14:30,USD,High Impact Expected,Fed Chairman Bernanke Testifies,,,
1/7/2011 16:35,USD,Low Impact Expected,President Obama Speaks,,,
1/7/2011 18:30,USD,Low Impact Expected,FOMC Member Duke Speaks,,,
1/7/2011 21:30,USD,Medium Impact Expected,FOMC Member Evans Speaks,,,
1/8/2011 21:30,USD,Medium Impact Expected,FOMC Member Yellen Speaks,,,
1/10/2011 12:00,EUR,High Impact Expected,ECB President Trichet Speaks,,,
1/11/2011 13:30,USD,Medium Impact Expected,FOMC Member Plosser Speaks,,,
1/11/2011 19:00,USD,Medium Impact Expected,FOMC Member Kocherlakota Speaks,,,
1/11/2011 20:30,USD,Medium Impact Expected,FOMC Member Fisher Speaks,,,
1/11/2011 20:30,USD,Medium Impact Expected,Treasury Sec Geithner Speaks,,,
1/12/2011 20:30,USD,Medium Impact Expected,Core PPI m/m,,,
1/12/2011 20:30,EUR,High Impact Expected,ECB Press Conference,,,
1/12/2011 20:30,USD,High Impact Expected,PPI m/m,,,
1/13/2011 6:30,EUR,Low Impact Expected,French Final CPI m/m,,,
1/13/2011 18:00,USD,High Impact Expected,Fed Chairman Bernanke Speaks,,,
1/13/2011 20:30,USD,High Impact Expected,CPI y/y,,,
1/13/2011 20:30,USD,High Impact Expected,Core CPI m/m,,,
1/13/2011 20:30,EUR,Medium Impact Expected,Final CPI y/y,,,
1/13/2011 20:30,USD,Medium Impact Expected,CPI m/m,,,
1/14/2011 7:00,EUR,Low Impact Expected,German Final CPI m/m,,,
1/14/2011 10:00,EUR,Medium Impact Expected,Final Core CPI y/y,,,
1/17/2011 12:15,USD,Medium Impact Expected,FOMC Member Plosser Speaks,,,
1/19/2011 20:30,USD,High Impact Expected,Philly Fed Manufacturing Index,,,
1/20/2011 7:00,EUR,Medium Impact Expected,German PPI m/m,,,
1/20/2011 9:00,EUR,Medium Impact Expected,ECB Monthly Bulletin,,,
1/21/2011 18:05,USD,Low Impact Expected,President Obama Speaks,,,
1/25/2011 20:30,USD,Medium Impact Expected,President Obama Speaks,,,
1/25/2011 20:30,USD,High Impact Expected,FOMC Statement,,,
1/27/2011 20:29,EUR,Medium Impact Expected,German Prelim CPI m/m,,,
1/28/2011 11:00,USD,Medium Impact Expected,Treasury Sec Geithner Speaks,,,
1/31/2011 10:00,EUR,Medium Impact Expected,CPI Flash Estimate y/y,,,
2/1/2011 16:15,EUR,Medium Impact Expected,ECB President Trichet Speaks,,,
2/2/2011 10:00,EUR,Low Impact Expected,PPI m/m,,,
2/2/2011 22:30,USD,Low Impact Expected,FOMC Member Duke Speaks,,,
2/3/2011 13:30,EUR,High Impact Expected,ECB Press Conference,,,
2/3/2011 17:30,USD,High Impact Expected,Fed Chairman Bernanke Speaks,,,
2/4/2011 1:00,USD,Medium Impact Expected,FOMC Member Kocherlakota Speaks,,,
2/4/2011 10:00,EUR,Low Impact Expected,Italian Prelim CPI m/m,,,
2/4/2011 11:30,EUR,Medium Impact Expected,ECB President Trichet Speaks,,,
2/4/2011 18:00,USD,Medium Impact Expected,FOMC Member Fisher Speaks,,,
2/7/2011 13:00,EUR,Medium Impact Expected,German Buba President Weber Speaks,,,
2/7/2011 14:00,EUR,High Impact Expected,ECB President Trichet Speaks,,,
2/8/2011 18:00,USD,Medium Impact Expected,FOMC Member Fisher Speaks,,,
2/9/2011 15:00,USD,High Impact Expected,Fed Chairman Bernanke Testifies,,,
2/10/2011 9:00,EUR,Medium Impact Expected,ECB Monthly Bulletin,,,
2/10/2011 12:28,EUR,High Impact Expected,German Buba President Weber Speaks,,,
2/11/2011 7:00,EUR,Low Impact Expected,German Final CPI m/m,,,
2/11/2011 17:30,EUR,Medium Impact Expected,ECB President Trichet Speaks,,,
2/12/2011 2:00,USD,Medium Impact Expected,FOMC Member Raskin Speaks,,,
2/13/2011 17:00,EUR,Medium Impact Expected,ECB President Trichet Speaks,,,
2/14/2011 15:00,USD,Low Impact Expected,FOMC Member Dudley Speaks,,,
2/15/2011 18:00,USD,Low Impact Expected,Treasury Sec Geithner Speaks,,,
2/15/2011 20:30,USD,High Impact Expected,PPI m/m,,,
2/15/2011 20:30,USD,Low Impact Expected,Treasury Sec Geithner Speaks,,,
2/15/2011 20:30,USD,Medium Impact Expected,Core PPI m/m,,,
2/16/2011 15:00,USD,Low Impact Expected,Treasury Sec Geithner Speaks,,,
2/16/2011 19:00,USD,High Impact Expected,FOMC Meeting Minutes,,,
2/16/2011 20:30,USD,Medium Impact Expected,FOMC Member Raskin Speaks,,,
2/16/2011 20:30,USD,High Impact Expected,CPI y/y,,,
2/16/2011 20:30,USD,High Impact Expected,Core CPI m/m,,,
2/16/2011 20:30,USD,High Impact Expected,Philly Fed Manufacturing Index,,,
2/16/2011 20:30,USD,High Impact Expected,Fed Chairman Bernanke Testifies,,,
2/16/2011 20:30,USD,Medium Impact Expected,CPI m/m,,,
2/17/2011 17:20,USD,Medium Impact Expected,FOMC Member Evans Speaks,,,
2/17/2011 18:10,USD,Medium Impact Expected,FOMC Member Fisher Speaks,,,
2/18/2011 7:00,EUR,Medium Impact Expected,German PPI m/m,,,
2/18/2011 13:00,USD,High Impact Expected,Fed Chairman Bernanke Speaks,,,
2/18/2011 14:45,USD,Medium Impact Expected,Treasury Sec Geithner Speaks,,,
2/19/2011 15:30,USD,Medium Impact Expected,Treasury Sec Geithner Speaks,,,
2/22/2011 18:00,USD,Medium Impact Expected,FOMC Member Kocherlakota Speaks,,,
2/22/2011 20:30,USD,Medium Impact Expected,FOMC Member Plosser Speaks,,,
2/23/2011 6:30,EUR,Low Impact Expected,French Final CPI m/m,,,
2/23/2011 17:00,EUR,Medium Impact Expected,ECB President Trichet Speaks,,,
2/23/2011 17:15,EUR,Medium Impact Expected,German Buba President Weber Speaks,,,
2/25/2011 18:30,USD,Medium Impact Expected,FOMC Member Yellen Speaks,,,
2/25/2011 20:29,EUR,Medium Impact Expected,German Prelim CPI m/m,,,
2/27/2011 20:30,USD,Low Impact Expected,FOMC Member Dudley Speaks,,,
2/27/2011 20:30,EUR,Medium Impact Expected,Final CPI y/y,,,
2/28/2011 10:00,EUR,Medium Impact Expected,Final Core CPI y/y,,,
2/28/2011 20:30,EUR,Low Impact Expected,Italian Prelim CPI m/m,,,
2/28/2011 20:30,USD,Low Impact Expected,Fed Monetary Policy Report,,,
3/1/2011 10:00,EUR,Medium Impact Expected,CPI Flash Estimate y/y,,,
3/1/2011 15:00,USD,High Impact Expected,Fed Chairman Bernanke Testifies,,,
3/2/2011 10:00,EUR,Low Impact Expected,PPI m/m,,,
3/2/2011 15:00,USD,High Impact Expected,Fed Chairman Bernanke Testifies,,,
3/2/2011 20:30,USD,High Impact Expected,Fed Chairman Bernanke Speaks,,,
3/3/2011 13:30,EUR,High Impact Expected,ECB Press Conference,,,
3/3/2011 14:00,USD,Medium Impact Expected,FOMC Member Kocherlakota Speaks,,,
3/3/2011 20:30,USD,Medium Impact Expected,FOMC Member Yellen Speaks,,,
3/4/2011 15:25,EUR,Medium Impact Expected,ECB President Trichet Speaks,,,
3/7/2011 12:00,EUR,Medium Impact Expected,ECB President Trichet Speaks,,,
3/7/2011 14:15,USD,Medium Impact Expected,FOMC Member Fisher Speaks,,,
3/7/2011 15:00,USD,Medium Impact Expected,FOMC Member Evans Speaks,,,
3/8/2011 10:00,EUR,Medium Impact Expected,German Buba President Weber Speaks,,,
3/9/2011 18:30,USD,Medium Impact Expected,Treasury Sec Geithner Speaks,,,
3/9/2011 21:00,EUR,Medium Impact Expected,German Buba President Weber Speaks,,,
3/10/2011 9:00,EUR,Medium Impact Expected,ECB Monthly Bulletin,,,
3/10/2011 15:00,EUR,Medium Impact Expected,German Buba President Weber Speaks,,,
3/10/2011 20:30,USD,Low Impact Expected,FOMC Member Dudley Speaks,,,
3/11/2011 7:00,EUR,Low Impact Expected,German Final CPI m/m,,,
3/14/2011 12:00,EUR,Medium Impact Expected,German Buba President Weber Speaks,,,
3/14/2011 20:30,USD,High Impact Expected,FOMC Statement,,,
3/15/2011 6:30,EUR,Low Impact Expected,French Final CPI m/m,,,
3/15/2011 20:30,USD,Medium Impact Expected,Core PPI m/m,,,
3/15/2011 20:30,EUR,Medium Impact Expected,Final CPI y/y,,,
3/15/2011 20:30,EUR,Medium Impact Expected,Final Core CPI y/y,,,
3/15/2011 20:30,USD,High Impact Expected,PPI m/m,,,
3/16/2011 20:30,USD,High Impact Expected,CPI y/y,,,
3/16/2011 20:30,USD,High Impact Expected,Core CPI m/m,,,
3/16/2011 20:30,USD,Medium Impact Expected,CPI m/m,,,
3/17/2011 14:00,USD,High Impact Expected,Philly Fed Manufacturing Index,,,
3/18/2011 7:00,EUR,Medium Impact Expected,German PPI m/m,,,
3/18/2011 16:00,EUR,Medium Impact Expected,ECB President Trichet Speaks,,,
3/21/2011 14:00,EUR,High Impact Expected,ECB President Trichet Speaks,,,
3/21/2011 19:30,USD,Medium Impact Expected,Treasury Sec Geithner Speaks,,,
3/22/2011 11:35,USD,Medium Impact Expected,FOMC Member Fisher Speaks,,,
3/23/2011 11:00,USD,Medium Impact Expected,FOMC Member Fisher Speaks,,,
3/23/2011 16:00,USD,High Impact Expected,Fed Chairman Bernanke Speaks,,,
3/24/2011 19:30,USD,Medium Impact Expected,FOMC Member Kocherlakota Speaks,,,
3/24/2011 19:30,USD,Low Impact Expected,FOMC Member Duke Speaks,,,
3/25/2011 11:30,USD,Medium Impact Expected,FOMC Member Fisher Speaks,,,
3/25/2011 16:15,USD,Medium Impact Expected,FOMC Member Plosser Speaks,,,
3/28/2011 15:00,EUR,Medium Impact Expected,ECB President Trichet Speaks,,,
3/28/2011 19:40,USD,Medium Impact Expected,FOMC Member Evans Speaks,,,
3/29/2011 19:29,EUR,Medium Impact Expected,German Prelim CPI m/m,,,
3/30/2011 7:00,EUR,Low Impact Expected,Spanish Flash CPI y/y,,,
3/30/2011 19:30,EUR,Low Impact Expected,Italian Prelim CPI m/m,,,
3/31/2011 3:15,EUR,Medium Impact Expected,ECB President Trichet Speaks,,,
3/31/2011 9:00,EUR,Medium Impact Expected,CPI Flash Estimate y/y,,,
3/31/2011 16:45,USD,Low Impact Expected,FOMC Member Tarullo Speaks,,,
3/31/2011 19:30,USD,Low Impact Expected,FOMC Member Dudley Speaks,,,
4/1/2011 12:15,USD,Medium Impact Expected,FOMC Member Plosser Speaks,,,
4/4/2011 9:00,EUR,Low Impact Expected,PPI m/m,,,
4/4/2011 13:30,USD,Medium Impact Expected,FOMC Member Evans Speaks,,,
4/4/2011 23:15,USD,High Impact Expected,Fed Chairman Bernanke Speaks,,,
4/5/2011 15:15,USD,Medium Impact Expected,FOMC Member Plosser Speaks,,,
4/5/2011 18:00,USD,High Impact Expected,FOMC Meeting Minutes,,,
4/6/2011 19:30,EUR,High Impact Expected,ECB Press Conference,,,
4/8/2011 14:15,USD,Medium Impact Expected,FOMC Member Fisher Speaks,,,
4/9/2011 18:00,USD,Medium Impact Expected,FOMC Member Yellen Speaks,,,
4/11/2011 9:15,USD,Medium Impact Expected,FOMC Member Dudley Speaks,,,
4/11/2011 15:00,USD,Medium Impact Expected,FOMC Member Evans Speaks,,,
4/11/2011 15:30,EUR,Medium Impact Expected,German Buba President Weber Speaks,,,
4/11/2011 16:15,USD,Medium Impact Expected,FOMC Member Yellen Speaks,,,
4/12/2011 6:00,EUR,Low Impact Expected,German Final CPI m/m,,,
4/12/2011 10:15,USD,Medium Impact Expected,FOMC Member Dudley Speaks,,,
4/12/2011 18:45,USD,Low Impact Expected,FOMC Member Tarullo Speaks,,,
4/12/2011 18:50,USD,Medium Impact Expected,FOMC Member Fisher Speaks,,,
4/13/2011 5:30,EUR,Low Impact Expected,French Final CPI m/m,,,
4/13/2011 17:30,USD,Low Impact Expected,President Obama Speaks,,,
4/13/2011 19:30,USD,Medium Impact Expected,Core PPI m/m,,,
4/13/2011 19:30,USD,High Impact Expected,PPI m/m,,,
4/13/2011 21:00,EUR,Medium Impact Expected,German Buba President Weber Speaks,,,
4/14/2011 8:00,EUR,Medium Impact Expected,ECB Monthly Bulletin,,,
4/14/2011 13:00,USD,Low Impact Expected,FOMC Member Duke Speaks,,,
4/14/2011 13:20,USD,Medium Impact Expected,FOMC Member Kocherlakota Speaks,,,
4/14/2011 16:30,USD,Medium Impact Expected,FOMC Member Plosser Speaks,,,
4/14/2011 17:15,USD,Medium Impact Expected,FOMC Member Tarullo Speaks,,,
4/14/2011 19:30,USD,High Impact Expected,CPI y/y,,,
4/14/2011 19:30,EUR,Medium Impact Expected,Final CPI y/y,,,
4/14/2011 19:30,USD,Medium Impact Expected,CPI m/m,,,
4/15/2011 9:00,EUR,Medium Impact Expected,Final Core CPI y/y,,,
4/15/2011 12:30,USD,High Impact Expected,Core CPI m/m,,,
4/15/2011 14:00,USD,Medium Impact Expected,FOMC Member Evans Speaks,,,
4/18/2011 14:30,USD,Medium Impact Expected,FOMC Member Fisher Speaks,,,
4/18/2011 16:30,USD,Medium Impact Expected,FOMC Member Fisher Speaks,,,
4/20/2011 6:00,EUR,Medium Impact Expected,German PPI m/m,,,
4/20/2011 16:30,USD,High Impact Expected,Fed Chairman Bernanke Testifies,,,
4/21/2011 14:00,USD,High Impact Expected,Philly Fed Manufacturing Index,,,
4/26/2011 19:30,USD,High Impact Expected,FOMC Statement,,,
4/27/2011 18:00,USD,Medium Impact Expected,FOMC Economic Projections,,,
4/27/2011 18:15,USD,High Impact Expected,FOMC Press Conference,,,
4/27/2011 19:29,EUR,Medium Impact Expected,German Prelim CPI m/m,,,
4/27/2011 19:30,USD,Low Impact Expected,FOMC Member Duke Speaks,,,
4/28/2011 19:30,EUR,Low Impact Expected,Spanish Flash CPI y/y,,,
4/28/2011 19:30,EUR,Low Impact Expected,Italian Prelim CPI m/m,,,
4/29/2011 9:00,EUR,Medium Impact Expected,CPI Flash Estimate y/y,,,
4/29/2011 16:30,USD,High Impact Expected,Fed Chairman Bernanke Speaks,,,
5/2/2011 3:35,USD,Low Impact Expected,President Obama Speaks,,,
5/2/2011 9:00,EUR,Medium Impact Expected,ECB President Trichet Speaks,,,
5/3/2011 9:00,EUR,Low Impact Expected,PPI m/m,,,
5/4/2011 19:30,EUR,High Impact Expected,ECB Press Conference,,,
5/4/2011 20:00,USD,Medium Impact Expected,FOMC Member Fisher Speaks,,,
5/5/2011 13:15,USD,Medium Impact Expected,FOMC Member Evans Speaks,,,
5/5/2011 13:23,USD,High Impact Expected,Fed Chairman Bernanke Speaks,,,
5/5/2011 16:45,EUR,Medium Impact Expected,ECB President Trichet Speaks,,,
5/5/2011 17:15,USD,Medium Impact Expected,FOMC Member Kocherlakota Speaks,,,
5/6/2011 11:30,USD,Medium Impact Expected,FOMC Member Yellen Speaks,,,
5/6/2011 14:00,USD,Low Impact Expected,FOMC Member Dudley Speaks,,,
5/10/2011 13:30,USD,Low Impact Expected,FOMC Member Duke Speaks,,,
5/11/2011 6:00,EUR,Low Impact Expected,German Final CPI m/m,,,
5/11/2011 17:00,USD,Medium Impact Expected,FOMC Member Kocherlakota Speaks,,,
5/11/2011 19:30,USD,Medium Impact Expected,Core PPI m/m,,,
5/11/2011 19:30,USD,Medium Impact Expected,FOMC Member Plosser Speaks,,,
5/11/2011 19:30,USD,High Impact Expected,PPI m/m,,,
5/11/2011 19:30,USD,High Impact Expected,Fed Chairman Bernanke Testifies,,,
5/12/2011 5:30,EUR,Low Impact Expected,French Final CPI m/m,,,
5/12/2011 8:00,EUR,Medium Impact Expected,ECB Monthly Bulletin,,,
5/12/2011 19:30,USD,Medium Impact Expected,CPI m/m,,,
5/12/2011 19:30,USD,High Impact Expected,Core CPI m/m,,,
5/12/2011 19:30,USD,High Impact Expected,CPI y/y,,,
5/13/2011 0:00,USD,Medium Impact Expected,Fed Chairman Bernanke Speaks,,,
5/13/2011 8:00,EUR,High Impact Expected,ECB President Trichet Speaks,,,
5/15/2011 19:30,EUR,Medium Impact Expected,Final CPI y/y,,,
5/16/2011 9:00,EUR,Medium Impact Expected,Final Core CPI y/y,,,
5/16/2011 13:00,USD,High Impact Expected,Fed Chairman Bernanke Speaks,,,
5/18/2011 17:30,USD,Medium Impact Expected,FOMC Member Fisher Speaks,,,
5/18/2011 18:00,USD,High Impact Expected,FOMC Meeting Minutes,,,
5/18/2011 19:30,USD,High Impact Expected,Philly Fed Manufacturing Index,,,
5/18/2011 19:30,USD,Low Impact Expected,FOMC Member Dudley Speaks,,,
5/19/2011 16:00,USD,Low Impact Expected,FOMC Member Dudley Speaks,,,
5/19/2011 17:30,USD,Medium Impact Expected,FOMC Member Evans Speaks,,,
5/19/2011 19:30,EUR,Medium Impact Expected,German Buba President Weidmann Speaks,,,
5/20/2011 6:00,EUR,Medium Impact Expected,German PPI m/m,,,
5/20/2011 12:00,USD,Low Impact Expected,FOMC Member Dudley Speaks,,,
5/24/2011 12:25,USD,Low Impact Expected,FOMC Member Duke Speaks,,,
5/24/2011 13:50,USD,Medium Impact Expected,FOMC Member Plosser Speaks,,,
5/25/2011 7:30,USD,Medium Impact Expected,FOMC Member Plosser Speaks,,,
5/25/2011 17:30,USD,Medium Impact Expected,FOMC Member Kocherlakota Speaks,,,
5/26/2011 9:20,EUR,Medium Impact Expected,ECB President Trichet Speaks,,,
5/27/2011 19:29,EUR,Medium Impact Expected,German Prelim CPI m/m,,,
5/30/2011 7:00,EUR,Low Impact Expected,Spanish Flash CPI y/y,,,
5/30/2011 19:30,EUR,Low Impact Expected,Italian Prelim CPI m/m,,,
5/31/2011 9:00,EUR,Medium Impact Expected,CPI Flash Estimate y/y,,,
5/31/2011 19:30,USD,Medium Impact Expected,Treasury Sec Geithner Speaks,,,
6/1/2011 13:00,EUR,Medium Impact Expected,ECB President Trichet Speaks,,,
6/2/2011 9:15,EUR,Medium Impact Expected,ECB President Trichet Speaks,,,
6/3/2011 16:30,USD,Low Impact Expected,FOMC Member Tarullo Speaks,,,
6/6/2011 7:30,USD,Medium Impact Expected,FOMC Member Plosser Speaks,,,
6/6/2011 9:00,EUR,Low Impact Expected,PPI m/m,,,
6/6/2011 17:15,USD,Medium Impact Expected,Treasury Sec Geithner Speaks,,,
6/6/2011 21:30,USD,Medium Impact Expected,FOMC Member Fisher Speaks,,,
6/7/2011 19:45,USD,High Impact Expected,Fed Chairman Bernanke Speaks,,,
6/8/2011 1:00,USD,Low Impact Expected,FOMC Member Dudley Speaks,,,
6/8/2011 19:30,EUR,High Impact Expected,ECB Press Conference,,,
6/9/2011 15:30,USD,Medium Impact Expected,FOMC Member Yellen Speaks,,,
6/9/2011 18:00,USD,Medium Impact Expected,FOMC Member Plosser Speaks,,,
6/10/2011 6:00,EUR,Low Impact Expected,German Final CPI m/m,,,
6/10/2011 6:50,EUR,Medium Impact Expected,ECB President Trichet Speaks,,,
6/10/2011 13:00,USD,Medium Impact Expected,FOMC Member Dudley Speaks,,,
6/13/2011 13:00,EUR,Medium Impact Expected,ECB President Trichet Speaks,,,
6/13/2011 17:45,USD,Low Impact Expected,President Obama Speaks,,,
6/13/2011 19:30,USD,Medium Impact Expected,Core PPI m/m,,,
6/13/2011 19:30,USD,High Impact Expected,PPI m/m,,,
6/13/2011 23:00,USD,Medium Impact Expected,FOMC Member Fisher Speaks,,,
6/14/2011 18:30,USD,High Impact Expected,Fed Chairman Bernanke Speaks,,,
6/14/2011 19:30,USD,Medium Impact Expected,CPI m/m,,,
6/14/2011 19:30,USD,High Impact Expected,CPI y/y,,,
6/14/2011 19:30,USD,High Impact Expected,Core CPI m/m,,,
6/15/2011 5:30,EUR,Low Impact Expected,French Final CPI m/m,,,
6/15/2011 10:00,EUR,Low Impact Expected,ECB Financial Stability Review,,,
6/15/2011 19:30,EUR,Medium Impact Expected,Final CPI y/y,,,
6/15/2011 19:30,EUR,Medium Impact Expected,ECB Monthly Bulletin,,,
6/16/2011 9:00,EUR,Medium Impact Expected,Final Core CPI y/y,,,
6/16/2011 14:00,USD,High Impact Expected,Philly Fed Manufacturing Index,,,
6/16/2011 17:10,USD,Medium Impact Expected,FOMC Member Fisher Speaks,,,
6/17/2011 0:00,EUR,Medium Impact Expected,ECB President Trichet Speaks,,,
6/19/2011 9:00,EUR,Medium Impact Expected,ECB President Trichet Speaks,,,
6/20/2011 6:00,EUR,Medium Impact Expected,German PPI m/m,,,
6/21/2011 19:30,USD,High Impact Expected,FOMC Statement,,,
6/22/2011 18:00,USD,Medium Impact Expected,FOMC Economic Projections,,,
6/22/2011 18:15,USD,High Impact Expected,FOMC Press Conference,,,
6/23/2011 16:00,EUR,Medium Impact Expected,ECB President Trichet Speaks,,,
6/27/2011 15:00,USD,Medium Impact Expected,FOMC Member Kocherlakota Speaks,,,
6/28/2011 16:00,USD,Medium Impact Expected,FOMC Member Fisher Speaks,,,
6/28/2011 18:45,EUR,Medium Impact Expected,ECB President Trichet Speaks,,,
6/28/2011 19:29,EUR,Medium Impact Expected,German Prelim CPI m/m,,,
6/29/2011 13:00,USD,Medium Impact Expected,Fed Announcement,,,
6/29/2011 16:00,USD,Medium Impact Expected,FOMC Member Raskin Speaks,,,
6/29/2011 19:30,EUR,Low Impact Expected,Spanish Flash CPI y/y,,,
6/29/2011 19:30,EUR,Low Impact Expected,Italian Prelim CPI m/m,,,
6/30/2011 7:00,EUR,High Impact Expected,ECB President Trichet Speaks,,,
6/30/2011 9:00,EUR,Medium Impact Expected,CPI Flash Estimate y/y,,,
7/4/2011 9:00,EUR,Low Impact Expected,PPI m/m,,,
7/6/2011 19:30,EUR,High Impact Expected,ECB Press Conference,,,
7/8/2011 14:30,USD,Low Impact Expected,President Obama Speaks,,,
7/10/2011 11:00,EUR,Medium Impact Expected,ECB President Trichet Speaks,,,
7/11/2011 15:00,USD,Low Impact Expected,President Obama Speaks,,,
7/12/2011 5:30,EUR,Low Impact Expected,French Final CPI m/m,,,
7/12/2011 6:00,EUR,Low Impact Expected,German Final CPI m/m,,,
7/12/2011 18:00,USD,High Impact Expected,FOMC Meeting Minutes,,,
7/12/2011 19:30,USD,Low Impact Expected,Fed Monetary Policy Report,,,
7/13/2011 14:00,USD,High Impact Expected,Fed Chairman Bernanke Testifies,,,
7/13/2011 19:30,USD,High Impact Expected,PPI m/m,,,
7/13/2011 19:30,USD,Medium Impact Expected,Core PPI m/m,,,
7/13/2011 19:30,EUR,Medium Impact Expected,Final CPI y/y,,,
7/14/2011 8:00,EUR,Medium Impact Expected,ECB Monthly Bulletin,,,
7/14/2011 9:00,EUR,Medium Impact Expected,Final Core CPI y/y,,,
7/14/2011 14:00,USD,High Impact Expected,Fed Chairman Bernanke Testifies,,,
7/14/2011 19:30,USD,High Impact Expected,Core CPI m/m,,,
7/14/2011 19:30,USD,Medium Impact Expected,CPI m/m,,,
7/14/2011 19:30,USD,High Impact Expected,CPI y/y,,,
7/15/2011 15:00,USD,Low Impact Expected,President Obama Speaks,,,
7/19/2011 17:30,USD,Low Impact Expected,President Obama Speaks,,,
7/20/2011 6:00,EUR,Medium Impact Expected,German PPI m/m,,,
7/20/2011 19:30,USD,Medium Impact Expected,FOMC Member Evans Speaks,,,
7/20/2011 19:30,USD,High Impact Expected,Philly Fed Manufacturing Index,,,
7/21/2011 14:00,USD,High Impact Expected,Fed Chairman Bernanke Testifies,,,
7/27/2011 19:29,EUR,Medium Impact Expected,German Prelim CPI m/m,,,
7/28/2011 19:30,EUR,Low Impact Expected,Italian Prelim CPI m/m,,,
7/28/2011 19:30,EUR,Low Impact Expected,Spanish Flash CPI y/y,,,
7/29/2011 9:00,EUR,Medium Impact Expected,CPI Flash Estimate y/y,,,
7/29/2011 14:20,USD,Low Impact Expected,President Obama Speaks,,,
8/2/2011 9:00,EUR,Low Impact Expected,PPI m/m,,,
8/2/2011 16:15,USD,Low Impact Expected,President Obama Speaks,,,
8/4/2011 12:30,EUR,High Impact Expected,ECB Press Conference,,,
8/5/2011 15:00,USD,Low Impact Expected,President Obama Speaks,,,
8/6/2011 1:30,USD,Low Impact Expected,Fed Announcement,,,
8/8/2011 17:30,USD,Low Impact Expected,President Obama Speaks,,,
8/8/2011 19:30,USD,High Impact Expected,FOMC Statement,,,
8/10/2011 6:00,EUR,Low Impact Expected,German Final CPI m/m,,,
8/11/2011 8:00,EUR,Medium Impact Expected,ECB Monthly Bulletin,,,
8/11/2011 19:30,USD,Low Impact Expected,FOMC Member Dudley Speaks,,,
8/11/2011 19:30,EUR,Low Impact Expected,French Final CPI m/m,,,
8/16/2011 19:30,USD,Medium Impact Expected,Core PPI m/m,,,
8/16/2011 19:30,USD,High Impact Expected,PPI m/m,,,
8/16/2011 19:30,EUR,Medium Impact Expected,Final CPI y/y,,,
8/17/2011 9:00,EUR,Medium Impact Expected,Final Core CPI y/y,,,
8/17/2011 17:20,USD,Medium Impact Expected,FOMC Member Fisher Speaks,,,
8/17/2011 19:30,USD,Medium Impact Expected,CPI m/m,,,
8/17/2011 19:30,USD,High Impact Expected,CPI y/y,,,
8/17/2011 19:30,USD,High Impact Expected,Philly Fed Manufacturing Index,,,
8/17/2011 19:30,USD,High Impact Expected,Core CPI m/m,,,
8/18/2011 12:35,USD,Low Impact Expected,FOMC Member Dudley Speaks,,,
8/19/2011 6:00,EUR,Medium Impact Expected,German PPI m/m,,,
8/19/2011 12:30,USD,Low Impact Expected,FOMC Member Dudley Speaks,,,
8/26/2011 14:00,USD,High Impact Expected,Fed Chairman Bernanke Speaks,,,
8/27/2011 14:25,EUR,Medium Impact Expected,ECB President Trichet Speaks,,,
8/29/2011 13:00,EUR,High Impact Expected,ECB President Trichet Speaks,,,
8/29/2011 19:29,EUR,Medium Impact Expected,German Prelim CPI m/m,,,
8/30/2011 7:00,EUR,Low Impact Expected,Spanish Flash CPI y/y,,,
8/30/2011 16:15,USD,Medium Impact Expected,FOMC Member Kocherlakota Speaks,,,
8/30/2011 18:00,USD,High Impact Expected,FOMC Meeting Minutes,,,
8/30/2011 19:30,EUR,Low Impact Expected,Italian Prelim CPI m/m,,,
8/31/2011 9:00,EUR,Medium Impact Expected,CPI Flash Estimate y/y,,,
9/1/2011 16:00,USD,Low Impact Expected,FOMC Member Duke Speaks,,,
9/2/2011 9:00,EUR,Low Impact Expected,PPI m/m,,,
9/6/2011 17:10,USD,Medium Impact Expected,FOMC Member Kocherlakota Speaks,,,
9/7/2011 15:15,USD,Medium Impact Expected,FOMC Member Evans Speaks,,,
9/7/2011 19:30,EUR,High Impact Expected,ECB Press Conference,,,
9/8/2011 17:30,USD,High Impact Expected,Fed Chairman Bernanke Speaks,,,
9/8/2011 23:00,USD,Low Impact Expected,President Obama Speaks,,,
9/9/2011 6:00,EUR,Low Impact Expected,German Final CPI m/m,,,
9/11/2011 22:00,EUR,Medium Impact Expected,ECB President Trichet Speaks,,,
9/12/2011 20:00,USD,Medium Impact Expected,FOMC Member Fisher Speaks,,,
9/13/2011 5:30,EUR,Low Impact Expected,French Final CPI m/m,,,
9/13/2011 15:30,EUR,Medium Impact Expected,German Buba President Weidmann Speaks,,,
9/13/2011 19:30,USD,High Impact Expected,PPI m/m,,,
9/13/2011 19:30,USD,Medium Impact Expected,Treasury Sec Geithner Speaks,,,
9/13/2011 19:30,USD,Medium Impact Expected,Core PPI m/m,,,
9/14/2011 19:30,USD,High Impact Expected,Core CPI m/m,,,
9/14/2011 19:30,USD,Medium Impact Expected,CPI m/m,,,
9/14/2011 19:30,EUR,Medium Impact Expected,Final CPI y/y,,,
9/14/2011 19:30,USD,High Impact Expected,CPI y/y,,,
9/15/2011 8:00,EUR,Medium Impact Expected,ECB Monthly Bulletin,,,
9/15/2011 9:00,EUR,Medium Impact Expected,Final Core CPI y/y,,,
9/15/2011 12:45,USD,Medium Impact Expected,Fed Chairman Bernanke Speaks,,,
9/15/2011 14:00,USD,High Impact Expected,Philly Fed Manufacturing Index,,,
9/15/2011 17:45,USD,Low Impact Expected,FOMC Member Tarullo Speaks,,,
9/15/2011 18:00,EUR,High Impact Expected,ECB President Trichet Speaks,,,
9/19/2011 14:30,USD,Low Impact Expected,President Obama Speaks,,,
9/19/2011 19:30,EUR,Medium Impact Expected,German PPI m/m,,,
9/21/2011 18:23,USD,High Impact Expected,FOMC Statement,,,
9/23/2011 17:30,USD,Low Impact Expected,FOMC Member Dudley Speaks,,,
9/23/2011 20:30,EUR,Medium Impact Expected,ECB President Trichet Speaks,,,
9/24/2011 23:00,EUR,Medium Impact Expected,ECB President Trichet Speaks,,,
9/26/2011 13:15,USD,Medium Impact Expected,FOMC Member Raskin Speaks,,,
9/26/2011 15:00,EUR,Medium Impact Expected,German Buba President Weidmann Speaks,,,
9/27/2011 17:20,USD,Medium Impact Expected,FOMC Member Fisher Speaks,,,
9/28/2011 20:29,EUR,Medium Impact Expected,German Prelim CPI m/m,,,
9/28/2011 21:00,USD,High Impact Expected,Fed Chairman Bernanke Speaks,,,
9/29/2011 7:00,EUR,Low Impact Expected,Spanish Flash CPI y/y,,,
9/29/2011 20:30,EUR,Low Impact Expected,Italian Prelim CPI m/m,,,
9/30/2011 9:00,EUR,Medium Impact Expected,CPI Flash Estimate y/y,,,
10/3/2011 20:30,USD,Medium Impact Expected,FOMC Member Raskin Speaks,,,
10/4/2011 9:00,EUR,Low Impact Expected,PPI m/m,,,
10/4/2011 13:00,EUR,High Impact Expected,ECB President Trichet Speaks,,,
10/4/2011 14:00,USD,High Impact Expected,Fed Chairman Bernanke Testifies,,,
10/5/2011 20:30,USD,Medium Impact Expected,Treasury Sec Geithner Speaks,,,
10/5/2011 20:30,EUR,High Impact Expected,ECB Press Conference,,,
10/6/2011 15:00,USD,Medium Impact Expected,FOMC Member Fisher Speaks,,,
10/6/2011 18:00,USD,Medium Impact Expected,Treasury Sec Geithner Speaks,,,
10/7/2011 13:30,USD,Medium Impact Expected,FOMC Member Fisher Speaks,,,
10/11/2011 7:30,EUR,High Impact Expected,ECB President Trichet Speaks,,,
10/12/2011 5:30,EUR,Low Impact Expected,French Final CPI m/m,,,
10/12/2011 17:20,USD,Medium Impact Expected,FOMC Member Fisher Speaks,,,
10/12/2011 17:30,USD,Medium Impact Expected,FOMC Member Plosser Speaks,,,
10/12/2011 18:00,USD,High Impact Expected,FOMC Meeting Minutes,,,
10/12/2011 18:30,EUR,Medium Impact Expected,ECB President Trichet Speaks,,,
10/13/2011 6:00,EUR,Low Impact Expected,German Final CPI m/m,,,
10/13/2011 8:00,EUR,Medium Impact Expected,ECB Monthly Bulletin,,,
10/13/2011 20:30,EUR,Medium Impact Expected,Final CPI y/y,,,
10/14/2011 9:00,EUR,Medium Impact Expected,Final Core CPI y/y,,,
10/17/2011 20:30,USD,Medium Impact Expected,Core PPI m/m,,,
10/17/2011 23:00,USD,Medium Impact Expected,FOMC Member Evans Speaks,,,
10/18/2011 12:30,USD,High Impact Expected,PPI m/m,,,
10/18/2011 17:15,USD,High Impact Expected,Fed Chairman Bernanke Speaks,,,
10/18/2011 20:30,USD,Medium Impact Expected,CPI m/m,,,
10/18/2011 20:30,USD,High Impact Expected,Core CPI m/m,,,
10/18/2011 20:30,USD,High Impact Expected,CPI y/y,,,
10/19/2011 20:30,EUR,Medium Impact Expected,German PPI m/m,,,
10/19/2011 20:30,USD,High Impact Expected,Philly Fed Manufacturing Index,,,
10/20/2011 22:00,USD,Low Impact Expected,FOMC Member Tarullo Speaks,,,
10/21/2011 0:00,USD,Medium Impact Expected,FOMC Member Kocherlakota Speaks,,,
10/21/2011 7:40,EUR,Medium Impact Expected,ECB President Trichet Speaks,,,
10/21/2011 17:00,USD,Medium Impact Expected,FOMC Member Kocherlakota Speaks,,,
10/21/2011 17:20,USD,Medium Impact Expected,FOMC Member Fisher Speaks,,,
10/21/2011 19:00,USD,Medium Impact Expected,FOMC Member Yellen Speaks,,,
10/22/2011 14:00,USD,Low Impact Expected,FOMC Member Duke Speaks,,,
10/24/2011 12:45,USD,Low Impact Expected,FOMC Member Dudley Speaks,,,
10/24/2011 16:15,EUR,Medium Impact Expected,ECB President Trichet Speaks,,,
10/24/2011 17:00,USD,Low Impact Expected,FOMC Member Dudley Speaks,,,
10/27/2011 20:29,EUR,Medium Impact Expected,German Prelim CPI m/m,,,
10/28/2011 8:00,EUR,Low Impact Expected,Spanish Flash CPI y/y,,,
10/30/2011 20:30,EUR,Low Impact Expected,Italian Prelim CPI m/m,,,
10/31/2011 10:00,EUR,Medium Impact Expected,CPI Flash Estimate y/y,,,
11/2/2011 16:32,USD,High Impact Expected,FOMC Statement,,,
11/2/2011 18:00,USD,Medium Impact Expected,FOMC Economic Projections,,,
11/2/2011 18:15,USD,High Impact Expected,FOMC Press Conference,,,
11/3/2011 13:30,EUR,High Impact Expected,ECB Press Conference,,,
11/4/2011 10:00,EUR,Low Impact Expected,PPI m/m,,,
11/4/2011 17:00,USD,Low Impact Expected,FOMC Member Tarullo Speaks,,,
11/7/2011 20:30,EUR,Medium Impact Expected,German Buba President Weidmann Speaks,,,
11/8/2011 18:00,USD,Medium Impact Expected,FOMC Member Kocherlakota Speaks,,,
11/8/2011 18:30,USD,Medium Impact Expected,FOMC Member Plosser Speaks,,,
11/9/2011 14:30,USD,Medium Impact Expected,Fed Chairman Bernanke Speaks,,,
11/9/2011 17:15,USD,Low Impact Expected,FOMC Member Tarullo Speaks,,,
11/10/2011 6:30,EUR,Low Impact Expected,French Final CPI m/m,,,
11/10/2011 7:00,EUR,Low Impact Expected,German Final CPI m/m,,,
11/10/2011 9:00,EUR,Medium Impact Expected,ECB Monthly Bulletin,,,
11/10/2011 15:40,USD,Medium Impact Expected,FOMC Member Evans Speaks,,,
11/10/2011 16:45,USD,Medium Impact Expected,Fed Chairman Bernanke Speaks,,,
11/11/2011 18:15,USD,Medium Impact Expected,FOMC Member Yellen Speaks,,,
11/14/2011 20:30,USD,Medium Impact Expected,Core PPI m/m,,,
11/14/2011 20:30,USD,High Impact Expected,PPI m/m,,,
11/15/2011 13:00,USD,Medium Impact Expected,FOMC Member Evans Speaks,,,
11/15/2011 17:30,USD,Medium Impact Expected,FOMC Member Fisher Speaks,,,
11/15/2011 20:30,USD,Medium Impact Expected,CPI m/m,,,
11/15/2011 20:30,EUR,Medium Impact Expected,Final CPI y/y,,,
11/15/2011 20:30,USD,High Impact Expected,CPI y/y,,,
11/16/2011 10:00,EUR,Medium Impact Expected,Final Core CPI y/y,,,
11/16/2011 13:30,USD,High Impact Expected,Core CPI m/m,,,
11/17/2011 15:00,USD,High Impact Expected,Philly Fed Manufacturing Index,,,
11/17/2011 17:50,USD,Low Impact Expected,FOMC Member Dudley Speaks,,,
11/18/2011 7:00,EUR,Medium Impact Expected,German PPI m/m,,,
11/18/2011 8:00,EUR,Medium Impact Expected,ECB President Draghi Speaks,,,
11/18/2011 9:00,EUR,Medium Impact Expected,German Buba President Weidmann Speaks,,,
11/18/2011 13:15,USD,Low Impact Expected,FOMC Member Dudley Speaks,,,
11/18/2011 18:15,USD,Medium Impact Expected,FOMC Member Fisher Speaks,,,
11/22/2011 18:00,USD,Medium Impact Expected,FOMC Member Kocherlakota Speaks,,,
11/22/2011 18:28,USD,High Impact Expected,FOMC Meeting Minutes,,,
11/28/2011 20:29,EUR,Medium Impact Expected,German Prelim CPI m/m,,,
11/29/2011 8:00,EUR,Low Impact Expected,Spanish Flash CPI y/y,,,
11/29/2011 16:30,USD,Medium Impact Expected,FOMC Member Yellen Speaks,,,
11/29/2011 17:15,USD,Medium Impact Expected,FOMC Member Raskin Speaks,,,
11/29/2011 20:30,EUR,Low Impact Expected,Italian Prelim CPI m/m,,,
11/30/2011 1:00,USD,Medium Impact Expected,FOMC Member Kocherlakota Speaks,,,
11/30/2011 10:00,EUR,Medium Impact Expected,CPI Flash Estimate y/y,,,
11/30/2011 13:00,USD,High Impact Expected,Fed Announcement,,,
12/1/2011 8:00,EUR,Medium Impact Expected,ECB President Draghi Speaks,,,
12/2/2011 10:00,EUR,Low Impact Expected,PPI m/m,,,
12/2/2011 14:00,USD,Medium Impact Expected,FOMC Member Fisher Speaks,,,
12/2/2011 15:00,USD,Medium Impact Expected,FOMC Member Plosser Speaks,,,
12/5/2011 17:10,USD,Medium Impact Expected,FOMC Member Evans Speaks,,,
12/5/2011 20:30,USD,Low Impact Expected,FOMC Member Tarullo Speaks,,,
12/7/2011 13:30,USD,Low Impact Expected,FOMC Member Raskin Speaks,,,
12/7/2011 20:30,EUR,High Impact Expected,ECB Press Conference,,,
12/9/2011 7:00,EUR,Low Impact Expected,German Final CPI m/m,,,
12/13/2011 6:30,EUR,Low Impact Expected,French Final CPI m/m,,,
12/13/2011 19:13,USD,High Impact Expected,FOMC Statement,,,
12/14/2011 20:30,EUR,Medium Impact Expected,Final CPI y/y,,,
12/14/2011 20:30,USD,High Impact Expected,PPI m/m,,,
12/14/2011 20:30,EUR,Medium Impact Expected,Final Core CPI y/y,,,
12/14/2011 20:30,USD,Medium Impact Expected,Core PPI m/m,,,
12/15/2011 9:00,EUR,Medium Impact Expected,ECB Monthly Bulletin,,,
12/15/2011 11:25,EUR,High Impact Expected,ECB President Draghi Speaks,,,
12/15/2011 15:00,USD,High Impact Expected,Philly Fed Manufacturing Index,,,
12/15/2011 20:30,USD,High Impact Expected,Core CPI m/m,,,
12/15/2011 20:30,USD,High Impact Expected,CPI y/y,,,
12/15/2011 20:30,USD,Medium Impact Expected,CPI m/m,,,
12/16/2011 8:30,EUR,Medium Impact Expected,ECB President Draghi Speaks,,,
12/16/2011 16:15,USD,Medium Impact Expected,FOMC Member Evans Speaks,,,
12/16/2011 17:00,USD,Medium Impact Expected,FOMC Member Fisher Speaks,,,
12/19/2011 11:00,EUR,Low Impact Expected,ECB Financial Stability Review,,,
12/19/2011 15:30,EUR,High Impact Expected,ECB President Draghi Speaks,,,
12/19/2011 20:30,EUR,Medium Impact Expected,German PPI m/m,,,
12/22/2011 16:00,EUR,High Impact Expected,ECB President Draghi Speaks,,,
12/22/2011 18:00,USD,Low Impact Expected,President Obama Speaks,,,
12/23/2011 17:15,USD,Low Impact Expected,President Obama Speaks,,,
12/29/2011 20:29,EUR,Medium Impact Expected,German Prelim CPI m/m,,,
12/30/2011 8:00,EUR,Low Impact Expected,Spanish Flash CPI y/y,,,
1/3/2012 19:00,USD,High Impact Expected,FOMC Meeting Minutes,,,
1/3/2012 20:30,EUR,Low Impact Expected,Italian Prelim CPI m/m,,,
1/4/2012 10:00,EUR,Medium Impact Expected,CPI Flash Estimate y/y,,,
1/4/2012 20:30,EUR,Low Impact Expected,PPI m/m,,,
1/6/2012 14:00,USD,Low Impact Expected,FOMC Member Dudley Speaks,,,
1/6/2012 17:40,USD,Low Impact Expected,FOMC Member Duke Speaks,,,
1/6/2012 18:00,USD,Low Impact Expected,FOMC Member Raskin Speaks,,,
1/7/2012 17:40,USD,Medium Impact Expected,FOMC Member Raskin Speaks,,,
1/9/2012 17:40,USD,Medium Impact Expected,FOMC Member Lockhart Speaks,,,
1/10/2012 15:30,USD,Medium Impact Expected,FOMC Member Williams Speaks,,,
1/10/2012 16:10,USD,Medium Impact Expected,FOMC Member Pianalto Speaks,,,
1/11/2012 14:00,USD,Medium Impact Expected,FOMC Member Lockhart Speaks,,,
1/11/2012 20:30,EUR,High Impact Expected,ECB Press Conference,,,
1/12/2012 6:30,EUR,Low Impact Expected,French Final CPI m/m,,,
1/12/2012 7:00,EUR,Low Impact Expected,German Final CPI m/m,,,
1/13/2012 16:10,USD,Low Impact Expected,FOMC Member Duke Speaks,,,
1/16/2012 18:00,EUR,High Impact Expected,ECB President Draghi Speaks,,,
1/16/2012 20:30,EUR,Medium Impact Expected,Final CPI y/y,,,
1/16/2012 20:30,EUR,Medium Impact Expected,Final Core CPI y/y,,,
1/16/2012 23:00,USD,Low Impact Expected,FOMC Member Duke Speaks,,,
1/17/2012 20:30,USD,Medium Impact Expected,Core PPI m/m,,,
1/18/2012 13:30,USD,High Impact Expected,PPI m/m,,,
1/18/2012 14:30,USD,Low Impact Expected,FOMC Member Tarullo Speaks,,,
1/18/2012 20:30,USD,High Impact Expected,CPI y/y,,,
1/18/2012 20:30,USD,High Impact Expected,Core CPI m/m,,,
1/18/2012 20:30,EUR,Medium Impact Expected,ECB Monthly Bulletin,,,
1/18/2012 20:30,USD,Medium Impact Expected,CPI m/m,,,
1/19/2012 15:00,USD,High Impact Expected,Philly Fed Manufacturing Index,,,
1/20/2012 7:00,EUR,Medium Impact Expected,German PPI m/m,,,
1/24/2012 20:30,USD,Low Impact Expected,President Obama Speaks,,,
1/25/2012 13:15,EUR,Medium Impact Expected,ECB President Draghi Speaks,,,
1/25/2012 17:28,USD,High Impact Expected,FOMC Statement,,,
1/25/2012 19:00,USD,High Impact Expected,FOMC Economic Projections,,,
1/25/2012 19:15,USD,High Impact Expected,FOMC Press Conference,,,
1/27/2012 13:15,EUR,Medium Impact Expected,ECB President Draghi Speaks,,,
1/27/2012 15:00,USD,Low Impact Expected,FOMC Member Dudley Speaks,,,
1/30/2012 20:29,EUR,Medium Impact Expected,German Prelim CPI m/m,,,
1/31/2012 8:00,EUR,Low Impact Expected,Spanish Flash CPI y/y,,,
2/1/2012 10:00,EUR,Medium Impact Expected,CPI Flash Estimate y/y,,,
2/1/2012 16:04,USD,Low Impact Expected,President Obama Speaks,,,
2/2/2012 10:00,EUR,Low Impact Expected,PPI m/m,,,
2/2/2012 15:00,USD,High Impact Expected,Fed Chairman Bernanke Testifies,,,
2/2/2012 20:30,EUR,Low Impact Expected,Italian Prelim CPI m/m,,,
2/7/2012 15:00,USD,High Impact Expected,Fed Chairman Bernanke Testifies,,,
2/8/2012 15:40,USD,Medium Impact Expected,FOMC Member Williams Speaks,,,
2/8/2012 20:30,EUR,High Impact Expected,ECB Press Conference,,,
2/10/2012 7:00,EUR,Low Impact Expected,German Final CPI m/m,,,
2/10/2012 17:30,USD,High Impact Expected,Fed Chairman Bernanke Speaks,,,
2/10/2012 17:50,USD,Medium Impact Expected,FOMC Member Pianalto Speaks,,,
2/13/2012 20:30,USD,Medium Impact Expected,Treasury Sec Geithner Speaks,,,
2/14/2012 2:45,USD,Medium Impact Expected,FOMC Member Williams Speaks,,,
2/14/2012 22:40,USD,Medium Impact Expected,FOMC Member Lockhart Speaks,,,
2/15/2012 19:00,USD,High Impact Expected,FOMC Meeting Minutes,,,
2/15/2012 20:30,USD,Medium Impact Expected,Core PPI m/m,,,
2/15/2012 20:30,USD,High Impact Expected,PPI m/m,,,
2/16/2012 9:00,EUR,Medium Impact Expected,ECB Monthly Bulletin,,,
2/16/2012 14:00,USD,High Impact Expected,Fed Chairman Bernanke Speaks,,,
2/16/2012 15:00,USD,High Impact Expected,Philly Fed Manufacturing Index,,,
2/16/2012 20:30,USD,High Impact Expected,Core CPI m/m,,,
2/16/2012 20:30,USD,Medium Impact Expected,CPI m/m,,,
2/16/2012 20:30,USD,High Impact Expected,CPI y/y,,,
2/17/2012 7:00,EUR,Medium Impact Expected,German PPI m/m,,,
2/22/2012 6:30,EUR,Low Impact Expected,French Final CPI m/m,,,
2/24/2012 15:45,USD,Medium Impact Expected,FOMC Member Williams Speaks,,,
2/24/2012 18:30,USD,Low Impact Expected,FOMC Member Dudley Speaks,,,
2/24/2012 20:00,EUR,Medium Impact Expected,German Buba President Weidmann Speaks,,,
2/27/2012 20:30,USD,Low Impact Expected,FOMC Member Duke Speaks,,,
2/28/2012 20:29,EUR,Medium Impact Expected,German Prelim CPI m/m,,,
2/28/2012 20:30,EUR,Low Impact Expected,Spanish Flash CPI y/y,,,
2/28/2012 20:30,EUR,Medium Impact Expected,Final CPI y/y,,,
2/28/2012 20:30,USD,Low Impact Expected,Fed Monetary Policy Report,,,
2/29/2012 0:15,USD,Medium Impact Expected,FOMC Member Pianalto Speaks,,,
2/29/2012 10:00,EUR,Medium Impact Expected,Final Core CPI y/y,,,
2/29/2012 15:00,USD,High Impact Expected,Fed Chairman Bernanke Testifies,,,
2/29/2012 20:30,EUR,Low Impact Expected,Italian Prelim CPI m/m,,,
3/1/2012 10:00,EUR,Medium Impact Expected,CPI Flash Estimate y/y,,,
3/1/2012 13:00,USD,Medium Impact Expected,FOMC Member Pianalto Speaks,,,
3/1/2012 15:00,USD,High Impact Expected,Fed Chairman Bernanke Testifies,,,
3/1/2012 15:30,USD,Medium Impact Expected,FOMC Member Raskin Speaks,,,
3/1/2012 17:30,USD,Medium Impact Expected,FOMC Member Lockhart Speaks,,,
3/2/2012 10:00,EUR,Low Impact Expected,PPI m/m,,,
3/7/2012 20:30,EUR,High Impact Expected,ECB Press Conference,,,
3/9/2012 7:00,EUR,Low Impact Expected,German Final CPI m/m,,,
3/13/2012 6:30,EUR,Low Impact Expected,French Final CPI m/m,,,
3/13/2012 11:30,EUR,High Impact Expected,ECB President Draghi Speaks,,,
3/13/2012 18:15,USD,High Impact Expected,FOMC Statement,,,
3/13/2012 20:30,EUR,Medium Impact Expected,Final CPI y/y,,,
3/13/2012 20:30,EUR,Medium Impact Expected,Final Core CPI y/y,,,
3/14/2012 14:00,USD,High Impact Expected,Fed Chairman Bernanke Speaks,,,
3/14/2012 20:30,USD,Medium Impact Expected,Core PPI m/m,,,
3/15/2012 9:00,EUR,Medium Impact Expected,ECB Monthly Bulletin,,,
3/15/2012 12:30,USD,High Impact Expected,PPI m/m,,,
3/15/2012 14:00,USD,High Impact Expected,Philly Fed Manufacturing Index,,,
3/15/2012 20:30,USD,Medium Impact Expected,CPI m/m,,,
3/15/2012 20:30,USD,High Impact Expected,Core CPI m/m,,,
3/15/2012 20:30,USD,High Impact Expected,CPI y/y,,,
3/19/2012 12:35,USD,Medium Impact Expected,FOMC Member Dudley Speaks,,,
3/19/2012 17:40,USD,Low Impact Expected,FOMC Member Dudley Speaks,,,
3/20/2012 7:00,EUR,Medium Impact Expected,German PPI m/m,,,
3/20/2012 10:30,EUR,Medium Impact Expected,German Buba President Weidmann Speaks,,,
3/20/2012 14:00,USD,Medium Impact Expected,Treasury Sec Geithner Speaks,,,
3/20/2012 16:45,USD,Medium Impact Expected,Fed Chairman Bernanke Speaks,,,
3/21/2012 13:30,USD,High Impact Expected,Fed Chairman Bernanke Testifies,,,
3/21/2012 19:30,USD,Low Impact Expected,FOMC Member Tarullo Speaks,,,
3/22/2012 16:00,EUR,High Impact Expected,ECB President Draghi Speaks,,,
3/22/2012 16:45,USD,Medium Impact Expected,Fed Chairman Bernanke Speaks,,,
3/22/2012 23:30,USD,Low Impact Expected,FOMC Member Dudley Speaks,,,
3/23/2012 17:45,USD,Medium Impact Expected,Fed Chairman Bernanke Speaks,,,
3/23/2012 18:30,USD,Medium Impact Expected,FOMC Member Lockhart Speaks,,,
3/24/2012 20:30,USD,Medium Impact Expected,FOMC Member Yellen Speaks,,,
3/26/2012 12:00,USD,High Impact Expected,Fed Chairman Bernanke Speaks,,,
3/26/2012 16:00,EUR,Medium Impact Expected,ECB President Draghi Speaks,,,
3/26/2012 19:30,USD,Low Impact Expected,FOMC Member Dudley Speaks,,,
3/27/2012 16:45,USD,Medium Impact Expected,Fed Chairman Bernanke Speaks,,,
3/27/2012 19:45,USD,Low Impact Expected,FOMC Member Duke Speaks,,,
3/28/2012 12:00,EUR,Medium Impact Expected,German Buba President Weidmann Speaks,,,
3/28/2012 19:29,EUR,Medium Impact Expected,German Prelim CPI m/m,,,
3/29/2012 7:00,EUR,Low Impact Expected,Spanish Flash CPI y/y,,,
3/29/2012 16:15,USD,Medium Impact Expected,FOMC Member Lockhart Speaks,,,
3/29/2012 16:45,USD,Medium Impact Expected,Fed Chairman Bernanke Speaks,,,
3/29/2012 19:30,EUR,Low Impact Expected,Italian Prelim CPI m/m,,,
3/29/2012 22:45,USD,Medium Impact Expected,FOMC Member Lacker Speaks,,,
3/30/2012 9:00,EUR,Medium Impact Expected,CPI Flash Estimate y/y,,,
4/2/2012 16:35,USD,Medium Impact Expected,FOMC Member Pianalto Speaks,,,
4/3/2012 9:00,EUR,Low Impact Expected,PPI m/m,,,
4/3/2012 18:00,USD,High Impact Expected,FOMC Meeting Minutes,,,
4/3/2012 20:05,USD,Medium Impact Expected,FOMC Member Williams Speaks,,,
4/4/2012 12:00,USD,Medium Impact Expected,Treasury Sec Geithner Speaks,,,
4/4/2012 12:30,EUR,High Impact Expected,ECB Press Conference,,,
4/4/2012 15:00,USD,Medium Impact Expected,FOMC Member Williams Speaks,,,
4/9/2012 23:15,USD,High Impact Expected,Fed Chairman Bernanke Speaks,,,
4/10/2012 16:45,USD,Medium Impact Expected,FOMC Member Lockhart Speaks,,,
4/11/2012 19:30,USD,Medium Impact Expected,Core PPI m/m,,,
4/11/2012 19:30,USD,High Impact Expected,PPI m/m,,,
4/11/2012 21:30,USD,Medium Impact Expected,FOMC Member Yellen Speaks,,,
4/12/2012 5:30,EUR,Low Impact Expected,French Final CPI m/m,,,
4/12/2012 8:00,EUR,Medium Impact Expected,ECB Monthly Bulletin,,,
4/12/2012 11:15,USD,Low Impact Expected,FOMC Member Dudley Speaks,,,
4/12/2012 13:00,USD,Medium Impact Expected,FOMC Member Lockhart Speaks,,,
4/12/2012 15:00,USD,Low Impact Expected,FOMC Member Dudley Speaks,,,
4/12/2012 19:30,USD,Medium Impact Expected,CPI m/m,,,
4/12/2012 19:30,USD,High Impact Expected,CPI y/y,,,
4/12/2012 19:30,USD,Medium Impact Expected,FOMC Member Raskin Speaks,,,
4/13/2012 6:00,EUR,Low Impact Expected,German Final CPI m/m,,,
4/13/2012 12:00,USD,Low Impact Expected,FOMC Member Dudley Speaks,,,
4/13/2012 12:30,USD,High Impact Expected,Core CPI m/m,,,
4/13/2012 17:00,USD,High Impact Expected,Fed Chairman Bernanke Speaks,,,
4/16/2012 16:30,USD,Medium Impact Expected,FOMC Member Pianalto Speaks,,,
4/16/2012 19:30,EUR,Medium Impact Expected,Final Core CPI y/y,,,
4/16/2012 19:30,EUR,Medium Impact Expected,ECB President Draghi Speaks,,,
4/16/2012 19:30,EUR,Medium Impact Expected,Final CPI y/y,,,
4/17/2012 15:00,USD,Low Impact Expected,President Obama Speaks,,,
4/18/2012 19:30,USD,High Impact Expected,Philly Fed Manufacturing Index,,,
4/20/2012 6:00,EUR,Medium Impact Expected,German PPI m/m,,,
4/24/2012 15:00,EUR,Medium Impact Expected,German Buba President Weidmann Speaks,,,
4/25/2012 7:00,EUR,High Impact Expected,ECB President Draghi Speaks,,,
4/25/2012 16:30,USD,High Impact Expected,FOMC Statement,,,
4/25/2012 18:00,USD,High Impact Expected,FOMC Economic Projections,,,
4/25/2012 18:15,USD,High Impact Expected,FOMC Press Conference,,,
4/25/2012 21:15,USD,Medium Impact Expected,Treasury Sec Geithner Speaks,,,
4/26/2012 7:30,EUR,Medium Impact Expected,ECB President Draghi Speaks,,,
4/26/2012 19:29,EUR,Medium Impact Expected,German Prelim CPI m/m,,,
4/26/2012 19:30,EUR,Low Impact Expected,Spanish Flash CPI y/y,,,
4/29/2012 19:30,EUR,Low Impact Expected,Italian Prelim CPI m/m,,,
4/30/2012 9:00,EUR,Medium Impact Expected,CPI Flash Estimate y/y,,,
5/1/2012 15:00,USD,Medium Impact Expected,FOMC Member Williams Speaks,,,
5/1/2012 15:30,USD,Medium Impact Expected,FOMC Member Lacker Speaks,,,
5/1/2012 16:30,USD,Medium Impact Expected,FOMC Member Lockhart Speaks,,,
5/2/2012 12:00,USD,Low Impact Expected,FOMC Member Tarullo Speaks,,,
5/2/2012 16:30,USD,Medium Impact Expected,FOMC Member Lacker Speaks,,,
5/3/2012 9:00,EUR,Low Impact Expected,PPI m/m,,,
5/3/2012 12:30,EUR,High Impact Expected,ECB Press Conference,,,
5/3/2012 15:00,USD,Medium Impact Expected,FOMC Member Williams Speaks,,,
5/3/2012 17:00,USD,Medium Impact Expected,FOMC Member Lockhart Speaks,,,
5/4/2012 15:25,USD,Medium Impact Expected,FOMC Member Williams Speaks,,,
5/7/2012 23:15,USD,Medium Impact Expected,FOMC Member Lacker Speaks,,,
5/8/2012 8:45,USD,Low Impact Expected,FOMC Member Dudley Speaks,,,
5/8/2012 12:30,EUR,Medium Impact Expected,ECB President Draghi Speaks,,,
5/8/2012 13:45,USD,Medium Impact Expected,FOMC Member Lacker Speaks,,,
5/9/2012 14:45,USD,Medium Impact Expected,FOMC Member Pianalto Speaks,,,
5/10/2012 8:00,EUR,Medium Impact Expected,ECB Monthly Bulletin,,,
5/10/2012 13:30,USD,High Impact Expected,Fed Chairman Bernanke Speaks,,,
5/10/2012 19:30,USD,High Impact Expected,PPI m/m,,,
5/10/2012 19:30,USD,Medium Impact Expected,Core PPI m/m,,,
5/11/2012 6:00,EUR,Low Impact Expected,German Final CPI m/m,,,
5/14/2012 19:30,USD,High Impact Expected,CPI y/y,,,
5/14/2012 19:30,EUR,Low Impact Expected,French Final CPI m/m,,,
5/14/2012 19:30,USD,Medium Impact Expected,CPI m/m,,,
5/15/2012 12:30,USD,High Impact Expected,Core CPI m/m,,,
5/15/2012 13:30,USD,Low Impact Expected,FOMC Member Duke Speaks,,,
5/15/2012 19:30,EUR,Medium Impact Expected,Final CPI y/y,,,
5/15/2012 19:30,EUR,Medium Impact Expected,Final Core CPI y/y,,,
5/16/2012 13:00,EUR,Medium Impact Expected,ECB President Draghi Speaks,,,
5/16/2012 18:00,USD,High Impact Expected,FOMC Meeting Minutes,,,
5/16/2012 19:30,USD,Low Impact Expected,Treasury Sec Geithner Speaks,,,
5/17/2012 14:00,USD,High Impact Expected,Philly Fed Manufacturing Index,,,
5/18/2012 6:00,EUR,Medium Impact Expected,German PPI m/m,,,
5/21/2012 9:15,USD,Medium Impact Expected,FOMC Member Lockhart Speaks,,,
5/22/2012 10:15,USD,Medium Impact Expected,FOMC Member Lockhart Speaks,,,
5/24/2012 13:00,EUR,High Impact Expected,ECB President Draghi Speaks,,,
5/24/2012 14:30,USD,Medium Impact Expected,FOMC Member Dudley Speaks,,,
5/24/2012 17:00,USD,Low Impact Expected,FOMC Member Dudley Speaks,,,
5/24/2012 19:00,USD,Medium Impact Expected,Treasury Sec Geithner Speaks,,,
5/29/2012 19:29,EUR,Medium Impact Expected,German Prelim CPI m/m,,,
5/29/2012 19:30,EUR,Low Impact Expected,Spanish Flash CPI y/y,,,
5/30/2012 15:30,EUR,High Impact Expected,ECB President Draghi Speaks,,,
5/30/2012 17:30,USD,Low Impact Expected,FOMC Member Dudley Speaks,,,
5/30/2012 19:30,EUR,Low Impact Expected,Italian Prelim CPI m/m,,,
5/31/2012 7:00,EUR,Medium Impact Expected,ECB President Draghi Speaks,,,
5/31/2012 9:00,EUR,Medium Impact Expected,CPI Flash Estimate y/y,,,
5/31/2012 12:00,USD,Medium Impact Expected,FOMC Member Pianalto Speaks,,,
6/1/2012 17:10,USD,Low Impact Expected,President Obama Speaks,,,
6/4/2012 9:00,EUR,Low Impact Expected,PPI m/m,,,
6/6/2012 12:15,USD,Medium Impact Expected,FOMC Member Lockhart Speaks,,,
6/6/2012 12:30,EUR,High Impact Expected,ECB Press Conference,,,
6/6/2012 13:30,USD,Medium Impact Expected,FOMC Member Lockhart Speaks,,,
6/6/2012 14:00,USD,Low Impact Expected,FOMC Member Tarullo Speaks,,,
6/6/2012 19:30,USD,High Impact Expected,Fed Chairman Bernanke Testifies,,,
6/6/2012 19:30,USD,Medium Impact Expected,FOMC Member Williams Speaks,,,
6/6/2012 23:00,USD,Medium Impact Expected,FOMC Member Yellen Speaks,,,
6/7/2012 16:10,USD,Medium Impact Expected,FOMC Member Lockhart Speaks,,,
6/8/2012 14:15,USD,Low Impact Expected,President Obama Speaks,,,
6/11/2012 16:00,USD,Medium Impact Expected,FOMC Member Lockhart Speaks,,,
6/11/2012 19:30,USD,Medium Impact Expected,FOMC Member Pianalto Speaks,,,
6/12/2012 10:00,EUR,Low Impact Expected,ECB Financial Stability Review,,,
6/12/2012 19:30,USD,High Impact Expected,PPI m/m,,,
6/12/2012 19:30,USD,Medium Impact Expected,Core PPI m/m,,,
6/13/2012 5:30,EUR,Low Impact Expected,French Final CPI m/m,,,
6/13/2012 6:00,EUR,Low Impact Expected,German Final CPI m/m,,,
6/13/2012 19:30,USD,High Impact Expected,CPI y/y,,,
6/13/2012 19:30,USD,High Impact Expected,Core CPI m/m,,,
6/13/2012 19:30,EUR,Medium Impact Expected,ECB Monthly Bulletin,,,
6/13/2012 19:30,USD,Medium Impact Expected,CPI m/m,,,
6/13/2012 19:30,EUR,Medium Impact Expected,Final CPI y/y,,,
6/14/2012 9:00,EUR,Medium Impact Expected,Final Core CPI y/y,,,
6/14/2012 13:30,EUR,Medium Impact Expected,German Buba President Weidmann Speaks,,,
6/15/2012 6:50,EUR,High Impact Expected,ECB President Draghi Speaks,,,
6/20/2012 6:00,EUR,Medium Impact Expected,German PPI m/m,,,
6/20/2012 16:32,USD,High Impact Expected,FOMC Statement,,,
6/20/2012 18:00,USD,High Impact Expected,FOMC Economic Projections,,,
6/20/2012 18:15,USD,High Impact Expected,FOMC Press Conference,,,
6/20/2012 19:30,USD,High Impact Expected,Philly Fed Manufacturing Index,,,
6/21/2012 16:00,EUR,Medium Impact Expected,ECB President Draghi Speaks,,,
6/22/2012 16:30,USD,Medium Impact Expected,FOMC Member Pianalto Speaks,,,
6/27/2012 19:29,EUR,Medium Impact Expected,German Prelim CPI m/m,,,
6/28/2012 7:00,EUR,Low Impact Expected,Spanish Flash CPI y/y,,,
6/28/2012 9:00,EUR,Low Impact Expected,Italian Prelim CPI m/m,,,
6/28/2012 15:30,USD,Medium Impact Expected,FOMC Member Pianalto Speaks,,,
6/29/2012 9:00,EUR,Medium Impact Expected,CPI Flash Estimate y/y,,,
7/2/2012 17:15,USD,Medium Impact Expected,FOMC Member Williams Speaks,,,
7/3/2012 9:00,EUR,Low Impact Expected,PPI m/m,,,
7/5/2012 12:30,EUR,High Impact Expected,ECB Press Conference,,,
7/9/2012 12:30,EUR,High Impact Expected,ECB President Draghi Speaks,,,
7/9/2012 15:55,USD,Medium Impact Expected,FOMC Member Williams Speaks,,,
7/11/2012 6:00,EUR,Low Impact Expected,German Final CPI m/m,,,
7/11/2012 18:00,USD,High Impact Expected,FOMC Meeting Minutes,,,
7/11/2012 19:30,EUR,Medium Impact Expected,ECB Monthly Bulletin,,,
7/12/2012 5:30,EUR,Low Impact Expected,French Final CPI m/m,,,
7/12/2012 12:00,EUR,Medium Impact Expected,ECB President Draghi Speaks,,,
7/12/2012 19:30,USD,Medium Impact Expected,Core PPI m/m,,,
7/12/2012 19:40,USD,Medium Impact Expected,FOMC Member Williams Speaks,,,
7/13/2012 12:30,USD,High Impact Expected,PPI m/m,,,
7/13/2012 17:20,USD,Medium Impact Expected,FOMC Member Lockhart Speaks,,,
7/15/2012 19:30,EUR,Medium Impact Expected,Final CPI y/y,,,
7/16/2012 9:00,EUR,Medium Impact Expected,Final Core CPI y/y,,,
7/16/2012 19:30,USD,High Impact Expected,Core CPI m/m,,,
7/16/2012 19:30,USD,Medium Impact Expected,CPI m/m,,,
7/16/2012 19:30,USD,Low Impact Expected,Fed Monetary Policy Report,,,
7/16/2012 19:30,USD,High Impact Expected,CPI y/y,,,
7/17/2012 14:00,USD,High Impact Expected,Fed Chairman Bernanke Testifies,,,
7/17/2012 17:15,USD,Medium Impact Expected,FOMC Member Pianalto Speaks,,,
7/18/2012 14:00,USD,High Impact Expected,Fed Chairman Bernanke Testifies,,,
7/18/2012 19:30,USD,High Impact Expected,Philly Fed Manufacturing Index,,,
7/20/2012 6:00,EUR,Medium Impact Expected,German PPI m/m,,,
7/23/2012 23:00,USD,Medium Impact Expected,FOMC Member Raskin Speaks,,,
7/24/2012 12:45,USD,Medium Impact Expected,Fed Chairman Bernanke Speaks,,,
7/24/2012 19:30,USD,Medium Impact Expected,Treasury Sec Geithner Speaks,,,
7/25/2012 19:30,USD,Medium Impact Expected,Treasury Sec Geithner Speaks,,,
7/26/2012 9:30,EUR,High Impact Expected,ECB President Draghi Speaks,,,
7/27/2012 19:29,EUR,Medium Impact Expected,German Prelim CPI m/m,,,
7/29/2012 19:30,EUR,Low Impact Expected,Spanish Flash CPI y/y,,,
7/30/2012 19:30,EUR,Low Impact Expected,Italian Prelim CPI m/m,,,
7/31/2012 9:00,EUR,Medium Impact Expected,CPI Flash Estimate y/y,,,
7/31/2012 20:00,USD,Medium Impact Expected,Treasury Sec Geithner Speaks,,,
8/1/2012 18:13,USD,High Impact Expected,FOMC Statement,,,
8/2/2012 9:00,EUR,Low Impact Expected,PPI m/m,,,
8/2/2012 12:30,EUR,High Impact Expected,ECB Press Conference,,,
8/6/2012 13:00,USD,High Impact Expected,Fed Chairman Bernanke Speaks,,,
8/7/2012 18:30,USD,Medium Impact Expected,Fed Chairman Bernanke Speaks,,,
8/9/2012 8:00,EUR,Medium Impact Expected,ECB Monthly Bulletin,,,
8/10/2012 6:00,EUR,Low Impact Expected,German Final CPI m/m,,,
8/13/2012 19:30,EUR,Low Impact Expected,French Final CPI m/m,,,
8/13/2012 19:30,USD,High Impact Expected,PPI m/m,,,
8/13/2012 19:30,USD,Medium Impact Expected,Core PPI m/m,,,
8/14/2012 19:30,USD,Medium Impact Expected,CPI m/m,,,
8/14/2012 19:30,USD,High Impact Expected,CPI y/y,,,
8/15/2012 12:30,USD,High Impact Expected,Core CPI m/m,,,
8/15/2012 19:30,EUR,Medium Impact Expected,Final CPI y/y,,,
8/15/2012 19:30,EUR,Medium Impact Expected,Final Core CPI y/y,,,
8/16/2012 14:00,USD,High Impact Expected,Philly Fed Manufacturing Index,,,
8/17/2012 6:00,EUR,Medium Impact Expected,German PPI m/m,,,
8/21/2012 12:00,USD,Medium Impact Expected,FOMC Member Lockhart Speaks,,,
8/22/2012 18:00,USD,High Impact Expected,FOMC Meeting Minutes,,,
8/27/2012 16:15,USD,Medium Impact Expected,FOMC Member Pianalto Speaks,,,
8/29/2012 19:29,EUR,Medium Impact Expected,German Prelim CPI m/m,,,
8/30/2012 7:00,EUR,Low Impact Expected,Spanish Flash CPI y/y,,,
8/30/2012 19:30,EUR,Low Impact Expected,Italian Prelim CPI m/m,,,
8/31/2012 9:00,EUR,Medium Impact Expected,CPI Flash Estimate y/y,,,
8/31/2012 14:00,USD,High Impact Expected,Fed Chairman Bernanke Speaks,,,
9/3/2012 13:30,EUR,Medium Impact Expected,ECB President Draghi Speaks,,,
9/4/2012 9:00,EUR,Low Impact Expected,PPI m/m,,,
9/6/2012 12:30,EUR,High Impact Expected,ECB Press Conference,,,
9/6/2012 16:30,EUR,High Impact Expected,ECB President Draghi Speaks,,,
9/12/2012 5:30,EUR,Low Impact Expected,French Final CPI m/m,,,
9/12/2012 6:00,EUR,Low Impact Expected,German Final CPI m/m,,,
9/12/2012 19:30,USD,High Impact Expected,PPI m/m,,,
9/12/2012 19:30,USD,Medium Impact Expected,Core PPI m/m,,,
9/13/2012 8:00,EUR,Medium Impact Expected,ECB Monthly Bulletin,,,
9/13/2012 16:30,USD,High Impact Expected,FOMC Statement,,,
9/13/2012 18:00,USD,High Impact Expected,FOMC Economic Projections,,,
9/13/2012 18:15,USD,High Impact Expected,FOMC Press Conference,,,
9/13/2012 19:30,USD,High Impact Expected,Core CPI m/m,,,
9/13/2012 19:30,USD,Medium Impact Expected,CPI m/m,,,
9/13/2012 19:30,USD,High Impact Expected,CPI y/y,,,
9/13/2012 19:30,EUR,Medium Impact Expected,Final CPI y/y,,,
9/14/2012 9:00,EUR,Medium Impact Expected,Final Core CPI y/y,,,
9/14/2012 17:00,USD,Low Impact Expected,FOMC Member Lockhart Speaks,,,
9/14/2012 17:45,USD,Low Impact Expected,FOMC Member Raskin Speaks,,,
9/18/2012 16:45,USD,Low Impact Expected,FOMC Member Dudley Speaks,,,
9/18/2012 20:30,USD,Low Impact Expected,FOMC Member Dudley Speaks,,,
9/18/2012 23:15,USD,Medium Impact Expected,FOMC Member Lacker Speaks,,,
9/19/2012 19:30,EUR,Medium Impact Expected,German PPI m/m,,,
9/19/2012 19:30,USD,High Impact Expected,Philly Fed Manufacturing Index,,,
9/20/2012 13:30,USD,Medium Impact Expected,FOMC Member Lockhart Speaks,,,
9/20/2012 21:00,USD,Medium Impact Expected,FOMC Member Pianalto Speaks,,,
9/21/2012 16:40,USD,Medium Impact Expected,FOMC Member Lockhart Speaks,,,
9/24/2012 19:30,USD,Medium Impact Expected,FOMC Member Williams Speaks,,,
9/25/2012 13:00,EUR,High Impact Expected,ECB President Draghi Speaks,,,
9/25/2012 17:30,USD,Medium Impact Expected,Treasury Sec Geithner Speaks,,,
9/26/2012 20:29,EUR,Medium Impact Expected,German Prelim CPI m/m,,,
9/27/2012 20:30,EUR,Low Impact Expected,Spanish Flash CPI y/y,,,
9/27/2012 20:30,EUR,Low Impact Expected,Italian Prelim CPI m/m,,,
9/28/2012 9:00,EUR,Medium Impact Expected,CPI Flash Estimate y/y,,,
10/1/2012 16:00,USD,Low Impact Expected,FOMC Member Williams Speaks,,,
10/1/2012 16:30,USD,High Impact Expected,Fed Chairman Bernanke Speaks,,,
10/2/2012 9:00,EUR,Low Impact Expected,PPI m/m,,,
10/4/2012 12:30,EUR,High Impact Expected,ECB Press Conference,,,
10/4/2012 18:00,USD,High Impact Expected,FOMC Meeting Minutes,,,
10/5/2012 17:00,USD,Low Impact Expected,FOMC Member Duke Speaks,,,
10/9/2012 7:30,EUR,High Impact Expected,ECB President Draghi Speaks,,,
10/10/2012 0:30,USD,Medium Impact Expected,FOMC Member Yellen Speaks,,,
10/10/2012 20:30,USD,Low Impact Expected,FOMC Member Tarullo Speaks,,,
10/11/2012 6:00,EUR,Low Impact Expected,German Final CPI m/m,,,
10/11/2012 6:45,EUR,Low Impact Expected,French Final CPI m/m,,,
10/11/2012 7:30,USD,Medium Impact Expected,FOMC Member Yellen Speaks,,,
10/11/2012 8:00,EUR,Medium Impact Expected,ECB Monthly Bulletin,,,
10/11/2012 14:00,USD,Medium Impact Expected,FOMC Member Stein Speaks,,,
10/11/2012 20:30,USD,Medium Impact Expected,Core PPI m/m,,,
10/12/2012 12:30,USD,High Impact Expected,PPI m/m,,,
10/12/2012 16:35,USD,Medium Impact Expected,FOMC Member Lacker Speaks,,,
10/15/2012 12:00,USD,Low Impact Expected,FOMC Member Dudley Speaks,,,
10/15/2012 16:45,USD,Medium Impact Expected,FOMC Member Lacker Speaks,,,
10/15/2012 20:30,USD,Medium Impact Expected,FOMC Member Williams Speaks,,,
10/15/2012 20:30,EUR,Medium Impact Expected,Final CPI y/y,,,
10/15/2012 20:30,EUR,Medium Impact Expected,Final Core CPI y/y,,,
10/15/2012 20:30,USD,Medium Impact Expected,CPI m/m,,,
10/15/2012 20:30,USD,High Impact Expected,CPI y/y,,,
10/15/2012 20:30,USD,High Impact Expected,Core CPI m/m,,,
10/18/2012 14:00,USD,High Impact Expected,Philly Fed Manufacturing Index,,,
10/19/2012 6:00,EUR,Medium Impact Expected,German PPI m/m,,,
10/22/2012 17:30,USD,Medium Impact Expected,FOMC Member Pianalto Speaks,,,
10/24/2012 11:45,EUR,High Impact Expected,ECB President Draghi Speaks,,,
10/24/2012 14:00,EUR,High Impact Expected,ECB President Draghi Speaks,,,
10/24/2012 18:15,USD,High Impact Expected,FOMC Statement,,,
10/29/2012 20:29,EUR,Medium Impact Expected,German Prelim CPI m/m,,,
10/29/2012 20:30,EUR,Low Impact Expected,Spanish Flash CPI y/y,,,
10/30/2012 8:00,EUR,High Impact Expected,ECB President Draghi Speaks,,,
10/30/2012 20:30,EUR,Low Impact Expected,Italian Prelim CPI m/m,,,
10/31/2012 10:00,EUR,Medium Impact Expected,CPI Flash Estimate y/y,,,
11/1/2012 16:30,USD,Medium Impact Expected,FOMC Member Lockhart Speaks,,,
11/2/2012 18:25,USD,Medium Impact Expected,FOMC Member Williams Speaks,,,
11/6/2012 1:00,USD,Medium Impact Expected,FOMC Member Williams Speaks,,,
11/6/2012 10:00,EUR,Low Impact Expected,PPI m/m,,,
11/7/2012 12:10,EUR,High Impact Expected,ECB President Draghi Speaks,,,
11/7/2012 20:30,EUR,High Impact Expected,ECB Press Conference,,,
11/9/2012 7:00,EUR,Low Impact Expected,German Final CPI m/m,,,
11/9/2012 18:05,USD,Low Impact Expected,President Obama Speaks,,,
11/13/2012 20:30,USD,High Impact Expected,PPI m/m,,,
11/13/2012 20:30,USD,Medium Impact Expected,FOMC Member Yellen Speaks,,,
11/13/2012 20:30,USD,Medium Impact Expected,Core PPI m/m,,,
11/14/2012 7:45,EUR,Low Impact Expected,French Final CPI m/m,,,
11/14/2012 19:00,USD,High Impact Expected,FOMC Meeting Minutes,,,
11/14/2012 20:30,USD,High Impact Expected,Core CPI m/m,,,
11/14/2012 20:30,USD,High Impact Expected,CPI y/y,,,
11/14/2012 20:30,USD,Medium Impact Expected,CPI m/m,,,
11/14/2012 20:30,EUR,Medium Impact Expected,Final CPI y/y,,,
11/15/2012 1:45,USD,Medium Impact Expected,FOMC Member Williams Speaks,,,
11/15/2012 9:00,EUR,Medium Impact Expected,ECB Monthly Bulletin,,,
11/15/2012 10:00,EUR,Medium Impact Expected,Final Core CPI y/y,,,
11/15/2012 14:00,USD,Medium Impact Expected,FOMC Member Lacker Speaks,,,
11/15/2012 15:00,USD,High Impact Expected,Philly Fed Manufacturing Index,,,
11/15/2012 18:20,USD,High Impact Expected,Fed Chairman Bernanke Speaks,,,
11/15/2012 23:30,USD,Low Impact Expected,FOMC Member Dudley Speaks,,,
11/16/2012 10:30,EUR,Medium Impact Expected,German Buba President Weidmann Speaks,,,
11/16/2012 20:45,USD,Medium Impact Expected,FOMC Member Lockhart Speaks,,,
11/19/2012 8:30,EUR,Medium Impact Expected,German Buba President Weidmann Speaks,,,
11/19/2012 20:30,EUR,Medium Impact Expected,German PPI m/m,,,
11/20/2012 14:00,USD,Medium Impact Expected,FOMC Member Lacker Speaks,,,
11/20/2012 17:15,USD,High Impact Expected,Fed Chairman Bernanke Speaks,,,
11/23/2012 9:00,EUR,High Impact Expected,ECB President Draghi Speaks,,,
11/26/2012 20:30,USD,Medium Impact Expected,Fed Chairman Bernanke Speaks,,,
11/27/2012 11:30,USD,Medium Impact Expected,FOMC Member Lockhart Speaks,,,
11/27/2012 20:30,USD,Low Impact Expected,FOMC Member Tarullo Speaks,,,
11/28/2012 16:30,USD,Low Impact Expected,President Obama Speaks,,,
11/28/2012 20:29,EUR,Medium Impact Expected,German Prelim CPI m/m,,,
11/29/2012 14:00,USD,Low Impact Expected,FOMC Member Dudley Speaks,,,
11/29/2012 16:20,EUR,Medium Impact Expected,German Buba President Weidmann Speaks,,,
11/29/2012 20:30,EUR,High Impact Expected,ECB President Draghi Speaks,,,
11/29/2012 20:30,EUR,Low Impact Expected,Italian Prelim CPI m/m,,,
11/29/2012 20:30,EUR,Low Impact Expected,Spanish Flash CPI y/y,,,
11/30/2012 10:00,EUR,Medium Impact Expected,CPI Flash Estimate y/y,,,
11/30/2012 22:00,USD,Medium Impact Expected,FOMC Member Stein Speaks,,,
12/4/2012 10:00,EUR,Low Impact Expected,PPI m/m,,,
12/4/2012 15:45,USD,Low Impact Expected,FOMC Member Tarullo Speaks,,,
12/5/2012 20:30,EUR,High Impact Expected,ECB Press Conference,,,
12/7/2012 10:00,EUR,High Impact Expected,ECB President Draghi Speaks,,,
12/7/2012 15:00,EUR,Medium Impact Expected,German Buba President Weidmann Speaks,,,
12/12/2012 7:00,EUR,Low Impact Expected,German Final CPI m/m,,,
12/12/2012 7:45,EUR,Low Impact Expected,French Final CPI m/m,,,
12/12/2012 17:30,USD,High Impact Expected,FOMC Statement,,,
12/12/2012 19:00,USD,High Impact Expected,FOMC Economic Projections,,,
12/12/2012 19:15,USD,High Impact Expected,FOMC Press Conference,,,
12/12/2012 20:30,USD,Medium Impact Expected,Core PPI m/m,,,
12/12/2012 20:30,USD,High Impact Expected,PPI m/m,,,
12/12/2012 20:30,USD,Medium Impact Expected,Fed Announcement,,,
12/13/2012 9:00,EUR,Medium Impact Expected,ECB Monthly Bulletin,,,
12/13/2012 20:30,EUR,Medium Impact Expected,Final CPI y/y,,,
12/13/2012 20:30,USD,High Impact Expected,Core CPI m/m,,,
12/13/2012 20:30,USD,High Impact Expected,CPI y/y,,,
12/13/2012 20:30,USD,Medium Impact Expected,CPI m/m,,,
12/14/2012 10:00,EUR,Medium Impact Expected,Final Core CPI y/y,,,
12/14/2012 11:00,EUR,Low Impact Expected,ECB Financial Stability Review,,,
12/17/2012 14:30,EUR,High Impact Expected,ECB President Draghi Speaks,,,
12/17/2012 16:00,USD,Medium Impact Expected,FOMC Member Stein Speaks,,,
12/17/2012 18:00,USD,Medium Impact Expected,FOMC Member Lacker Speaks,,,
12/19/2012 20:30,EUR,Medium Impact Expected,German PPI m/m,,,
12/19/2012 20:30,USD,High Impact Expected,Philly Fed Manufacturing Index,,,
1/2/2013 8:00,EUR,Low Impact Expected,Spanish Flash CPI y/y,,,
1/2/2013 20:29,EUR,Medium Impact Expected,German Prelim CPI m/m,,,
1/3/2013 19:00,USD,High Impact Expected,FOMC Meeting Minutes,,,
1/3/2013 20:30,EUR,Low Impact Expected,Italian Prelim CPI m/m,,,
1/4/2013 10:00,EUR,Medium Impact Expected,CPI Flash Estimate y/y,,,
1/4/2013 20:30,USD,Medium Impact Expected,FOMC Member Yellen Speaks,,,
1/5/2013 15:15,USD,Low Impact Expected,FOMC Member Yellen Speaks,,,
1/7/2013 10:00,EUR,Low Impact Expected,PPI m/m,,,
1/9/2013 20:30,EUR,High Impact Expected,ECB Press Conference,,,
1/9/2013 20:30,EUR,Low Impact Expected,French Final CPI m/m,,,
1/10/2013 18:10,USD,Medium Impact Expected,FOMC Member George Speaks,,,
1/10/2013 19:00,USD,Medium Impact Expected,FOMC Member Bullard Speaks,,,
1/14/2013 1:20,USD,Medium Impact Expected,FOMC Member Evans Speaks,,,
1/14/2013 20:30,USD,Medium Impact Expected,Core PPI m/m,,,
1/14/2013 20:30,USD,High Impact Expected,PPI m/m,,,
1/14/2013 20:30,USD,High Impact Expected,Fed Chairman Bernanke Speaks,,,
1/15/2013 7:00,EUR,Low Impact Expected,German Final CPI m/m,,,
1/15/2013 13:00,USD,Medium Impact Expected,FOMC Member Rosengren Speaks,,,
1/15/2013 20:30,EUR,Medium Impact Expected,Final CPI y/y,,,
1/15/2013 20:30,USD,High Impact Expected,Core CPI m/m,,,
1/15/2013 20:30,USD,High Impact Expected,CPI y/y,,,
1/15/2013 20:30,USD,Medium Impact Expected,CPI m/m,,,
1/16/2013 10:00,EUR,Medium Impact Expected,Final Core CPI y/y,,,
1/17/2013 9:00,EUR,Medium Impact Expected,ECB Monthly Bulletin,,,
1/17/2013 15:00,USD,High Impact Expected,Philly Fed Manufacturing Index,,,
1/21/2013 7:00,EUR,Medium Impact Expected,German PPI m/m,,,
1/21/2013 18:00,EUR,Medium Impact Expected,German Buba President Weidmann Speaks,,,
1/22/2013 18:00,EUR,High Impact Expected,ECB President Draghi Speaks,,,
1/30/2013 18:00,EUR,Medium Impact Expected,German Buba President Weidmann Speaks,,,
1/30/2013 19:15,USD,High Impact Expected,FOMC Statement,,,
1/31/2013 8:00,EUR,Low Impact Expected,Spanish Flash CPI y/y,,,
1/31/2013 20:29,EUR,Medium Impact Expected,German Prelim CPI m/m,,,
1/31/2013 20:30,USD,Low Impact Expected,FOMC Member Dudley Speaks,,,
2/1/2013 10:00,EUR,Medium Impact Expected,CPI Flash Estimate y/y,,,
2/4/2013 10:00,EUR,Low Impact Expected,PPI m/m,,,
2/4/2013 20:30,USD,Low Impact Expected,FOMC Member Duke Speaks,,,
2/4/2013 20:30,EUR,Low Impact Expected,Italian Prelim CPI m/m,,,
2/5/2013 18:15,USD,Low Impact Expected,President Obama Speaks,,,
2/6/2013 20:30,EUR,High Impact Expected,ECB Press Conference,,,
2/7/2013 14:30,USD,Medium Impact Expected,FOMC Member Stein Speaks,,,
2/8/2013 1:00,USD,Medium Impact Expected,FOMC Member Evans Speaks,,,
2/11/2013 18:00,USD,Medium Impact Expected,FOMC Member Yellen Speaks,,,
2/12/2013 14:30,EUR,High Impact Expected,ECB President Draghi Speaks,,,
2/12/2013 16:30,USD,Medium Impact Expected,FOMC Member George Speaks,,,
2/13/2013 2:00,USD,Low Impact Expected,President Obama Speaks,,,
2/13/2013 15:00,USD,High Impact Expected,Treasury Sec Lew Speaks,,,
2/13/2013 16:10,USD,Medium Impact Expected,FOMC Member Bullard Speaks,,,
2/14/2013 9:00,EUR,Medium Impact Expected,ECB Monthly Bulletin,,,
2/14/2013 15:30,USD,Low Impact Expected,FOMC Member Tarullo Speaks,,,
2/14/2013 17:50,USD,Medium Impact Expected,FOMC Member Bullard Speaks,,,
2/16/2013 17:30,USD,Low Impact Expected,FOMC Member Dudley Speaks,,,
2/18/2013 14:30,EUR,High Impact Expected,ECB President Draghi Speaks,,,
2/19/2013 20:30,USD,Medium Impact Expected,Core PPI m/m,,,
2/19/2013 20:30,USD,High Impact Expected,PPI m/m,,,
2/19/2013 20:30,EUR,Low Impact Expected,German Final CPI m/m,,,
2/20/2013 7:00,EUR,Medium Impact Expected,German PPI m/m,,,
2/20/2013 7:45,EUR,Low Impact Expected,French Final CPI m/m,,,
2/20/2013 19:00,USD,High Impact Expected,FOMC Meeting Minutes,,,
2/20/2013 20:30,USD,Medium Impact Expected,CPI m/m,,,
2/20/2013 20:30,USD,High Impact Expected,Philly Fed Manufacturing Index,,,
2/20/2013 20:30,USD,High Impact Expected,CPI y/y,,,
2/21/2013 13:30,USD,High Impact Expected,Core CPI m/m,,,
2/21/2013 17:30,USD,Medium Impact Expected,FOMC Member Bullard Speaks,,,
2/22/2013 15:30,USD,Medium Impact Expected,FOMC Member Powell Speaks,,,
2/22/2013 23:30,USD,Low Impact Expected,FOMC Member Tarullo Speaks,,,
2/25/2013 15:30,EUR,Medium Impact Expected,German Buba President Weidmann Speaks,,,
2/25/2013 20:30,USD,Low Impact Expected,Fed Monetary Policy Report,,,
2/25/2013 20:30,USD,High Impact Expected,Fed Chairman Bernanke Testifies,,,
2/27/2013 15:00,USD,High Impact Expected,Fed Chairman Bernanke Testifies,,,
2/27/2013 17:30,EUR,High Impact Expected,ECB President Draghi Speaks,,,
2/27/2013 20:30,EUR,Medium Impact Expected,Final CPI y/y,,,
2/28/2013 8:00,EUR,Low Impact Expected,Spanish Flash CPI y/y,,,
2/28/2013 10:00,EUR,Medium Impact Expected,Final Core CPI y/y,,,
2/28/2013 17:30,USD,Medium Impact Expected,FOMC Member Raskin Speaks,,,
2/28/2013 20:29,EUR,Medium Impact Expected,German Prelim CPI m/m,,,
2/28/2013 20:30,EUR,Low Impact Expected,Italian Prelim CPI m/m,,,
3/1/2013 1:00,USD,Medium Impact Expected,FOMC Member Evans Speaks,,,
3/1/2013 10:00,EUR,Medium Impact Expected,CPI Flash Estimate y/y,,,
3/1/2013 16:35,USD,Low Impact Expected,President Obama Speaks,,,
3/2/2013 3:00,USD,High Impact Expected,Fed Chairman Bernanke Speaks,,,
3/4/2013 10:00,EUR,Low Impact Expected,PPI m/m,,,
3/4/2013 13:00,USD,Medium Impact Expected,FOMC Member Yellen Speaks,,,
3/4/2013 18:15,USD,Medium Impact Expected,FOMC Member Powell Speaks,,,
3/6/2013 20:30,EUR,High Impact Expected,ECB Press Conference,,,
3/7/2013 18:15,USD,Medium Impact Expected,FOMC Member Powell Speaks,,,
3/9/2013 1:00,USD,Low Impact Expected,FOMC Member Duke Speaks,,,
3/12/2013 7:00,EUR,Low Impact Expected,German Final CPI m/m,,,
3/13/2013 7:45,EUR,Low Impact Expected,French Final CPI m/m,,,
3/13/2013 20:30,USD,Medium Impact Expected,Core PPI m/m,,,
3/13/2013 20:30,USD,High Impact Expected,PPI m/m,,,
3/14/2013 9:00,EUR,Medium Impact Expected,ECB Monthly Bulletin,,,
3/14/2013 13:00,USD,Medium Impact Expected,FOMC Member Raskin Speaks,,,
3/14/2013 20:30,USD,High Impact Expected,CPI y/y,,,
3/14/2013 20:30,EUR,Medium Impact Expected,Final CPI y/y,,,
3/14/2013 20:30,USD,Medium Impact Expected,CPI m/m,,,
3/15/2013 10:00,EUR,Medium Impact Expected,Final Core CPI y/y,,,
3/15/2013 12:30,USD,High Impact Expected,Core CPI m/m,,,
3/19/2013 20:30,USD,High Impact Expected,FOMC Statement,,,
3/20/2013 7:00,EUR,Medium Impact Expected,German PPI m/m,,,
3/20/2013 18:00,USD,High Impact Expected,FOMC Economic Projections,,,
3/20/2013 18:30,USD,High Impact Expected,FOMC Press Conference,,,
3/20/2013 20:30,USD,High Impact Expected,Philly Fed Manufacturing Index,,,
3/25/2013 16:15,USD,Low Impact Expected,FOMC Member Dudley Speaks,,,
3/25/2013 17:15,USD,High Impact Expected,Fed Chairman Bernanke Speaks,,,
3/26/2013 19:30,EUR,Low Impact Expected,Spanish Flash CPI y/y,,,
3/27/2013 15:00,USD,Medium Impact Expected,FOMC Member Evans Speaks,,,
3/27/2013 15:30,USD,Medium Impact Expected,FOMC Member Rosengren Speaks,,,
3/29/2013 10:00,EUR,Low Impact Expected,Italian Prelim CPI m/m,,,
4/2/2013 19:29,EUR,Medium Impact Expected,German Prelim CPI m/m,,,
4/2/2013 23:30,USD,Medium Impact Expected,FOMC Member Evans Speaks,,,
4/3/2013 9:00,EUR,Medium Impact Expected,CPI Flash Estimate y/y,,,
4/3/2013 21:00,USD,Medium Impact Expected,FOMC Member Bullard Speaks,,,
4/4/2013 9:00,EUR,Low Impact Expected,PPI m/m,,,
4/4/2013 12:30,EUR,High Impact Expected,ECB Press Conference,,,
4/4/2013 12:45,USD,Medium Impact Expected,FOMC Member Evans Speaks,,,
4/4/2013 14:30,USD,High Impact Expected,Fed Chairman Bernanke Speaks,,,
4/4/2013 16:30,USD,Medium Impact Expected,FOMC Member George Speaks,,,
4/4/2013 21:00,USD,Medium Impact Expected,FOMC Member Yellen Speaks,,,
4/8/2013 23:15,USD,High Impact Expected,Fed Chairman Bernanke Speaks,,,
4/10/2013 13:00,USD,High Impact Expected,FOMC Meeting Minutes,,,
4/10/2013 19:30,USD,Medium Impact Expected,FOMC Member Bullard Speaks,,,
4/11/2013 6:00,EUR,Low Impact Expected,German Final CPI m/m,,,
4/11/2013 6:45,EUR,Low Impact Expected,French Final CPI m/m,,,
4/11/2013 8:00,EUR,Medium Impact Expected,ECB Monthly Bulletin,,,
4/11/2013 14:00,USD,Medium Impact Expected,Treasury Sec Lew Speaks,,,
4/11/2013 18:30,USD,Medium Impact Expected,Treasury Sec Lew Speaks,,,
4/11/2013 19:30,USD,Medium Impact Expected,Core PPI m/m,,,
4/11/2013 19:30,USD,High Impact Expected,PPI m/m,,,
4/12/2013 12:45,USD,Medium Impact Expected,FOMC Member Rosengren Speaks,,,
4/12/2013 16:30,USD,High Impact Expected,Fed Chairman Bernanke Speaks,,,
4/13/2013 16:30,USD,Medium Impact Expected,FOMC Member Evans Speaks,,,
4/15/2013 13:00,EUR,High Impact Expected,ECB President Draghi Speaks,,,
4/15/2013 19:30,USD,High Impact Expected,Core CPI m/m,,,
4/15/2013 19:30,EUR,Medium Impact Expected,Final Core CPI y/y,,,
4/15/2013 19:30,USD,Medium Impact Expected,CPI m/m,,,
4/15/2013 19:30,USD,Medium Impact Expected,Treasury Sec Lew Speaks,,,
4/15/2013 19:30,EUR,Medium Impact Expected,Final CPI y/y,,,
4/15/2013 19:30,USD,High Impact Expected,CPI y/y,,,
4/15/2013 22:10,USD,Low Impact Expected,President Obama Speaks,,,
4/16/2013 12:00,USD,Low Impact Expected,FOMC Member Dudley Speaks,,,
4/16/2013 13:00,EUR,High Impact Expected,ECB President Draghi Speaks,,,
4/16/2013 14:00,USD,Medium Impact Expected,Treasury Sec Lew Speaks,,,
4/16/2013 16:00,USD,Low Impact Expected,FOMC Member Duke Speaks,,,
4/16/2013 19:00,USD,Medium Impact Expected,FOMC Member Yellen Speaks,,,
4/17/2013 13:30,USD,Medium Impact Expected,FOMC Member Bullard Speaks,,,
4/17/2013 16:00,USD,Medium Impact Expected,FOMC Member Rosengren Speaks,,,
4/17/2013 20:00,USD,Medium Impact Expected,Treasury Sec Lew Speaks,,,
4/18/2013 14:00,USD,High Impact Expected,Philly Fed Manufacturing Index,,,
4/18/2013 19:15,USD,Medium Impact Expected,FOMC Member Raskin Speaks,,,
4/19/2013 6:00,EUR,Medium Impact Expected,German PPI m/m,,,
4/19/2013 10:30,EUR,High Impact Expected,German Buba President Weidmann Speaks,,,
4/19/2013 16:00,USD,Medium Impact Expected,FOMC Member Stein Speaks,,,
4/21/2013 17:30,EUR,High Impact Expected,German Buba President Weidmann Speaks,,,
4/22/2013 12:30,USD,Low Impact Expected,FOMC Member Dudley Speaks,,,
4/24/2013 13:30,USD,Medium Impact Expected,Treasury Sec Lew Speaks,,,
4/25/2013 14:00,USD,Medium Impact Expected,Treasury Sec Lew Speaks,,,
4/29/2013 7:00,EUR,Low Impact Expected,Spanish Flash CPI y/y,,,
4/29/2013 19:29,EUR,Medium Impact Expected,German Prelim CPI m/m,,,
4/29/2013 19:30,EUR,Low Impact Expected,Italian Prelim CPI m/m,,,
4/29/2013 19:30,EUR,Low Impact Expected,Core CPI Flash Estimate y/y,,,
4/30/2013 9:00,EUR,Medium Impact Expected,CPI Flash Estimate y/y,,,
4/30/2013 19:30,USD,High Impact Expected,FOMC Statement,,,
5/1/2013 19:30,EUR,High Impact Expected,ECB Press Conference,,,
5/2/2013 19:30,EUR,Low Impact Expected,PPI m/m,,,
5/3/2013 16:30,USD,Low Impact Expected,FOMC Member Tarullo Speaks,,,
5/6/2013 13:00,EUR,High Impact Expected,ECB President Draghi Speaks,,,
5/7/2013 20:00,USD,Medium Impact Expected,Treasury Sec Lew Speaks,,,
5/8/2013 12:30,USD,Medium Impact Expected,FOMC Member Stein Speaks,,,
5/8/2013 19:00,USD,Medium Impact Expected,Treasury Sec Lew Speaks,,,
5/9/2013 8:00,EUR,Medium Impact Expected,ECB Monthly Bulletin,,,
5/10/2013 12:25,USD,Medium Impact Expected,FOMC Member Evans Speaks,,,
5/10/2013 13:30,USD,High Impact Expected,Fed Chairman Bernanke Speaks,,,
5/10/2013 18:00,USD,Medium Impact Expected,FOMC Member George Speaks,,,
5/14/2013 6:00,EUR,Low Impact Expected,German Final CPI m/m,,,
5/14/2013 19:30,USD,High Impact Expected,PPI m/m,,,
5/14/2013 19:30,USD,Medium Impact Expected,Core PPI m/m,,,
5/15/2013 6:45,EUR,Low Impact Expected,French Final CPI m/m,,,
5/15/2013 19:30,USD,High Impact Expected,Core CPI m/m,,,
5/15/2013 19:30,EUR,Low Impact Expected,Final Core CPI y/y,,,
5/15/2013 19:30,USD,Medium Impact Expected,CPI m/m,,,
5/15/2013 19:30,USD,High Impact Expected,CPI y/y,,,
5/16/2013 9:00,EUR,Medium Impact Expected,Final CPI y/y,,,
5/16/2013 11:45,USD,Medium Impact Expected,FOMC Member Rosengren Speaks,,,
5/16/2013 14:00,USD,High Impact Expected,Philly Fed Manufacturing Index,,,
5/16/2013 16:30,USD,Medium Impact Expected,FOMC Member Raskin Speaks,,,
5/18/2013 15:00,USD,Medium Impact Expected,Fed Chairman Bernanke Speaks,,,
5/20/2013 17:00,USD,Medium Impact Expected,FOMC Member Evans Speaks,,,
5/21/2013 6:00,EUR,Medium Impact Expected,German PPI m/m,,,
5/21/2013 14:00,USD,Medium Impact Expected,Treasury Sec Lew Speaks,,,
5/21/2013 15:30,USD,Medium Impact Expected,FOMC Member Bullard Speaks,,,
5/21/2013 17:00,USD,Low Impact Expected,FOMC Member Dudley Speaks,,,
5/21/2013 19:30,USD,High Impact Expected,Fed Chairman Bernanke Testifies,,,
5/21/2013 19:30,USD,Low Impact Expected,Treasury Sec Lew Speaks,,,
5/22/2013 18:00,USD,High Impact Expected,FOMC Meeting Minutes,,,
5/23/2013 10:05,USD,Medium Impact Expected,FOMC Member Bullard Speaks,,,
5/23/2013 21:30,EUR,High Impact Expected,ECB President Draghi Speaks,,,
5/24/2013 10:00,EUR,Medium Impact Expected,German Buba President Weidmann Speaks,,,
5/29/2013 10:00,EUR,Low Impact Expected,ECB Financial Stability Review,,,
5/29/2013 17:00,USD,Medium Impact Expected,FOMC Member Rosengren Speaks,,,
5/29/2013 19:29,EUR,Medium Impact Expected,German Prelim CPI m/m,,,
5/30/2013 7:00,EUR,Low Impact Expected,Spanish Flash CPI y/y,,,
5/30/2013 19:30,EUR,Low Impact Expected,Italian Prelim CPI m/m,,,
5/30/2013 19:30,EUR,Low Impact Expected,Core CPI Flash Estimate y/y,,,
5/31/2013 9:00,EUR,Medium Impact Expected,CPI Flash Estimate y/y,,,
6/2/2013 18:00,USD,Medium Impact Expected,Fed Chairman Bernanke Speaks,,,
6/3/2013 1:50,USD,Medium Impact Expected,FOMC Member Yellen Speaks,,,
6/4/2013 9:00,EUR,Low Impact Expected,PPI m/m,,,
6/4/2013 16:30,USD,Medium Impact Expected,FOMC Member Raskin Speaks,,,
6/4/2013 18:15,USD,Medium Impact Expected,FOMC Member George Speaks,,,
6/6/2013 12:30,EUR,High Impact Expected,ECB Press Conference,,,
6/10/2013 13:50,USD,Medium Impact Expected,FOMC Member Bullard Speaks,,,
6/12/2013 6:00,EUR,Low Impact Expected,German Final CPI m/m,,,
6/12/2013 6:45,EUR,Low Impact Expected,French Final CPI m/m,,,
6/13/2013 8:00,EUR,Medium Impact Expected,ECB Monthly Bulletin,,,
6/13/2013 17:00,EUR,Medium Impact Expected,German Buba President Weidmann Speaks,,,
6/13/2013 19:30,EUR,Low Impact Expected,Final Core CPI y/y,,,
6/13/2013 19:30,USD,High Impact Expected,PPI m/m,,,
6/13/2013 19:30,USD,Medium Impact Expected,Core PPI m/m,,,
6/14/2013 9:00,EUR,Medium Impact Expected,Final CPI y/y,,,
6/17/2013 15:10,EUR,Medium Impact Expected,German Buba President Weidmann Speaks,,,
6/17/2013 19:30,USD,High Impact Expected,CPI y/y,,,
6/17/2013 19:30,USD,High Impact Expected,Core CPI m/m,,,
6/17/2013 19:30,USD,Medium Impact Expected,CPI m/m,,,
6/18/2013 6:00,EUR,High Impact Expected,ECB President Draghi Speaks,,,
6/18/2013 19:30,USD,High Impact Expected,FOMC Statement,,,
6/19/2013 18:00,USD,High Impact Expected,FOMC Economic Projections,,,
6/19/2013 18:30,USD,High Impact Expected,FOMC Press Conference,,,
6/19/2013 19:30,EUR,Medium Impact Expected,German PPI m/m,,,
6/19/2013 19:30,USD,High Impact Expected,Philly Fed Manufacturing Index,,,
6/25/2013 12:15,EUR,High Impact Expected,ECB President Draghi Speaks,,,
6/25/2013 21:00,USD,Medium Impact Expected,Treasury Sec Lew Speaks,,,
6/26/2013 7:48,EUR,High Impact Expected,ECB President Draghi Speaks,,,
6/26/2013 19:30,USD,Medium Impact Expected,FOMC Member Dudley Speaks,,,
6/27/2013 7:00,EUR,Low Impact Expected,Spanish Flash CPI y/y,,,
6/27/2013 14:30,USD,Medium Impact Expected,FOMC Member Powell Speaks,,,
6/28/2013 9:00,EUR,Low Impact Expected,Italian Prelim CPI m/m,,,
6/28/2013 12:00,USD,Medium Impact Expected,FOMC Member Stein Speaks,,,
6/28/2013 19:29,EUR,Medium Impact Expected,German Prelim CPI m/m,,,
6/30/2013 19:30,USD,Medium Impact Expected,Treasury Sec Lew Speaks,,,
6/30/2013 19:30,EUR,Low Impact Expected,Core CPI Flash Estimate y/y,,,
7/1/2013 9:00,EUR,Medium Impact Expected,CPI Flash Estimate y/y,,,
7/2/2013 9:00,EUR,Low Impact Expected,PPI m/m,,,
7/2/2013 16:30,USD,Medium Impact Expected,FOMC Member Dudley Speaks,,,
7/2/2013 19:30,USD,Medium Impact Expected,Treasury Sec Lew Speaks,,,
7/2/2013 21:45,USD,Medium Impact Expected,FOMC Member Powell Speaks,,,
7/4/2013 12:30,EUR,High Impact Expected,ECB Press Conference,,,
7/7/2013 9:30,EUR,Medium Impact Expected,German Buba President Weidmann Speaks,,,
7/7/2013 19:30,EUR,High Impact Expected,ECB President Draghi Speaks,,,
7/8/2013 13:30,EUR,High Impact Expected,ECB President Draghi Speaks,,,
7/10/2013 6:00,EUR,Low Impact Expected,German Final CPI m/m,,,
7/10/2013 18:00,USD,High Impact Expected,FOMC Meeting Minutes,,,
7/10/2013 19:30,EUR,Medium Impact Expected,ECB Monthly Bulletin,,,
7/10/2013 20:10,USD,High Impact Expected,Fed Chairman Bernanke Speaks,,,
7/11/2013 6:45,EUR,Low Impact Expected,French Final CPI m/m,,,
7/11/2013 8:00,EUR,Medium Impact Expected,German Buba President Weidmann Speaks,,,
7/11/2013 15:00,USD,Low Impact Expected,FOMC Member Tarullo Speaks,,,
7/11/2013 19:30,USD,Medium Impact Expected,Core PPI m/m,,,
7/12/2013 12:30,USD,High Impact Expected,PPI m/m,,,
7/12/2013 17:00,USD,Medium Impact Expected,FOMC Member Bullard Speaks,,,
7/15/2013 12:00,USD,Low Impact Expected,FOMC Member Tarullo Speaks,,,
7/15/2013 19:30,EUR,Low Impact Expected,Final CPI y/y,,,
7/15/2013 19:30,USD,High Impact Expected,CPI y/y,,,
7/15/2013 19:30,USD,High Impact Expected,Core CPI m/m,,,
7/15/2013 19:30,USD,Medium Impact Expected,CPI m/m,,,
7/15/2013 19:30,EUR,Low Impact Expected,Final Core CPI y/y,,,
7/16/2013 18:15,USD,Medium Impact Expected,FOMC Member George Speaks,,,
7/16/2013 19:30,USD,Low Impact Expected,Fed Monetary Policy Report,,,
7/16/2013 19:30,USD,High Impact Expected,Fed Chairman Bernanke Testifies,,,
7/17/2013 16:30,USD,Medium Impact Expected,FOMC Member Raskin Speaks,,,
7/18/2013 14:00,USD,High Impact Expected,Philly Fed Manufacturing Index,,,
7/18/2013 14:30,USD,High Impact Expected,Fed Chairman Bernanke Testifies,,,
7/19/2013 6:00,EUR,Medium Impact Expected,German PPI m/m,,,
7/25/2013 12:45,USD,Medium Impact Expected,Treasury Sec Lew Speaks,,,
7/29/2013 19:30,EUR,Low Impact Expected,Spanish Flash CPI y/y,,,
7/30/2013 18:00,USD,Medium Impact Expected,President Obama Speaks,,,
7/30/2013 19:29,EUR,Medium Impact Expected,German Prelim CPI m/m,,,
7/30/2013 19:30,EUR,Low Impact Expected,Italian Prelim CPI m/m,,,
7/30/2013 19:30,EUR,Low Impact Expected,Core CPI Flash Estimate y/y,,,
7/31/2013 9:00,EUR,Medium Impact Expected,CPI Flash Estimate y/y,,,
7/31/2013 18:00,USD,High Impact Expected,FOMC Statement,,,
8/1/2013 12:30,EUR,High Impact Expected,ECB Press Conference,,,
8/2/2013 9:00,EUR,Low Impact Expected,PPI m/m,,,
8/2/2013 16:15,USD,High Impact Expected,FOMC Member Bullard Speaks,,,
8/6/2013 17:00,USD,Medium Impact Expected,FOMC Member Evans Speaks,,,
8/8/2013 8:00,EUR,Medium Impact Expected,ECB Monthly Bulletin,,,
8/13/2013 6:00,EUR,Low Impact Expected,German Final CPI m/m,,,
8/13/2013 19:30,USD,Medium Impact Expected,Core PPI m/m,,,
8/13/2013 19:30,EUR,Low Impact Expected,French Final CPI m/m,,,
8/14/2013 12:30,USD,High Impact Expected,PPI m/m,,,
8/14/2013 17:20,USD,Medium Impact Expected,FOMC Member Bullard Speaks,,,
8/14/2013 19:15,USD,Medium Impact Expected,FOMC Member Bullard Speaks,,,
8/14/2013 19:30,USD,High Impact Expected,CPI y/y,,,
8/14/2013 19:30,USD,Medium Impact Expected,CPI m/m,,,
8/15/2013 12:15,USD,Medium Impact Expected,FOMC Member Bullard Speaks,,,
8/15/2013 12:30,USD,High Impact Expected,Core CPI m/m,,,
8/15/2013 14:00,USD,High Impact Expected,Philly Fed Manufacturing Index,,,
8/15/2013 19:30,EUR,Low Impact Expected,Final Core CPI y/y,,,
8/16/2013 9:00,EUR,Medium Impact Expected,Final CPI y/y,,,
8/20/2013 6:00,EUR,Medium Impact Expected,German PPI m/m,,,
8/21/2013 18:00,USD,High Impact Expected,FOMC Meeting Minutes,,,
8/22/2013 19:15,USD,Medium Impact Expected,Treasury Sec Lew Speaks,,,
8/29/2013 7:00,EUR,Low Impact Expected,Spanish Flash CPI y/y,,,
8/29/2013 12:50,USD,Medium Impact Expected,FOMC Member Bullard Speaks,,,
8/29/2013 16:00,EUR,Medium Impact Expected,German Buba President Weidmann Speaks,,,
8/29/2013 19:29,EUR,Medium Impact Expected,German Prelim CPI m/m,,,
8/29/2013 19:30,EUR,Low Impact Expected,Core CPI Flash Estimate y/y,,,
8/29/2013 19:30,EUR,Low Impact Expected,Italian Prelim CPI m/m,,,
8/29/2013 23:45,USD,Medium Impact Expected,FOMC Member Bullard Speaks,,,
8/30/2013 9:00,EUR,Medium Impact Expected,CPI Flash Estimate y/y,,,
8/30/2013 13:00,USD,Medium Impact Expected,FOMC Member Bullard Speaks,,,
9/3/2013 9:00,EUR,Low Impact Expected,PPI m/m,,,
9/5/2013 12:30,EUR,High Impact Expected,ECB Press Conference,,,
9/6/2013 12:00,USD,Medium Impact Expected,FOMC Member Evans Speaks,,,
9/6/2013 17:30,USD,Medium Impact Expected,FOMC Member George Speaks,,,
9/11/2013 1:00,USD,Medium Impact Expected,President Obama Speaks,,,
9/11/2013 6:00,EUR,Low Impact Expected,German Final CPI m/m,,,
9/12/2013 6:45,EUR,Low Impact Expected,French Final CPI m/m,,,
9/12/2013 8:00,EUR,Medium Impact Expected,ECB Monthly Bulletin,,,
9/12/2013 11:40,EUR,High Impact Expected,ECB President Draghi Speaks,,,
9/12/2013 13:00,USD,Medium Impact Expected,FOMC Member Dudley Speaks,,,
9/12/2013 19:30,USD,High Impact Expected,PPI m/m,,,
9/12/2013 19:30,USD,Medium Impact Expected,Core PPI m/m,,,
9/15/2013 19:30,EUR,Low Impact Expected,Final Core CPI y/y,,,
9/16/2013 8:00,EUR,High Impact Expected,ECB President Draghi Speaks,,,
9/16/2013 9:00,EUR,Medium Impact Expected,Final CPI y/y,,,
9/16/2013 19:30,USD,High Impact Expected,CPI y/y,,,
9/16/2013 19:30,USD,High Impact Expected,Core CPI m/m,,,
9/16/2013 19:30,USD,Medium Impact Expected,CPI m/m,,,
9/17/2013 12:15,USD,Medium Impact Expected,Treasury Sec Lew Speaks,,,
9/17/2013 19:30,USD,High Impact Expected,FOMC Statement,,,
9/18/2013 18:00,USD,High Impact Expected,FOMC Economic Projections,,,
9/18/2013 18:30,USD,High Impact Expected,FOMC Press Conference,,,
9/18/2013 19:30,USD,High Impact Expected,Philly Fed Manufacturing Index,,,
9/20/2013 11:30,EUR,Medium Impact Expected,German Buba President Weidmann Speaks,,,
9/20/2013 16:30,USD,Medium Impact Expected,FOMC Member George Speaks,,,
9/20/2013 16:40,USD,Low Impact Expected,FOMC Member Tarullo Speaks,,,
9/20/2013 16:55,USD,High Impact Expected,FOMC Member Bullard Speaks,,,
9/23/2013 13:00,EUR,High Impact Expected,ECB President Draghi Speaks,,,
9/23/2013 13:30,USD,Medium Impact Expected,FOMC Member Dudley Speaks,,,
9/23/2013 20:30,USD,Medium Impact Expected,FOMC Member George Speaks,,,
9/26/2013 14:10,USD,Medium Impact Expected,FOMC Member Stein Speaks,,,
9/26/2013 20:30,EUR,Low Impact Expected,Spanish Flash CPI y/y,,,
9/26/2013 20:30,USD,Medium Impact Expected,FOMC Member Rosengren Speaks,,,
9/27/2013 1:15,USD,Medium Impact Expected,FOMC Member George Speaks,,,
9/27/2013 9:00,EUR,High Impact Expected,ECB President Draghi Speaks,,,
9/27/2013 9:45,USD,High Impact Expected,FOMC Member Evans Speaks,,,
9/27/2013 14:45,USD,Medium Impact Expected,FOMC Member Evans Speaks,,,
9/27/2013 18:00,USD,Medium Impact Expected,FOMC Member Dudley Speaks,,,
9/27/2013 19:30,USD,Low Impact Expected,President Obama Speaks,,,
9/27/2013 20:29,EUR,Medium Impact Expected,German Prelim CPI m/m,,,
9/29/2013 20:30,EUR,Low Impact Expected,Core CPI Flash Estimate y/y,,,
9/29/2013 20:30,EUR,Low Impact Expected,Italian Prelim CPI m/m,,,
9/30/2013 9:00,EUR,Medium Impact Expected,CPI Flash Estimate y/y,,,
10/1/2013 17:02,USD,Medium Impact Expected,President Obama Speaks,,,
10/2/2013 12:30,EUR,High Impact Expected,ECB Press Conference,,,
10/2/2013 16:00,USD,Medium Impact Expected,FOMC Member Rosengren Speaks,,,
10/2/2013 19:20,USD,Low Impact Expected,FOMC Member Bullard Speaks,,,
10/2/2013 19:30,USD,High Impact Expected,Fed Chairman Bernanke Speaks,,,
10/3/2013 17:30,USD,Medium Impact Expected,FOMC Member Powell Speaks,,,
10/4/2013 6:00,EUR,Medium Impact Expected,German PPI m/m,,,
10/4/2013 9:00,EUR,Low Impact Expected,PPI m/m,,,
10/4/2013 13:15,USD,Medium Impact Expected,FOMC Member Dudley Speaks,,,
10/4/2013 13:30,USD,Medium Impact Expected,FOMC Member Stein Speaks,,,
10/8/2013 18:00,USD,Low Impact Expected,President Obama Speaks,,,
10/8/2013 20:30,USD,Medium Impact Expected,FOMC Member Evans Speaks,,,
10/9/2013 18:00,USD,High Impact Expected,FOMC Meeting Minutes,,,
10/9/2013 19:15,USD,Medium Impact Expected,President Obama Speaks,,,
10/9/2013 22:00,EUR,High Impact Expected,ECB President Draghi Speaks,,,
10/10/2013 8:00,EUR,Medium Impact Expected,ECB Monthly Bulletin,,,
10/10/2013 12:00,USD,High Impact Expected,Treasury Sec Lew Speaks,,,
10/10/2013 13:45,USD,Medium Impact Expected,FOMC Member Bullard Speaks,,,
10/10/2013 16:20,EUR,High Impact Expected,ECB President Draghi Speaks,,,
10/10/2013 17:45,USD,Low Impact Expected,FOMC Member Tarullo Speaks,,,
10/11/2013 6:00,EUR,Low Impact Expected,German Final CPI m/m,,,
10/11/2013 15:00,USD,Medium Impact Expected,FOMC Member Powell Speaks,,,
10/12/2013 17:00,EUR,Medium Impact Expected,German Buba President Weidmann Speaks,,,
10/15/2013 1:00,USD,High Impact Expected,Fed Chairman Bernanke Speaks,,,
10/15/2013 6:45,EUR,Low Impact Expected,French Final CPI m/m,,,
10/15/2013 14:00,USD,Medium Impact Expected,FOMC Member Dudley Speaks,,,
10/15/2013 20:30,EUR,Low Impact Expected,Final Core CPI y/y,,,
10/15/2013 20:30,EUR,Medium Impact Expected,Final CPI y/y,,,
10/16/2013 18:00,EUR,High Impact Expected,ECB President Draghi Speaks,,,
10/16/2013 20:30,USD,Medium Impact Expected,FOMC Member George Speaks,,,
10/16/2013 21:30,USD,Medium Impact Expected,FOMC Member George Speaks,,,
10/17/2013 14:00,USD,High Impact Expected,Philly Fed Manufacturing Index,,,
10/17/2013 16:45,USD,Medium Impact Expected,FOMC Member Evans Speaks,,,
10/18/2013 16:30,USD,Low Impact Expected,FOMC Member Tarullo Speaks,,,
10/18/2013 18:00,USD,Medium Impact Expected,FOMC Member Evans Speaks,,,
10/18/2013 19:40,USD,Medium Impact Expected,FOMC Member Dudley Speaks,,,
10/18/2013 20:30,USD,Medium Impact Expected,FOMC Member Stein Speaks,,,
10/21/2013 6:00,EUR,Medium Impact Expected,German PPI m/m,,,
10/21/2013 12:00,USD,Medium Impact Expected,FOMC Member Evans Speaks,,,
10/28/2013 20:30,USD,Medium Impact Expected,Core PPI m/m,,,
10/28/2013 20:30,USD,High Impact Expected,PPI m/m,,,
10/29/2013 20:30,EUR,Low Impact Expected,Spanish Flash CPI y/y,,,
10/29/2013 20:30,USD,Medium Impact Expected,CPI m/m,,,
10/29/2013 20:30,USD,High Impact Expected,CPI y/y,,,
10/30/2013 12:30,USD,High Impact Expected,Core CPI m/m,,,
10/30/2013 18:00,USD,High Impact Expected,FOMC Statement,,,
10/30/2013 20:29,EUR,Medium Impact Expected,German Prelim CPI m/m,,,
10/30/2013 20:30,EUR,Low Impact Expected,Italian Prelim CPI m/m,,,
10/30/2013 20:30,EUR,Low Impact Expected,Core CPI Flash Estimate y/y,,,
10/31/2013 10:00,EUR,Medium Impact Expected,CPI Flash Estimate y/y,,,
10/31/2013 13:00,USD,Medium Impact Expected,Treasury Sec Lew Speaks,,,
11/1/2013 13:10,USD,High Impact Expected,FOMC Member Bullard Speaks,,,
11/4/2013 16:40,USD,Medium Impact Expected,FOMC Member Powell Speaks,,,
11/4/2013 21:00,USD,Medium Impact Expected,FOMC Member Rosengren Speaks,,,
11/5/2013 10:00,EUR,Low Impact Expected,PPI m/m,,,
11/7/2013 13:30,EUR,High Impact Expected,ECB Press Conference,,,
11/7/2013 18:30,USD,Medium Impact Expected,FOMC Member Dudley Speaks,,,
11/7/2013 18:50,USD,Medium Impact Expected,FOMC Member Stein Speaks,,,
11/7/2013 19:00,EUR,High Impact Expected,ECB President Draghi Speaks,,,
11/8/2013 18:10,USD,Low Impact Expected,President Obama Speaks,,,
11/8/2013 20:30,USD,High Impact Expected,Fed Chairman Bernanke Speaks,,,
11/11/2013 17:00,EUR,Medium Impact Expected,German Buba President Weidmann Speaks,,,
11/12/2013 7:00,EUR,Low Impact Expected,German Final CPI m/m,,,
11/13/2013 12:10,EUR,Medium Impact Expected,German Buba President Weidmann Speaks,,,
11/13/2013 20:30,USD,High Impact Expected,Fed Chairman Bernanke Speaks,,,
11/13/2013 20:30,EUR,Low Impact Expected,French Final CPI m/m,,,
11/14/2013 9:00,EUR,Medium Impact Expected,ECB Monthly Bulletin,,,
11/14/2013 15:00,USD,High Impact Expected,Fed Chair Yellen Testifies,,,
11/14/2013 20:30,EUR,Low Impact Expected,Final Core CPI y/y,,,
11/15/2013 10:00,EUR,Medium Impact Expected,Final CPI y/y,,,
11/18/2013 6:00,USD,Medium Impact Expected,FOMC Member Rosengren Speaks,,,
11/18/2013 17:15,USD,Medium Impact Expected,FOMC Member Dudley Speaks,,,
11/19/2013 13:45,USD,Medium Impact Expected,Treasury Sec Lew Speaks,,,
11/19/2013 15:00,USD,Medium Impact Expected,FOMC Member Dudley Speaks,,,
11/19/2013 19:15,USD,Medium Impact Expected,FOMC Member Evans Speaks,,,
11/19/2013 20:00,USD,Low Impact Expected,President Obama Speaks,,,
11/19/2013 20:30,USD,High Impact Expected,CPI y/y,,,
11/19/2013 20:30,USD,High Impact Expected,Core CPI m/m,,,
11/19/2013 20:30,USD,Medium Impact Expected,FOMC Member Dudley Speaks,,,
11/19/2013 20:30,USD,Medium Impact Expected,CPI m/m,,,
11/20/2013 0:00,USD,High Impact Expected,Fed Chairman Bernanke Speaks,,,
11/20/2013 7:00,EUR,Medium Impact Expected,German PPI m/m,,,
11/20/2013 17:10,USD,Medium Impact Expected,FOMC Member Bullard Speaks,,,
11/20/2013 19:00,USD,High Impact Expected,FOMC Meeting Minutes,,,
11/20/2013 20:30,USD,Medium Impact Expected,Core PPI m/m,,,
11/20/2013 20:30,USD,High Impact Expected,Philly Fed Manufacturing Index,,,
11/21/2013 11:30,EUR,High Impact Expected,ECB President Draghi Speaks,,,
11/21/2013 13:30,USD,High Impact Expected,PPI m/m,,,
11/21/2013 14:45,USD,Medium Impact Expected,FOMC Member Powell Speaks,,,
11/21/2013 16:00,EUR,High Impact Expected,German Buba President Weidmann Speaks,,,
11/21/2013 18:00,USD,Medium Impact Expected,FOMC Member Bullard Speaks,,,
11/22/2013 8:55,EUR,High Impact Expected,ECB President Draghi Speaks,,,
11/22/2013 13:40,USD,Medium Impact Expected,FOMC Member George Speaks,,,
11/22/2013 17:15,USD,Low Impact Expected,FOMC Member Tarullo Speaks,,,
11/25/2013 21:15,EUR,Medium Impact Expected,German Buba President Weidmann Speaks,,,
11/27/2013 11:00,EUR,Low Impact Expected,ECB Financial Stability Review,,,
11/28/2013 8:00,EUR,Medium Impact Expected,Spanish Flash CPI y/y,,,
11/28/2013 20:29,EUR,Medium Impact Expected,German Prelim CPI m/m,,,
11/28/2013 20:30,EUR,Medium Impact Expected,Core CPI Flash Estimate y/y,,,
11/28/2013 20:30,EUR,Low Impact Expected,Italian Prelim CPI m/m,,,
11/29/2013 10:00,EUR,High Impact Expected,CPI Flash Estimate y/y,,,
12/2/2013 13:30,USD,High Impact Expected,Fed Chairman Bernanke Speaks,,,
12/3/2013 10:00,EUR,Low Impact Expected,PPI m/m,,,
12/4/2013 16:20,USD,Low Impact Expected,President Obama Speaks,,,
12/4/2013 20:30,EUR,High Impact Expected,ECB Press Conference,,,
12/4/2013 20:30,USD,Medium Impact Expected,Treasury Sec Lew Speaks,,,
12/6/2013 20:00,USD,Medium Impact Expected,FOMC Member Evans Speaks,,,
12/9/2013 18:05,USD,High Impact Expected,FOMC Member Bullard Speaks,,,
12/10/2013 12:00,EUR,High Impact Expected,ECB President Draghi Speaks,,,
12/11/2013 7:00,EUR,Low Impact Expected,German Final CPI m/m,,,
12/11/2013 15:00,USD,Medium Impact Expected,Treasury Sec Lew Speaks,,,
12/11/2013 20:30,EUR,Medium Impact Expected,ECB Monthly Bulletin,,,
12/12/2013 7:45,EUR,Low Impact Expected,French Final CPI m/m,,,
12/12/2013 8:00,EUR,High Impact Expected,ECB President Draghi Speaks,,,
12/12/2013 20:30,USD,Medium Impact Expected,Core PPI m/m,,,
12/13/2013 13:30,USD,High Impact Expected,PPI m/m,,,
12/16/2013 14:00,EUR,High Impact Expected,ECB President Draghi Speaks,,,
12/16/2013 20:30,USD,High Impact Expected,Core CPI m/m,,,
12/16/2013 20:30,EUR,Medium Impact Expected,Final CPI y/y,,,
12/16/2013 20:30,EUR,Low Impact Expected,Final Core CPI y/y,,,
12/16/2013 20:30,USD,Medium Impact Expected,CPI m/m,,,
12/16/2013 20:30,USD,High Impact Expected,CPI y/y,,,
12/17/2013 20:30,USD,High Impact Expected,FOMC Statement,,,
12/18/2013 19:00,USD,High Impact Expected,FOMC Economic Projections,,,
12/18/2013 19:30,USD,High Impact Expected,FOMC Press Conference,,,
12/18/2013 20:30,USD,High Impact Expected,Philly Fed Manufacturing Index,,,
12/19/2013 20:30,EUR,Medium Impact Expected,German PPI m/m,,,
1/2/2014 20:30,EUR,Medium Impact Expected,Spanish Flash CPI y/y,,,
1/3/2014 10:00,EUR,Low Impact Expected,Italian Prelim CPI m/m,,,
1/3/2014 17:45,USD,Medium Impact Expected,FOMC Member Plosser Speaks,,,
1/3/2014 18:15,USD,Medium Impact Expected,FOMC Member Stein Speaks,,,
1/3/2014 19:30,USD,High Impact Expected,Fed Chairman Bernanke Speaks,,,
1/4/2014 15:15,USD,Medium Impact Expected,FOMC Member Dudley Speaks,,,
1/4/2014 22:00,USD,Medium Impact Expected,FOMC Member Plosser Speaks,,,
1/6/2014 20:29,EUR,Medium Impact Expected,German Prelim CPI m/m,,,
1/6/2014 20:30,EUR,Medium Impact Expected,Core CPI Flash Estimate y/y,,,
1/6/2014 20:30,EUR,Low Impact Expected,PPI m/m,,,
1/6/2014 23:00,USD,High Impact Expected,Fed Chairman Nomination Vote,,,
1/7/2014 10:00,EUR,High Impact Expected,CPI Flash Estimate y/y,,,
1/8/2014 19:00,USD,High Impact Expected,FOMC Meeting Minutes,,,
1/8/2014 20:30,EUR,High Impact Expected,ECB Press Conference,,,
1/14/2014 7:45,EUR,Low Impact Expected,French Final CPI m/m,,,
1/14/2014 17:45,USD,Medium Impact Expected,FOMC Member Plosser Speaks,,,
1/14/2014 18:20,USD,Medium Impact Expected,FOMC Member Fisher Speaks,,,
1/14/2014 20:30,USD,Medium Impact Expected,Core PPI m/m,,,
1/15/2014 13:30,USD,High Impact Expected,PPI m/m,,,
1/15/2014 20:30,EUR,Low Impact Expected,Final Core CPI y/y,,,
1/15/2014 20:30,USD,Medium Impact Expected,CPI m/m,,,
1/15/2014 20:30,EUR,Medium Impact Expected,Final CPI y/y,,,
1/15/2014 20:30,USD,High Impact Expected,Core CPI m/m,,,
1/15/2014 20:30,USD,Medium Impact Expected,Treasury Sec Lew Speaks,,,
1/15/2014 20:30,USD,High Impact Expected,CPI y/y,,,
1/16/2014 7:00,EUR,Low Impact Expected,German Final CPI m/m,,,
1/16/2014 9:00,EUR,Medium Impact Expected,ECB Monthly Bulletin,,,
1/16/2014 10:00,EUR,Medium Impact Expected,German Buba President Weidmann Speaks,,,
1/16/2014 15:00,USD,High Impact Expected,Philly Fed Manufacturing Index,,,
1/16/2014 16:10,USD,High Impact Expected,Fed Chairman Bernanke Speaks,,,
1/20/2014 7:00,EUR,Medium Impact Expected,German PPI m/m,,,
1/24/2014 17:00,EUR,High Impact Expected,ECB President Draghi Speaks,,,
1/27/2014 18:00,EUR,Medium Impact Expected,German Buba President Weidmann Speaks,,,
1/29/2014 2:00,USD,Low Impact Expected,President Obama Speaks,,,
1/29/2014 19:00,USD,High Impact Expected,FOMC Statement,,,
1/30/2014 20:29,EUR,Medium Impact Expected,German Prelim CPI m/m,,,
1/30/2014 20:30,EUR,Medium Impact Expected,Core CPI Flash Estimate y/y,,,
1/31/2014 8:00,EUR,Medium Impact Expected,Spanish Flash CPI y/y,,,
1/31/2014 10:00,EUR,High Impact Expected,CPI Flash Estimate y/y,,,
1/31/2014 18:15,USD,Medium Impact Expected,FOMC Member Fisher Speaks,,,
2/3/2014 14:00,USD,Medium Impact Expected,Treasury Sec Lew Speaks,,,
2/3/2014 20:30,EUR,Low Impact Expected,Italian Prelim CPI m/m,,,
2/4/2014 10:00,EUR,Low Impact Expected,PPI m/m,,,
2/4/2014 20:30,USD,Low Impact Expected,FOMC Member Tarullo Speaks,,,
2/5/2014 17:30,USD,Medium Impact Expected,FOMC Member Plosser Speaks,,,
2/5/2014 20:30,USD,Low Impact Expected,FOMC Member Tarullo Speaks,,,
2/5/2014 20:30,EUR,High Impact Expected,ECB Press Conference,,,
2/10/2014 20:30,USD,Low Impact Expected,Fed Monetary Policy Report,,,
2/11/2014 14:00,USD,Medium Impact Expected,FOMC Member Plosser Speaks,,,
2/11/2014 15:00,USD,High Impact Expected,Fed Chair Yellen Testifies,,,
2/12/2014 15:30,EUR,High Impact Expected,ECB President Draghi Speaks,,,
2/13/2014 7:00,EUR,Low Impact Expected,German Final CPI m/m,,,
2/13/2014 9:00,EUR,Medium Impact Expected,ECB Monthly Bulletin,,,
2/18/2014 20:30,USD,Medium Impact Expected,Core PPI m/m,,,
2/18/2014 20:30,USD,High Impact Expected,PPI m/m,,,
2/19/2014 19:00,USD,High Impact Expected,FOMC Meeting Minutes,,,
2/19/2014 20:30,EUR,Medium Impact Expected,German PPI m/m,,,
2/19/2014 20:30,USD,Medium Impact Expected,CPI m/m,,,
2/19/2014 20:30,USD,High Impact Expected,Philly Fed Manufacturing Index,,,
2/19/2014 20:30,USD,High Impact Expected,CPI y/y,,,
2/20/2014 7:45,EUR,Low Impact Expected,French Final CPI m/m,,,
2/20/2014 13:30,USD,High Impact Expected,Core CPI m/m,,,
2/21/2014 18:45,USD,Medium Impact Expected,FOMC Member Fisher Speaks,,,
2/23/2014 20:30,EUR,Low Impact Expected,Final Core CPI y/y,,,
2/24/2014 10:00,EUR,Medium Impact Expected,Final CPI y/y,,,
2/25/2014 15:10,USD,Low Impact Expected,FOMC Member Tarullo Speaks,,,
2/26/2014 20:30,USD,Medium Impact Expected,FOMC Member Pianalto Speaks,,,
2/27/2014 13:00,EUR,Medium Impact Expected,German Buba President Weidmann Speaks,,,
2/27/2014 15:00,USD,High Impact Expected,Fed Chair Yellen Testifies,,,
2/27/2014 15:30,USD,Medium Impact Expected,FOMC Member Fisher Speaks,,,
2/27/2014 20:29,EUR,Medium Impact Expected,German Prelim CPI m/m,,,
2/27/2014 20:30,USD,Medium Impact Expected,FOMC Member Fisher Speaks,,,
2/27/2014 20:30,EUR,Low Impact Expected,Italian Prelim CPI m/m,,,
2/27/2014 20:30,EUR,Medium Impact Expected,Spanish Flash CPI y/y,,,
2/27/2014 20:30,USD,Medium Impact Expected,FOMC Member Stein Speaks,,,
2/27/2014 20:30,EUR,Medium Impact Expected,Core CPI Flash Estimate y/y,,,
2/28/2014 10:00,EUR,High Impact Expected,CPI Flash Estimate y/y,,,
2/28/2014 15:15,USD,Medium Impact Expected,FOMC Member Kocherlakota Speaks,,,
3/3/2014 14:00,EUR,High Impact Expected,ECB President Draghi Speaks,,,
3/4/2014 10:00,EUR,Low Impact Expected,PPI m/m,,,
3/5/2014 20:30,EUR,High Impact Expected,ECB Press Conference,,,
3/6/2014 0:00,USD,Medium Impact Expected,FOMC Member Fisher Speaks,,,
3/6/2014 13:15,USD,High Impact Expected,FOMC Member Dudley Speaks,,,
3/6/2014 18:00,USD,Medium Impact Expected,FOMC Member Plosser Speaks,,,
3/7/2014 17:00,USD,Medium Impact Expected,FOMC Member Dudley Speaks,,,
3/10/2014 10:15,USD,Medium Impact Expected,FOMC Member Plosser Speaks,,,
3/12/2014 18:00,USD,Low Impact Expected,Treasury Sec Lew Speaks,,,
3/12/2014 20:30,USD,Medium Impact Expected,Fed Gov Nomination Hearings,,,
3/13/2014 7:45,EUR,Low Impact Expected,French Final CPI m/m,,,
3/13/2014 9:00,EUR,Medium Impact Expected,ECB Monthly Bulletin,,,
3/13/2014 20:30,USD,Medium Impact Expected,Core PPI m/m,,,
3/14/2014 7:00,EUR,Low Impact Expected,German Final CPI m/m,,,
3/14/2014 12:30,USD,High Impact Expected,PPI m/m,,,
3/16/2014 20:30,EUR,Low Impact Expected,Final Core CPI y/y,,,
3/17/2014 10:00,EUR,Medium Impact Expected,Final CPI y/y,,,
3/17/2014 15:00,EUR,Medium Impact Expected,German Buba President Weidmann Speaks,,,
3/17/2014 20:30,USD,High Impact Expected,CPI y/y,,,
3/17/2014 20:30,USD,Medium Impact Expected,CPI m/m,,,
3/17/2014 20:30,USD,High Impact Expected,Core CPI m/m,,,
3/18/2014 20:30,USD,High Impact Expected,FOMC Statement,,,
3/19/2014 18:00,USD,High Impact Expected,FOMC Economic Projections,,,
3/19/2014 18:30,USD,High Impact Expected,FOMC Press Conference,,,
3/19/2014 20:30,USD,High Impact Expected,Philly Fed Manufacturing Index,,,
3/19/2014 20:30,EUR,Medium Impact Expected,German PPI m/m,,,
3/20/2014 20:30,USD,Medium Impact Expected,FOMC Member Kocherlakota Speaks,,,
3/21/2014 17:45,USD,High Impact Expected,FOMC Member Fisher Speaks,,,
3/21/2014 19:30,USD,Medium Impact Expected,FOMC Member Kocherlakota Speaks,,,
3/21/2014 22:30,USD,Medium Impact Expected,FOMC Member Stein Speaks,,,
3/25/2014 16:00,EUR,High Impact Expected,ECB President Draghi Speaks,,,
3/25/2014 16:30,EUR,Medium Impact Expected,German Buba President Weidmann Speaks,,,
3/25/2014 23:00,USD,Medium Impact Expected,FOMC Member Plosser Speaks,,,
3/26/2014 19:30,USD,Medium Impact Expected,FOMC Member Pianalto Speaks,,,
3/28/2014 0:20,USD,Low Impact Expected,FOMC Member Tarullo Speaks,,,
3/28/2014 8:00,EUR,Medium Impact Expected,Spanish Flash CPI y/y,,,
3/28/2014 17:30,EUR,Medium Impact Expected,German Buba President Weidmann Speaks,,,
3/28/2014 19:29,EUR,Medium Impact Expected,German Prelim CPI m/m,,,
3/30/2014 19:30,EUR,Medium Impact Expected,Core CPI Flash Estimate y/y,,,
3/30/2014 19:30,EUR,Low Impact Expected,Italian Prelim CPI m/m,,,
3/31/2014 9:00,EUR,High Impact Expected,CPI Flash Estimate y/y,,,
3/31/2014 13:55,USD,High Impact Expected,Fed Chair Yellen Speaks,,,
4/1/2014 19:30,EUR,Low Impact Expected,PPI m/m,,,
4/2/2014 19:30,EUR,High Impact Expected,ECB Press Conference,,,
4/3/2014 14:00,EUR,High Impact Expected,ECB President Draghi Speaks,,,
4/8/2014 17:30,USD,Medium Impact Expected,FOMC Member Kocherlakota Speaks,,,
4/8/2014 18:45,USD,Medium Impact Expected,FOMC Member Plosser Speaks,,,
4/9/2014 18:00,USD,High Impact Expected,FOMC Meeting Minutes,,,
4/9/2014 19:30,EUR,Low Impact Expected,French Final CPI m/m,,,
4/9/2014 23:00,USD,Low Impact Expected,FOMC Member Tarullo Speaks,,,
4/10/2014 8:00,EUR,Medium Impact Expected,ECB Monthly Bulletin,,,
4/10/2014 19:30,USD,Medium Impact Expected,Core PPI m/m,,,
4/11/2014 6:00,EUR,Low Impact Expected,German Final CPI m/m,,,
4/11/2014 12:30,USD,High Impact Expected,PPI m/m,,,
4/12/2014 16:00,EUR,High Impact Expected,ECB President Draghi Speaks,,,
4/13/2014 17:30,USD,Medium Impact Expected,FOMC Member Stein Speaks,,,
4/14/2014 16:45,USD,Low Impact Expected,FOMC Member Tarullo Speaks,,,
4/14/2014 19:30,USD,High Impact Expected,CPI y/y,,,
4/14/2014 19:30,USD,Medium Impact Expected,CPI m/m,,,
4/14/2014 19:30,USD,High Impact Expected,Core CPI m/m,,,
4/15/2014 12:45,USD,High Impact Expected,Fed Chair Yellen Speaks,,,
4/15/2014 19:00,USD,Medium Impact Expected,FOMC Member Plosser Speaks,,,
4/15/2014 19:30,EUR,Medium Impact Expected,Final CPI y/y,,,
4/15/2014 19:30,USD,Medium Impact Expected,FOMC Member Stein Speaks,,,
4/15/2014 19:30,EUR,Low Impact Expected,Final Core CPI y/y,,,
4/16/2014 0:00,USD,Medium Impact Expected,FOMC Member Kocherlakota Speaks,,,
4/16/2014 16:15,USD,High Impact Expected,Fed Chair Yellen Speaks,,,
4/16/2014 17:25,USD,Medium Impact Expected,FOMC Member Fisher Speaks,,,
4/17/2014 6:00,EUR,Medium Impact Expected,German PPI m/m,,,
4/17/2014 14:00,USD,High Impact Expected,Philly Fed Manufacturing Index,,,
4/24/2014 9:00,EUR,High Impact Expected,ECB President Draghi Speaks,,,
4/29/2014 19:29,EUR,High Impact Expected,German Prelim CPI m/m,,,
4/29/2014 19:30,EUR,Medium Impact Expected,Core CPI Flash Estimate y/y,,,
4/29/2014 19:30,EUR,Low Impact Expected,Italian Prelim CPI m/m,,,
4/29/2014 19:30,EUR,Medium Impact Expected,Spanish Flash CPI y/y,,,
4/30/2014 9:00,EUR,High Impact Expected,CPI Flash Estimate y/y,,,
4/30/2014 18:00,USD,High Impact Expected,FOMC Statement,,,
5/1/2014 12:25,USD,High Impact Expected,Fed Chair Yellen Speaks,,,
5/4/2014 19:30,EUR,Low Impact Expected,PPI m/m,,,
5/6/2014 21:30,USD,Medium Impact Expected,FOMC Member Stein Speaks,,,
5/7/2014 14:00,USD,High Impact Expected,Fed Chair Yellen Testifies,,,
5/7/2014 19:30,EUR,High Impact Expected,ECB Press Conference,,,
5/7/2014 19:30,USD,Low Impact Expected,FOMC Member Tarullo Speaks,,,
5/8/2014 13:30,USD,High Impact Expected,Fed Chair Yellen Testifies,,,
5/8/2014 14:00,USD,Medium Impact Expected,Treasury Sec Lew Speaks,,,
5/9/2014 22:00,USD,Medium Impact Expected,FOMC Member Kocherlakota Speaks,,,
5/12/2014 16:00,USD,Medium Impact Expected,FOMC Member Plosser Speaks,,,
5/13/2014 19:30,USD,Medium Impact Expected,Core PPI m/m,,,
5/14/2014 6:00,EUR,Low Impact Expected,German Final CPI m/m,,,
5/14/2014 6:45,EUR,Low Impact Expected,French Final CPI m/m,,,
5/14/2014 12:30,USD,High Impact Expected,PPI m/m,,,
5/14/2014 14:30,EUR,High Impact Expected,German Buba President Weidmann Speaks,,,
5/14/2014 19:30,USD,Medium Impact Expected,CPI m/m,,,
5/14/2014 19:30,USD,High Impact Expected,Core CPI m/m,,,
5/14/2014 19:30,USD,High Impact Expected,CPI y/y,,,
5/14/2014 19:30,EUR,Low Impact Expected,Final Core CPI y/y,,,
5/15/2014 8:00,EUR,Medium Impact Expected,ECB Monthly Bulletin,,,
5/15/2014 9:00,EUR,Medium Impact Expected,Final CPI y/y,,,
5/15/2014 14:00,USD,High Impact Expected,Philly Fed Manufacturing Index,,,
5/15/2014 23:00,USD,High Impact Expected,Fed Chair Yellen Speaks,,,
5/19/2014 7:00,EUR,High Impact Expected,German Buba President Weidmann Speaks,,,
5/20/2014 6:00,EUR,Medium Impact Expected,German PPI m/m,,,
5/20/2014 16:30,USD,Medium Impact Expected,FOMC Member Plosser Speaks,,,
5/20/2014 17:00,USD,Medium Impact Expected,FOMC Member Dudley Speaks,,,
5/20/2014 19:30,USD,Medium Impact Expected,FOMC Member Dudley Speaks,,,
5/21/2014 15:30,USD,Medium Impact Expected,Fed Chair Yellen Speaks,,,
5/21/2014 17:30,USD,Medium Impact Expected,FOMC Member Kocherlakota Speaks,,,
5/21/2014 18:00,USD,High Impact Expected,FOMC Meeting Minutes,,,
5/25/2014 17:30,EUR,High Impact Expected,ECB President Draghi Speaks,,,
5/26/2014 8:00,EUR,High Impact Expected,ECB President Draghi Speaks,,,
5/27/2014 13:30,EUR,High Impact Expected,ECB President Draghi Speaks,,,
5/28/2014 10:00,EUR,Low Impact Expected,ECB Financial Stability Review,,,
5/29/2014 19:30,USD,Medium Impact Expected,FOMC Member Pianalto Speaks,,,
5/29/2014 19:30,EUR,Medium Impact Expected,Spanish Flash CPI y/y,,,
5/30/2014 9:00,EUR,Low Impact Expected,Italian Prelim CPI m/m,,,
5/30/2014 16:30,USD,Medium Impact Expected,FOMC Member Mester Speaks,,,
5/30/2014 21:00,USD,Medium Impact Expected,FOMC Member Plosser Speaks,,,
6/2/2014 12:40,USD,Medium Impact Expected,Treasury Sec Lew Speaks,,,
6/2/2014 19:29,EUR,High Impact Expected,German Prelim CPI m/m,,,
6/2/2014 19:30,EUR,Medium Impact Expected,Core CPI Flash Estimate y/y,,,
6/3/2014 9:00,EUR,High Impact Expected,CPI Flash Estimate y/y,,,
6/4/2014 9:00,EUR,Low Impact Expected,PPI m/m,,,
6/4/2014 19:30,EUR,High Impact Expected,ECB Press Conference,,,
6/5/2014 17:30,USD,Medium Impact Expected,FOMC Member Kocherlakota Speaks,,,
6/12/2014 6:45,EUR,Low Impact Expected,French Final CPI m/m,,,
6/12/2014 8:00,EUR,Medium Impact Expected,ECB Monthly Bulletin,,,
6/12/2014 18:00,EUR,Medium Impact Expected,German Buba President Weidmann Speaks,,,
6/12/2014 19:30,USD,Medium Impact Expected,Core PPI m/m,,,
6/12/2014 19:30,USD,High Impact Expected,PPI m/m,,,
6/13/2014 6:00,EUR,Low Impact Expected,German Final CPI m/m,,,
6/15/2014 19:30,EUR,Low Impact Expected,Final Core CPI y/y,,,
6/16/2014 9:00,EUR,Medium Impact Expected,Final CPI y/y,,,
6/16/2014 19:30,USD,High Impact Expected,Core CPI m/m,,,
6/16/2014 19:30,USD,High Impact Expected,CPI y/y,,,
6/16/2014 19:30,USD,Medium Impact Expected,CPI m/m,,,
6/17/2014 19:30,USD,High Impact Expected,FOMC Statement,,,
6/18/2014 18:00,USD,High Impact Expected,FOMC Economic Projections,,,
6/18/2014 18:30,USD,High Impact Expected,FOMC Press Conference,,,
6/19/2014 14:00,USD,High Impact Expected,Philly Fed Manufacturing Index,,,
6/20/2014 6:00,EUR,Medium Impact Expected,German PPI m/m,,,
6/23/2014 19:30,USD,Low Impact Expected,Treasury Sec Lew Speaks,,,
6/24/2014 12:05,USD,Medium Impact Expected,FOMC Member Plosser Speaks,,,
6/26/2014 19:30,EUR,Medium Impact Expected,Spanish Flash CPI y/y,,,
6/27/2014 19:29,EUR,High Impact Expected,German Prelim CPI m/m,,,
6/29/2014 19:30,EUR,Medium Impact Expected,Core CPI Flash Estimate y/y,,,
6/29/2014 19:30,EUR,Low Impact Expected,Italian Prelim CPI m/m,,,
6/30/2014 9:00,EUR,High Impact Expected,CPI Flash Estimate y/y,,,
7/1/2014 12:00,USD,Medium Impact Expected,Treasury Sec Lew Speaks,,,
7/1/2014 19:30,EUR,Low Impact Expected,PPI m/m,,,
7/2/2014 15:00,USD,High Impact Expected,Fed Chair Yellen Speaks,,,
7/2/2014 19:30,EUR,High Impact Expected,ECB Press Conference,,,
7/8/2014 17:45,USD,Medium Impact Expected,FOMC Member Kocherlakota Speaks,,,
7/9/2014 18:00,USD,High Impact Expected,FOMC Meeting Minutes,,,
7/9/2014 18:30,EUR,High Impact Expected,ECB President Draghi Speaks,,,
7/9/2014 19:30,EUR,Low Impact Expected,French Final CPI m/m,,,
7/10/2014 8:00,EUR,Medium Impact Expected,ECB Monthly Bulletin,,,
7/10/2014 20:30,USD,Medium Impact Expected,FOMC Member Fischer Speaks,,,
7/11/2014 6:00,EUR,Low Impact Expected,German Final CPI m/m,,,
7/14/2014 17:00,EUR,High Impact Expected,ECB President Draghi Speaks,,,
7/14/2014 19:30,USD,Low Impact Expected,Fed Monetary Policy Report,,,
7/15/2014 14:00,USD,High Impact Expected,Fed Chair Yellen Testifies,,,
7/15/2014 19:30,USD,Medium Impact Expected,Core PPI m/m,,,
7/15/2014 19:30,USD,High Impact Expected,Fed Chair Yellen Testifies,,,
7/15/2014 19:30,USD,High Impact Expected,PPI m/m,,,
7/16/2014 16:00,USD,Medium Impact Expected,FOMC Member Fisher Speaks,,,
7/16/2014 19:30,EUR,Low Impact Expected,Final Core CPI y/y,,,
7/17/2014 9:00,EUR,Medium Impact Expected,Final CPI y/y,,,
7/17/2014 14:00,USD,High Impact Expected,Philly Fed Manufacturing Index,,,
7/18/2014 10:30,EUR,Medium Impact Expected,German Buba President Weidmann Speaks,,,
7/18/2014 15:30,USD,Low Impact Expected,President Obama Speaks,,,
7/21/2014 6:00,EUR,Low Impact Expected,German PPI m/m,,,
7/21/2014 19:30,USD,Medium Impact Expected,CPI m/m,,,
7/21/2014 19:30,USD,High Impact Expected,CPI y/y,,,
7/22/2014 12:30,USD,High Impact Expected,Core CPI m/m,,,
7/29/2014 19:30,EUR,Medium Impact Expected,Spanish Flash CPI y/y,,,
7/30/2014 18:00,USD,High Impact Expected,FOMC Statement,,,
7/30/2014 19:29,EUR,High Impact Expected,German Prelim CPI m/m,,,
7/30/2014 19:30,EUR,Medium Impact Expected,Core CPI Flash Estimate y/y,,,
7/30/2014 19:30,EUR,Low Impact Expected,Italian Prelim CPI m/m,,,
7/31/2014 9:00,EUR,High Impact Expected,CPI Flash Estimate y/y,,,
8/4/2014 9:00,EUR,Low Impact Expected,PPI m/m,,,
8/6/2014 19:30,EUR,High Impact Expected,ECB Press Conference,,,
8/10/2014 19:30,USD,Medium Impact Expected,FOMC Member Fischer Speaks,,,
8/13/2014 6:00,EUR,Low Impact Expected,German Final CPI m/m,,,
8/13/2014 6:45,EUR,Low Impact Expected,French Final CPI m/m,,,
8/13/2014 13:05,USD,Medium Impact Expected,FOMC Member Dudley Speaks,,,
8/13/2014 19:30,EUR,Low Impact Expected,Final Core CPI y/y,,,
8/14/2014 8:00,EUR,Medium Impact Expected,ECB Monthly Bulletin,,,
8/14/2014 9:00,EUR,Medium Impact Expected,Final CPI y/y,,,
8/14/2014 19:30,USD,High Impact Expected,PPI m/m,,,
8/14/2014 19:30,USD,Medium Impact Expected,Core PPI m/m,,,
8/18/2014 19:30,USD,High Impact Expected,CPI y/y,,,
8/18/2014 19:30,USD,High Impact Expected,Core CPI m/m,,,
8/18/2014 19:30,USD,High Impact Expected,CPI m/m,,,
8/20/2014 6:00,EUR,Low Impact Expected,German PPI m/m,,,
8/20/2014 18:00,USD,High Impact Expected,FOMC Meeting Minutes,,,
8/20/2014 19:30,USD,High Impact Expected,Philly Fed Manufacturing Index,,,
8/22/2014 14:00,USD,High Impact Expected,Fed Chair Yellen Speaks,,,
8/22/2014 18:30,EUR,High Impact Expected,ECB President Draghi Speaks,,,
8/28/2014 7:00,EUR,Medium Impact Expected,Spanish Flash CPI y/y,,,
8/28/2014 19:29,EUR,High Impact Expected,German Prelim CPI m/m,,,
8/28/2014 19:30,EUR,Low Impact Expected,Italian Prelim CPI m/m,,,
8/28/2014 19:30,EUR,Medium Impact Expected,Core CPI Flash Estimate y/y,,,
8/29/2014 9:00,EUR,High Impact Expected,CPI Flash Estimate y/y,,,
9/2/2014 9:00,EUR,Low Impact Expected,PPI m/m,,,
9/3/2014 19:30,EUR,High Impact Expected,ECB Press Conference,,,
9/4/2014 16:30,USD,Medium Impact Expected,FOMC Member Mester Speaks,,,
9/4/2014 23:00,USD,Medium Impact Expected,FOMC Member Powell Speaks,,,
9/5/2014 0:15,USD,Medium Impact Expected,FOMC Member Fisher Speaks,,,
9/5/2014 1:00,USD,Medium Impact Expected,FOMC Member Kocherlakota Speaks,,,
9/6/2014 14:15,USD,Medium Impact Expected,FOMC Member Plosser Speaks,,,
9/8/2014 12:45,USD,Medium Impact Expected,Treasury Sec Lew Speaks,,,
9/8/2014 19:30,USD,Low Impact Expected,FOMC Member Tarullo Speaks,,,
9/10/2014 19:30,USD,Low Impact Expected,President Obama Speaks,,,
9/11/2014 6:00,EUR,Low Impact Expected,German Final CPI m/m,,,
9/11/2014 6:45,EUR,Low Impact Expected,French Final CPI m/m,,,
9/11/2014 8:00,EUR,Medium Impact Expected,ECB Monthly Bulletin,,,
9/11/2014 19:00,EUR,High Impact Expected,ECB President Draghi Speaks,,,
9/15/2014 19:30,USD,High Impact Expected,PPI m/m,,,
9/15/2014 19:30,USD,Medium Impact Expected,Core PPI m/m,,,
9/16/2014 19:30,USD,High Impact Expected,FOMC Economic Projections,,,
9/16/2014 19:30,EUR,Medium Impact Expected,Final CPI y/y,,,
9/16/2014 19:30,USD,High Impact Expected,CPI y/y,,,
9/16/2014 19:30,EUR,Low Impact Expected,Final Core CPI y/y,,,
9/16/2014 19:30,USD,High Impact Expected,FOMC Statement,,,
9/16/2014 19:30,USD,High Impact Expected,CPI m/m,,,
9/17/2014 12:30,USD,High Impact Expected,Core CPI m/m,,,
9/17/2014 18:30,USD,High Impact Expected,FOMC Press Conference,,,
9/18/2014 12:45,USD,High Impact Expected,Fed Chair Yellen Speaks,,,
9/18/2014 14:00,USD,High Impact Expected,Philly Fed Manufacturing Index,,,
9/19/2014 6:00,EUR,Low Impact Expected,German PPI m/m,,,
9/21/2014 20:30,USD,High Impact Expected,FOMC Member Dudley Speaks,,,
9/22/2014 13:00,EUR,High Impact Expected,ECB President Draghi Speaks,,,
9/22/2014 23:30,USD,Medium Impact Expected,FOMC Member Kocherlakota Speaks,,,
9/23/2014 13:20,USD,Medium Impact Expected,FOMC Member Powell Speaks,,,
9/23/2014 18:00,USD,Medium Impact Expected,FOMC Member Kocherlakota Speaks,,,
9/24/2014 16:05,USD,Medium Impact Expected,FOMC Member Mester Speaks,,,
9/25/2014 7:20,EUR,High Impact Expected,ECB President Draghi Speaks,,,
9/29/2014 7:00,EUR,Medium Impact Expected,Spanish Flash CPI y/y,,,
9/29/2014 20:29,EUR,High Impact Expected,German Prelim CPI m/m,,,
9/29/2014 20:30,EUR,Low Impact Expected,Italian Prelim CPI m/m,,,
9/29/2014 20:30,EUR,Medium Impact Expected,Core CPI Flash Estimate y/y,,,
9/30/2014 9:00,EUR,High Impact Expected,CPI Flash Estimate y/y,,,
10/2/2014 9:00,EUR,Low Impact Expected,PPI m/m,,,
10/2/2014 12:30,EUR,High Impact Expected,ECB Press Conference,,,
10/7/2014 17:20,USD,Medium Impact Expected,FOMC Member Kocherlakota Speaks,,,
10/7/2014 19:00,USD,Medium Impact Expected,FOMC Member Dudley Speaks,,,
10/8/2014 18:00,USD,High Impact Expected,FOMC Meeting Minutes,,,
10/9/2014 8:00,EUR,Low Impact Expected,ECB Monthly Bulletin,,,
10/9/2014 15:00,EUR,High Impact Expected,ECB President Draghi Speaks,,,
10/9/2014 17:10,USD,Low Impact Expected,FOMC Member Tarullo Speaks,,,
10/9/2014 17:30,USD,Medium Impact Expected,FOMC Member Fischer Speaks,,,
10/10/2014 13:00,USD,Medium Impact Expected,FOMC Member Plosser Speaks,,,
10/10/2014 19:30,USD,Medium Impact Expected,FOMC Member Fisher Speaks,,,
10/11/2014 13:00,USD,Low Impact Expected,FOMC Member Tarullo Speaks,,,
10/11/2014 16:00,EUR,High Impact Expected,ECB President Draghi Speaks,,,
10/11/2014 21:00,USD,Medium Impact Expected,FOMC Member Fischer Speaks,,,
10/14/2014 6:45,EUR,Low Impact Expected,French Final CPI m/m,,,
10/14/2014 20:30,USD,Medium Impact Expected,Core PPI m/m,,,
10/14/2014 20:30,USD,High Impact Expected,PPI m/m,,,
10/15/2014 6:00,EUR,Low Impact Expected,German Final CPI m/m,,,
10/15/2014 7:00,EUR,High Impact Expected,ECB President Draghi Speaks,,,
10/15/2014 18:00,EUR,High Impact Expected,ECB President Draghi Speaks,,,
10/15/2014 20:30,EUR,Low Impact Expected,Final Core CPI y/y,,,
10/16/2014 9:00,EUR,Medium Impact Expected,Final CPI y/y,,,
10/16/2014 12:00,USD,Medium Impact Expected,FOMC Member Plosser Speaks,,,
10/16/2014 13:59,USD,High Impact Expected,Philly Fed Manufacturing Index,,,
10/16/2014 14:00,USD,Medium Impact Expected,FOMC Member Kocherlakota Speaks,,,
10/16/2014 20:30,USD,High Impact Expected,Fed Chair Yellen Speaks,,,
10/17/2014 9:00,EUR,Medium Impact Expected,German Buba President Weidmann Speaks,,,
10/20/2014 6:00,EUR,Low Impact Expected,German PPI m/m,,,
10/20/2014 14:00,USD,Medium Impact Expected,FOMC Member Powell Speaks,,,
10/20/2014 20:30,USD,Medium Impact Expected,FOMC Member Dudley Speaks,,,
10/21/2014 20:30,USD,High Impact Expected,CPI y/y,,,
10/21/2014 20:30,USD,High Impact Expected,CPI m/m,,,
10/21/2014 20:30,USD,High Impact Expected,Core CPI m/m,,,
10/25/2014 20:30,EUR,High Impact Expected,ECB Stress Test Results,,,
10/28/2014 20:30,USD,High Impact Expected,FOMC Statement,,,
10/29/2014 20:30,EUR,Medium Impact Expected,Spanish Flash CPI y/y,,,
10/30/2014 13:00,USD,High Impact Expected,Fed Chair Yellen Speaks,,,
10/30/2014 20:29,EUR,High Impact Expected,German Prelim CPI m/m,,,
10/30/2014 20:30,EUR,Medium Impact Expected,Core CPI Flash Estimate y/y,,,
10/30/2014 20:30,EUR,Low Impact Expected,Italian Prelim CPI m/m,,,
10/31/2014 10:00,EUR,High Impact Expected,CPI Flash Estimate y/y,,,
11/3/2014 20:30,EUR,Low Impact Expected,PPI m/m,,,
11/5/2014 14:15,USD,Medium Impact Expected,FOMC Member Kocherlakota Speaks,,,
11/5/2014 20:30,EUR,High Impact Expected,ECB Press Conference,,,
11/6/2014 18:30,USD,Medium Impact Expected,FOMC Member Powell Speaks,,,
11/7/2014 0:05,USD,Medium Impact Expected,FOMC Member Mester Speaks,,,
11/7/2014 15:15,USD,High Impact Expected,Fed Chair Yellen Speaks,,,
11/7/2014 19:30,USD,Low Impact Expected,FOMC Member Tarullo Speaks,,,
11/12/2014 8:00,USD,Medium Impact Expected,FOMC Member Plosser Speaks,,,
11/12/2014 17:00,USD,Medium Impact Expected,FOMC Member Kocherlakota Speaks,,,
11/13/2014 7:00,EUR,Low Impact Expected,German Final CPI m/m,,,
11/13/2014 7:45,EUR,Low Impact Expected,French Final CPI m/m,,,
11/13/2014 9:00,EUR,Low Impact Expected,ECB Monthly Bulletin,,,
11/13/2014 17:30,USD,Medium Impact Expected,FOMC Member Plosser Speaks,,,
11/13/2014 17:45,USD,High Impact Expected,Fed Chair Yellen Speaks,,,
11/13/2014 20:30,USD,Medium Impact Expected,FOMC Member Kocherlakota Speaks,,,
11/13/2014 20:30,EUR,Low Impact Expected,Final Core CPI y/y,,,
11/14/2014 10:00,EUR,Medium Impact Expected,Final CPI y/y,,,
11/14/2014 21:00,USD,Medium Impact Expected,FOMC Member Fischer Speaks,,,
11/17/2014 14:00,EUR,High Impact Expected,ECB President Draghi Speaks,,,
11/17/2014 20:30,USD,Medium Impact Expected,Core PPI m/m,,,
11/17/2014 20:30,USD,Medium Impact Expected,FOMC Member Kocherlakota Speaks,,,
11/18/2014 13:30,USD,High Impact Expected,PPI m/m,,,
11/19/2014 19:00,USD,High Impact Expected,FOMC Meeting Minutes,,,
11/19/2014 20:30,USD,High Impact Expected,Core CPI m/m,,,
11/19/2014 20:30,USD,High Impact Expected,Philly Fed Manufacturing Index,,,
11/19/2014 20:30,USD,High Impact Expected,CPI m/m,,,
11/19/2014 20:30,EUR,Low Impact Expected,German PPI m/m,,,
11/19/2014 20:30,USD,High Impact Expected,CPI y/y,,,
11/20/2014 12:45,USD,Low Impact Expected,FOMC Member Tarullo Speaks,,,
11/20/2014 18:30,USD,Medium Impact Expected,FOMC Member Mester Speaks,,,
11/21/2014 8:00,EUR,High Impact Expected,ECB President Draghi Speaks,,,
11/21/2014 10:15,EUR,Medium Impact Expected,German Buba President Weidmann Speaks,,,
11/27/2014 8:00,EUR,Medium Impact Expected,Spanish Flash CPI y/y,,,
11/27/2014 11:00,EUR,Low Impact Expected,ECB Financial Stability Review,,,
11/27/2014 11:30,EUR,High Impact Expected,ECB President Draghi Speaks,,,
11/27/2014 20:29,EUR,High Impact Expected,German Prelim CPI m/m,,,
11/27/2014 20:30,EUR,Medium Impact Expected,Core CPI Flash Estimate y/y,,,
11/27/2014 20:30,EUR,Low Impact Expected,Italian Prelim CPI m/m,,,
11/28/2014 10:00,EUR,High Impact Expected,CPI Flash Estimate y/y,,,
12/1/2014 17:15,USD,Medium Impact Expected,FOMC Member Dudley Speaks,,,
12/1/2014 18:00,USD,Medium Impact Expected,FOMC Member Fischer Speaks,,,
12/2/2014 10:00,EUR,Low Impact Expected,PPI m/m,,,
12/2/2014 13:10,USD,Medium Impact Expected,FOMC Member Fischer Speaks,,,
12/2/2014 13:30,USD,Medium Impact Expected,Fed Chair Yellen Speaks,,,
12/2/2014 17:00,USD,Medium Impact Expected,FOMC Member Brainard Speaks,,,
12/2/2014 20:30,USD,Medium Impact Expected,FOMC Member Brainard Speaks,,,
12/3/2014 17:30,USD,Medium Impact Expected,FOMC Member Plosser Speaks,,,
12/3/2014 20:30,USD,Medium Impact Expected,FOMC Member Fisher Speaks,,,
12/3/2014 20:30,USD,Medium Impact Expected,FOMC Member Mester Speaks,,,
12/4/2014 13:30,EUR,High Impact Expected,ECB Press Conference,,,
12/4/2014 17:30,USD,Medium Impact Expected,FOMC Member Brainard Speaks,,,
12/5/2014 13:45,USD,Medium Impact Expected,FOMC Member Mester Speaks,,,
12/5/2014 19:45,USD,Medium Impact Expected,FOMC Member Fischer Speaks,,,
12/11/2014 7:00,EUR,Low Impact Expected,German Final CPI m/m,,,
12/11/2014 7:45,EUR,Low Impact Expected,French Final CPI m/m,,,
12/11/2014 9:00,EUR,Low Impact Expected,ECB Monthly Bulletin,,,
12/11/2014 20:30,USD,Medium Impact Expected,Core PPI m/m,,,
12/12/2014 13:30,USD,High Impact Expected,PPI m/m,,,
12/16/2014 20:30,EUR,Low Impact Expected,Final Core CPI y/y,,,
12/16/2014 20:30,USD,High Impact Expected,Core CPI m/m,,,
12/16/2014 20:30,USD,High Impact Expected,CPI y/y,,,
12/16/2014 20:30,USD,High Impact Expected,CPI m/m,,,
12/16/2014 20:30,USD,High Impact Expected,FOMC Economic Projections,,,
12/16/2014 20:30,EUR,Medium Impact Expected,Final CPI y/y,,,
12/16/2014 20:30,USD,High Impact Expected,FOMC Statement,,,
12/17/2014 19:30,USD,High Impact Expected,FOMC Press Conference,,,
12/18/2014 15:00,USD,High Impact Expected,Philly Fed Manufacturing Index,,,
12/18/2014 20:30,EUR,Low Impact Expected,German PPI m/m,,,
12/30/2014 8:00,EUR,Medium Impact Expected,Spanish Flash CPI y/y,,,
1/5/2015 13:00,USD,Medium Impact Expected,FOMC Member Williams Speaks,,,
1/5/2015 20:29,EUR,High Impact Expected,German Prelim CPI m/m,,,
1/6/2015 20:30,EUR,Low Impact Expected,Italian Prelim CPI m/m,,,
1/6/2015 20:30,EUR,Medium Impact Expected,Core CPI Flash Estimate y/y,,,
1/7/2015 10:00,EUR,High Impact Expected,CPI Flash Estimate y/y,,,
1/7/2015 19:00,USD,High Impact Expected,FOMC Meeting Minutes,,,
1/7/2015 20:30,EUR,Low Impact Expected,PPI m/m,,,
1/7/2015 23:30,USD,Medium Impact Expected,FOMC Member Evans Speaks,,,
1/9/2015 18:20,USD,Medium Impact Expected,FOMC Member Lacker Speaks,,,
1/12/2015 17:40,USD,Medium Impact Expected,FOMC Member Lockhart Speaks,,,
1/14/2015 7:45,EUR,Low Impact Expected,French Final CPI m/m,,,
1/14/2015 20:30,USD,Medium Impact Expected,Core PPI m/m,,,
1/15/2015 13:30,USD,High Impact Expected,PPI m/m,,,
1/15/2015 15:00,USD,High Impact Expected,Philly Fed Manufacturing Index,,,
1/15/2015 16:15,EUR,High Impact Expected,German Buba President Weidmann Speaks,,,
1/15/2015 20:30,USD,High Impact Expected,CPI m/m,,,
1/15/2015 20:30,EUR,Low Impact Expected,Final Core CPI y/y,,,
1/15/2015 20:30,USD,High Impact Expected,CPI y/y,,,
1/16/2015 7:00,EUR,Low Impact Expected,German Final CPI m/m,,,
1/16/2015 10:00,EUR,Medium Impact Expected,Final CPI y/y,,,
1/16/2015 13:30,USD,High Impact Expected,Core CPI m/m,,,
1/16/2015 16:00,USD,Medium Impact Expected,FOMC Member Williams Speaks,,,
1/17/2015 13:50,USD,Medium Impact Expected,FOMC Member Lockhart Speaks,,,
1/20/2015 7:00,EUR,Low Impact Expected,German PPI m/m,,,
1/20/2015 15:00,USD,Medium Impact Expected,FOMC Member Powell Speaks,,,
1/21/2015 2:00,USD,Low Impact Expected,President Obama Speaks,,,
1/22/2015 13:30,EUR,High Impact Expected,ECB Press Conference,,,
1/27/2015 20:30,USD,High Impact Expected,FOMC Statement,,,
1/29/2015 20:29,EUR,High Impact Expected,German Prelim CPI m/m,,,
1/29/2015 20:30,EUR,Medium Impact Expected,Core CPI Flash Estimate y/y,,,
1/29/2015 20:30,EUR,Medium Impact Expected,Spanish Flash CPI y/y,,,
1/30/2015 10:00,EUR,High Impact Expected,CPI Flash Estimate y/y,,,
2/2/2015 20:30,EUR,Low Impact Expected,Italian Prelim CPI m/m,,,
2/3/2015 10:00,EUR,Low Impact Expected,PPI m/m,,,
2/5/2015 9:00,EUR,Medium Impact Expected,ECB Economic Bulletin,,,
2/6/2015 17:45,USD,Medium Impact Expected,FOMC Member Lockhart Speaks,,,
2/9/2015 21:00,USD,Medium Impact Expected,FOMC Member Powell Speaks,,,
2/10/2015 13:20,USD,Medium Impact Expected,FOMC Member Lacker Speaks,,,
2/12/2015 7:00,EUR,Low Impact Expected,German Final CPI m/m,,,
2/17/2015 20:30,USD,High Impact Expected,PPI m/m,,,
2/17/2015 20:30,USD,Medium Impact Expected,Core PPI m/m,,,
2/18/2015 19:00,USD,High Impact Expected,FOMC Meeting Minutes,,,
2/18/2015 22:00,USD,Medium Impact Expected,FOMC Member Powell Speaks,,,
2/19/2015 7:45,EUR,Low Impact Expected,French Final CPI m/m,,,
2/19/2015 12:30,EUR,High Impact Expected,ECB Monetary Policy Meeting Accounts,,,
2/19/2015 15:00,USD,High Impact Expected,Philly Fed Manufacturing Index,,,
2/19/2015 16:30,EUR,Medium Impact Expected,German Buba President Weidmann Speaks,,,
2/20/2015 7:00,EUR,Low Impact Expected,German PPI m/m,,,
2/23/2015 20:30,USD,High Impact Expected,Fed Chair Yellen Testifies,,,
2/23/2015 20:30,EUR,Low Impact Expected,Final Core CPI y/y,,,
2/23/2015 20:30,USD,Low Impact Expected,Fed Monetary Policy Report,,,
2/24/2015 10:00,EUR,Medium Impact Expected,Final CPI y/y,,,
2/24/2015 14:00,EUR,High Impact Expected,ECB President Draghi Speaks,,,
2/25/2015 15:00,USD,High Impact Expected,Fed Chair Yellen Testifies,,,
2/25/2015 16:30,EUR,High Impact Expected,ECB President Draghi Speaks,,,
2/25/2015 20:30,USD,High Impact Expected,CPI m/m,,,
2/25/2015 20:30,USD,High Impact Expected,Core CPI m/m,,,
2/25/2015 20:30,USD,High Impact Expected,CPI y/y,,,
2/26/2015 18:00,USD,Medium Impact Expected,FOMC Member Lockhart Speaks,,,
2/26/2015 20:30,EUR,Medium Impact Expected,Spanish Flash CPI y/y,,,
2/27/2015 10:00,EUR,Low Impact Expected,Italian Prelim CPI m/m,,,
2/27/2015 15:15,USD,Medium Impact Expected,FOMC Member Dudley Speaks,,,
2/27/2015 18:30,USD,Medium Impact Expected,FOMC Member Fischer Speaks,,,
2/27/2015 20:29,EUR,High Impact Expected,German Prelim CPI m/m,,,
3/1/2015 20:30,EUR,Medium Impact Expected,Core CPI Flash Estimate y/y,,,
3/2/2015 10:00,EUR,High Impact Expected,CPI Flash Estimate y/y,,,
3/3/2015 10:00,EUR,Low Impact Expected,PPI m/m,,,
3/4/2015 1:15,USD,High Impact Expected,Fed Chair Yellen Speaks,,,
3/4/2015 14:00,USD,Medium Impact Expected,FOMC Member Evans Speaks,,,
3/4/2015 20:30,USD,Medium Impact Expected,FOMC Member Williams Speaks,,,
3/5/2015 13:30,EUR,High Impact Expected,ECB Press Conference,,,
3/9/2015 17:30,EUR,Medium Impact Expected,German Buba President Weidmann Speaks,,,
3/11/2015 8:00,EUR,High Impact Expected,ECB President Draghi Speaks,,,
3/12/2015 7:00,EUR,Low Impact Expected,German Final CPI m/m,,,
3/12/2015 7:45,EUR,Low Impact Expected,French Final CPI m/m,,,
3/12/2015 10:00,EUR,Medium Impact Expected,German Buba President Weidmann Speaks,,,
3/12/2015 20:30,USD,High Impact Expected,PPI m/m,,,
3/12/2015 20:30,USD,Medium Impact Expected,Core PPI m/m,,,
3/16/2015 18:45,EUR,High Impact Expected,ECB President Draghi Speaks,,,
3/16/2015 20:30,EUR,Medium Impact Expected,Final CPI y/y,,,
3/16/2015 20:30,EUR,Low Impact Expected,Final Core CPI y/y,,,
3/17/2015 14:00,USD,Medium Impact Expected,Treasury Sec Lew Speaks,,,
3/17/2015 20:30,USD,High Impact Expected,FOMC Economic Projections,,,
3/17/2015 20:30,USD,Medium Impact Expected,Treasury Sec Lew Speaks,,,
3/17/2015 20:30,USD,High Impact Expected,FOMC Statement,,,
3/18/2015 18:30,USD,High Impact Expected,FOMC Press Conference,,,
3/18/2015 20:30,USD,Low Impact Expected,FOMC Member Tarullo Speaks,,,
3/19/2015 9:00,EUR,Low Impact Expected,ECB Economic Bulletin,,,
3/19/2015 14:00,USD,High Impact Expected,Philly Fed Manufacturing Index,,,
3/20/2015 7:00,EUR,Low Impact Expected,German PPI m/m,,,
3/20/2015 14:20,USD,Medium Impact Expected,FOMC Member Lockhart Speaks,,,
3/20/2015 15:30,USD,Medium Impact Expected,FOMC Member Evans Speaks,,,
3/23/2015 14:00,EUR,High Impact Expected,ECB President Draghi Speaks,,,
3/23/2015 16:20,USD,High Impact Expected,FOMC Member Fischer Speaks,,,
3/23/2015 19:30,USD,High Impact Expected,CPI m/m,,,
3/23/2015 19:30,USD,High Impact Expected,CPI y/y,,,
3/24/2015 1:15,USD,Medium Impact Expected,FOMC Member Williams Speaks,,,
3/24/2015 12:30,USD,High Impact Expected,Core CPI m/m,,,
3/25/2015 10:30,USD,Medium Impact Expected,FOMC Member Evans Speaks,,,
3/26/2015 13:00,USD,Medium Impact Expected,FOMC Member Lockhart Speaks,,,
3/27/2015 10:30,USD,Medium Impact Expected,FOMC Member Fischer Speaks,,,
3/27/2015 19:45,USD,High Impact Expected,Fed Chair Yellen Speaks,,,
3/29/2015 19:30,EUR,Medium Impact Expected,Spanish Flash CPI y/y,,,
3/30/2015 19:29,EUR,Medium Impact Expected,German Prelim CPI m/m,,,
3/30/2015 19:30,EUR,Medium Impact Expected,Core CPI Flash Estimate y/y,,,
3/30/2015 19:30,EUR,Low Impact Expected,Italian Prelim CPI m/m,,,
3/30/2015 23:15,USD,Medium Impact Expected,FOMC Member Fischer Speaks,,,
3/31/2015 9:00,EUR,High Impact Expected,CPI Flash Estimate y/y,,,
3/31/2015 12:00,USD,Medium Impact Expected,FOMC Member Lacker Speaks,,,
3/31/2015 12:50,USD,Medium Impact Expected,FOMC Member Lockhart Speaks,,,
3/31/2015 19:30,USD,Medium Impact Expected,FOMC Member Lockhart Speaks,,,
4/1/2015 13:00,USD,Medium Impact Expected,FOMC Member Williams Speaks,,,
4/2/2015 11:30,EUR,Medium Impact Expected,ECB Monetary Policy Meeting Accounts,,,
4/2/2015 12:40,USD,Medium Impact Expected,Fed Chair Yellen Speaks,,,
4/2/2015 18:15,USD,Low Impact Expected,President Obama Speaks,,,
4/2/2015 19:45,USD,Medium Impact Expected,FOMC Member Brainard Speaks,,,
4/6/2015 12:30,USD,High Impact Expected,FOMC Member Dudley Speaks,,,
4/7/2015 9:00,EUR,Low Impact Expected,PPI m/m,,,
4/8/2015 13:30,USD,Medium Impact Expected,FOMC Member Dudley Speaks,,,
4/8/2015 18:00,USD,High Impact Expected,FOMC Meeting Minutes,,,
4/9/2015 19:30,USD,Medium Impact Expected,FOMC Member Lacker Speaks,,,
4/13/2015 19:30,USD,High Impact Expected,PPI m/m,,,
4/13/2015 19:30,USD,Medium Impact Expected,Core PPI m/m,,,
4/14/2015 19:30,EUR,High Impact Expected,ECB Press Conference,,,
4/15/2015 6:00,EUR,Low Impact Expected,German Final CPI m/m,,,
4/15/2015 6:45,EUR,Low Impact Expected,French Final CPI m/m,,,
4/15/2015 23:30,USD,Medium Impact Expected,FOMC Member Lacker Speaks,,,
4/16/2015 14:00,USD,High Impact Expected,Philly Fed Manufacturing Index,,,
4/16/2015 17:00,USD,Medium Impact Expected,FOMC Member Lockhart Speaks,,,
4/16/2015 19:00,USD,Medium Impact Expected,FOMC Member Fischer Speaks,,,
4/16/2015 19:30,USD,High Impact Expected,CPI m/m,,,
4/16/2015 19:30,USD,High Impact Expected,CPI y/y,,,
4/16/2015 19:30,EUR,Low Impact Expected,Final Core CPI y/y,,,
4/16/2015 19:30,USD,High Impact Expected,Core CPI m/m,,,
4/17/2015 9:00,EUR,Medium Impact Expected,Final CPI y/y,,,
4/18/2015 16:00,EUR,High Impact Expected,ECB President Draghi Speaks,,,
4/20/2015 6:00,EUR,Low Impact Expected,German PPI m/m,,,
4/28/2015 19:30,USD,High Impact Expected,FOMC Statement,,,
4/29/2015 19:29,EUR,Medium Impact Expected,German Prelim CPI m/m,,,
4/29/2015 19:30,EUR,Low Impact Expected,Italian Prelim CPI m/m,,,
4/29/2015 19:30,EUR,Medium Impact Expected,Spanish Flash CPI y/y,,,
4/29/2015 19:30,USD,Low Impact Expected,FOMC Member Tarullo Speaks,,,
4/29/2015 19:30,EUR,Medium Impact Expected,CPI Flash Estimate y/y,,,
4/30/2015 8:00,EUR,Low Impact Expected,ECB Economic Bulletin,,,
4/30/2015 9:00,EUR,Medium Impact Expected,Core CPI Flash Estimate y/y,,,
5/4/2015 16:25,USD,Medium Impact Expected,FOMC Member Evans Speaks,,,
5/4/2015 19:30,EUR,Low Impact Expected,PPI m/m,,,
5/6/2015 13:15,USD,High Impact Expected,Fed Chair Yellen Speaks,,,
5/6/2015 17:30,USD,Medium Impact Expected,FOMC Member Lockhart Speaks,,,
5/8/2015 13:45,USD,Medium Impact Expected,FOMC Member Dudley Speaks,,,
5/12/2015 16:45,USD,Medium Impact Expected,FOMC Member Williams Speaks,,,
5/12/2015 19:30,EUR,Low Impact Expected,German Final CPI m/m,,,
5/13/2015 6:45,EUR,Low Impact Expected,French Final CPI m/m,,,
5/13/2015 19:30,USD,High Impact Expected,PPI m/m,,,
5/13/2015 19:30,USD,Medium Impact Expected,Core PPI m/m,,,
5/14/2015 15:00,EUR,High Impact Expected,ECB President Draghi Speaks,,,
5/18/2015 6:00,USD,Medium Impact Expected,FOMC Member Evans Speaks,,,
5/18/2015 19:30,EUR,Low Impact Expected,Final Core CPI y/y,,,
5/18/2015 19:30,EUR,Medium Impact Expected,Final CPI y/y,,,
5/20/2015 6:00,EUR,Low Impact Expected,German PPI m/m,,,
5/20/2015 7:00,USD,Medium Impact Expected,FOMC Member Evans Speaks,,,
5/20/2015 18:00,USD,High Impact Expected,FOMC Meeting Minutes,,,
5/20/2015 19:30,USD,High Impact Expected,Philly Fed Manufacturing Index,,,
5/20/2015 19:30,USD,Medium Impact Expected,FOMC Member Fischer Speaks,,,
5/21/2015 11:30,EUR,High Impact Expected,ECB Monetary Policy Meeting Accounts,,,
5/21/2015 17:30,EUR,Medium Impact Expected,ECB President Draghi Speaks,,,
5/21/2015 19:30,USD,High Impact Expected,CPI m/m,,,
5/21/2015 19:30,USD,High Impact Expected,CPI y/y,,,
5/21/2015 19:30,USD,High Impact Expected,Core CPI m/m,,,
5/21/2015 23:00,USD,Medium Impact Expected,FOMC Member Williams Speaks,,,
5/22/2015 8:00,EUR,High Impact Expected,ECB President Draghi Speaks,,,
5/22/2015 17:00,USD,High Impact Expected,Fed Chair Yellen Speaks,,,
5/22/2015 19:30,USD,Medium Impact Expected,FOMC Member Fischer Speaks,,,
5/23/2015 13:30,EUR,High Impact Expected,ECB President Draghi Speaks,,,
5/25/2015 15:00,USD,Medium Impact Expected,FOMC Member Fischer Speaks,,,
5/26/2015 16:30,USD,Medium Impact Expected,FOMC Member Fischer Speaks,,,
5/27/2015 0:10,USD,Medium Impact Expected,FOMC Member Lacker Speaks,,,
5/28/2015 6:20,USD,Medium Impact Expected,FOMC Member Williams Speaks,,,
5/28/2015 8:00,EUR,Low Impact Expected,ECB Financial Stability Review,,,
5/28/2015 19:30,EUR,Medium Impact Expected,Spanish Flash CPI y/y,,,
5/29/2015 9:00,EUR,Low Impact Expected,Italian Prelim CPI m/m,,,
5/31/2015 19:30,USD,Medium Impact Expected,FOMC Member Fischer Speaks,,,
6/1/2015 19:29,EUR,Medium Impact Expected,German Prelim CPI m/m,,,
6/1/2015 19:30,USD,Medium Impact Expected,FOMC Member Brainard Speaks,,,
6/1/2015 19:30,EUR,Low Impact Expected,PPI m/m,,,
6/1/2015 19:30,EUR,Medium Impact Expected,CPI Flash Estimate y/y,,,
6/2/2015 9:00,EUR,Medium Impact Expected,Core CPI Flash Estimate y/y,,,
6/2/2015 19:30,EUR,High Impact Expected,ECB Press Conference,,,
6/3/2015 18:15,USD,Medium Impact Expected,FOMC Member Evans Speaks,,,
6/4/2015 16:00,USD,Low Impact Expected,FOMC Member Tarullo Speaks,,,
6/5/2015 16:30,USD,High Impact Expected,FOMC Member Dudley Speaks,,,
6/11/2015 6:45,EUR,Low Impact Expected,French Final CPI m/m,,,
6/11/2015 19:30,USD,Medium Impact Expected,Core PPI m/m,,,
6/12/2015 12:30,USD,High Impact Expected,PPI m/m,,,
6/15/2015 7:00,EUR,Medium Impact Expected,German Buba President Weidmann Speaks,,,
6/15/2015 13:00,EUR,High Impact Expected,ECB President Draghi Speaks,,,
6/16/2015 6:00,EUR,Low Impact Expected,German Final CPI m/m,,,
6/16/2015 19:30,EUR,Low Impact Expected,Final Core CPI y/y,,,
6/16/2015 19:30,USD,High Impact Expected,FOMC Economic Projections,,,
6/16/2015 19:30,EUR,Medium Impact Expected,Final CPI y/y,,,
6/16/2015 19:30,USD,High Impact Expected,FOMC Statement,,,
6/17/2015 18:30,USD,High Impact Expected,FOMC Press Conference,,,
6/17/2015 19:30,USD,High Impact Expected,CPI m/m,,,
6/17/2015 19:30,USD,High Impact Expected,CPI y/y,,,
6/18/2015 8:00,EUR,Low Impact Expected,ECB Economic Bulletin,,,
6/18/2015 12:30,USD,High Impact Expected,Core CPI m/m,,,
6/18/2015 14:00,USD,High Impact Expected,Philly Fed Manufacturing Index,,,
6/19/2015 6:00,EUR,Low Impact Expected,German PPI m/m,,,
6/19/2015 15:40,USD,Medium Impact Expected,FOMC Member Williams Speaks,,,
6/23/2015 12:00,USD,High Impact Expected,FOMC Member Powell Speaks,,,
6/25/2015 12:00,USD,Low Impact Expected,FOMC Member Tarullo Speaks,,,
6/25/2015 13:45,USD,Medium Impact Expected,FOMC Member Powell Speaks,,,
6/29/2015 7:00,EUR,Medium Impact Expected,Spanish Flash CPI y/y,,,
6/29/2015 19:29,EUR,Medium Impact Expected,German Prelim CPI m/m,,,
6/29/2015 19:30,EUR,Low Impact Expected,Italian Prelim CPI m/m,,,
6/29/2015 19:30,EUR,Medium Impact Expected,CPI Flash Estimate y/y,,,
6/30/2015 9:00,EUR,Medium Impact Expected,Core CPI Flash Estimate y/y,,,
7/2/2015 9:00,EUR,Low Impact Expected,PPI m/m,,,
7/2/2015 11:30,EUR,Medium Impact Expected,ECB Monetary Policy Meeting Accounts,,,
7/2/2015 15:10,EUR,High Impact Expected,ECB President Draghi Speaks,,,
7/7/2015 19:30,USD,Medium Impact Expected,FOMC Member Williams Speaks,,,
7/8/2015 18:00,USD,High Impact Expected,FOMC Meeting Minutes,,,
7/9/2015 14:15,USD,Medium Impact Expected,FOMC Member Brainard Speaks,,,
7/10/2015 16:30,USD,High Impact Expected,Fed Chair Yellen Speaks,,,
7/14/2015 6:00,EUR,Low Impact Expected,German Final CPI m/m,,,
7/14/2015 19:30,USD,Medium Impact Expected,Core PPI m/m,,,
7/14/2015 19:30,USD,High Impact Expected,Fed Chair Yellen Testifies,,,
7/14/2015 19:30,USD,Low Impact Expected,Fed Monetary Policy Report,,,
7/14/2015 19:30,USD,High Impact Expected,PPI m/m,,,
7/15/2015 6:45,EUR,Low Impact Expected,French Final CPI m/m,,,
7/15/2015 19:00,USD,Medium Impact Expected,FOMC Member Williams Speaks,,,
7/15/2015 19:30,EUR,High Impact Expected,ECB Press Conference,,,
7/15/2015 19:30,EUR,Low Impact Expected,Final Core CPI y/y,,,
7/16/2015 9:00,EUR,Medium Impact Expected,Final CPI y/y,,,
7/16/2015 14:00,USD,High Impact Expected,Philly Fed Manufacturing Index,,,
7/16/2015 18:30,USD,High Impact Expected,Fed Chair Yellen Testifies,,,
7/16/2015 19:30,USD,High Impact Expected,CPI m/m,,,
7/16/2015 19:30,USD,High Impact Expected,Core CPI m/m,,,
7/16/2015 19:30,USD,High Impact Expected,CPI y/y,,,
7/16/2015 19:30,USD,Medium Impact Expected,FOMC Member Fischer Speaks,,,
7/20/2015 6:00,EUR,Low Impact Expected,German PPI m/m,,,
7/20/2015 18:30,USD,Medium Impact Expected,Treasury Sec Lew Speaks,,,
7/23/2015 14:15,EUR,Medium Impact Expected,German Buba President Weidmann Speaks,,,
7/28/2015 19:30,USD,High Impact Expected,FOMC Statement,,,
7/29/2015 19:30,EUR,Medium Impact Expected,Spanish Flash CPI y/y,,,
7/30/2015 8:00,EUR,Low Impact Expected,ECB Economic Bulletin,,,
7/30/2015 19:29,EUR,Medium Impact Expected,German Prelim CPI m/m,,,
7/30/2015 19:30,EUR,Low Impact Expected,Italian Prelim CPI m/m,,,
7/30/2015 19:30,EUR,Medium Impact Expected,CPI Flash Estimate y/y,,,
7/31/2015 9:00,EUR,Medium Impact Expected,Core CPI Flash Estimate y/y,,,
8/3/2015 14:50,USD,Medium Impact Expected,FOMC Member Powell Speaks,,,
8/4/2015 9:00,EUR,Low Impact Expected,PPI m/m,,,
8/10/2015 11:15,USD,Medium Impact Expected,FOMC Member Fischer Speaks,,,
8/10/2015 13:00,USD,Medium Impact Expected,FOMC Member Lockhart Speaks,,,
8/10/2015 16:25,USD,High Impact Expected,FOMC Member Lockhart Speaks,,,
8/12/2015 12:30,USD,Medium Impact Expected,FOMC Member Dudley Speaks,,,
8/13/2015 6:00,EUR,Low Impact Expected,German Final CPI m/m,,,
8/13/2015 6:45,EUR,Low Impact Expected,French Final CPI m/m,,,
8/13/2015 11:30,EUR,Medium Impact Expected,ECB Monetary Policy Meeting Accounts,,,
8/13/2015 19:30,USD,High Impact Expected,PPI m/m,,,
8/13/2015 19:30,EUR,Low Impact Expected,Final Core CPI y/y,,,
8/13/2015 19:30,USD,Medium Impact Expected,Core PPI m/m,,,
8/14/2015 9:00,EUR,Medium Impact Expected,Final CPI y/y,,,
8/18/2015 19:30,USD,High Impact Expected,CPI m/m,,,
8/18/2015 19:30,USD,High Impact Expected,CPI y/y,,,
8/19/2015 12:30,USD,High Impact Expected,Core CPI m/m,,,
8/19/2015 17:46,USD,High Impact Expected,FOMC Meeting Minutes,,,
8/19/2015 19:30,USD,High Impact Expected,Philly Fed Manufacturing Index,,,
8/19/2015 19:30,EUR,Low Impact Expected,German PPI m/m,,,
8/20/2015 6:45,USD,Medium Impact Expected,FOMC Member Williams Speaks,,,
8/24/2015 19:55,USD,Medium Impact Expected,FOMC Member Lockhart Speaks,,,
8/26/2015 14:00,USD,High Impact Expected,FOMC Member Dudley Speaks,,,
8/28/2015 7:00,EUR,Medium Impact Expected,Spanish Flash CPI y/y,,,
8/28/2015 18:15,USD,Medium Impact Expected,FOMC Member Lockhart Speaks,,,
8/28/2015 19:29,EUR,Medium Impact Expected,German Prelim CPI m/m,,,
8/28/2015 19:30,USD,High Impact Expected,FOMC Member Fischer Speaks,,,
8/30/2015 19:30,EUR,Medium Impact Expected,CPI Flash Estimate y/y,,,
8/30/2015 19:30,EUR,Low Impact Expected,Italian Prelim CPI m/m,,,
8/31/2015 9:00,EUR,Medium Impact Expected,Core CPI Flash Estimate y/y,,,
9/2/2015 9:00,EUR,Low Impact Expected,PPI m/m,,,
9/2/2015 19:30,EUR,High Impact Expected,ECB Press Conference,,,
9/4/2015 12:10,USD,High Impact Expected,FOMC Member Lacker Speaks,,,
9/10/2015 19:30,USD,Medium Impact Expected,Core PPI m/m,,,
9/11/2015 6:00,EUR,Low Impact Expected,German Final CPI m/m,,,
9/11/2015 12:30,USD,High Impact Expected,PPI m/m,,,
9/15/2015 6:45,EUR,Low Impact Expected,French Final CPI m/m,,,
9/15/2015 19:30,USD,High Impact Expected,CPI y/y,,,
9/15/2015 19:30,EUR,Low Impact Expected,Final Core CPI y/y,,,
9/15/2015 19:30,EUR,Medium Impact Expected,Final CPI y/y,,,
9/15/2015 19:30,USD,High Impact Expected,CPI m/m,,,
9/15/2015 19:30,USD,High Impact Expected,Core CPI m/m,,,
9/16/2015 19:30,USD,High Impact Expected,FOMC Statement,,,
9/16/2015 19:30,USD,High Impact Expected,FOMC Economic Projections,,,
9/17/2015 8:00,EUR,Low Impact Expected,ECB Economic Bulletin,,,
9/17/2015 14:00,USD,High Impact Expected,Philly Fed Manufacturing Index,,,
9/17/2015 18:30,USD,High Impact Expected,FOMC Press Conference,,,
9/19/2015 17:30,USD,Medium Impact Expected,FOMC Member Williams Speaks,,,
9/21/2015 6:00,EUR,Low Impact Expected,German PPI m/m,,,
9/21/2015 17:00,USD,Medium Impact Expected,FOMC Member Lockhart Speaks,,,
9/22/2015 20:30,EUR,High Impact Expected,ECB President Draghi Speaks,,,
9/22/2015 23:00,USD,Medium Impact Expected,FOMC Member Lockhart Speaks,,,
9/23/2015 16:30,USD,Medium Impact Expected,FOMC Member Lockhart Speaks,,,
9/24/2015 21:00,USD,High Impact Expected,Fed Chair Yellen Speaks,,,
9/25/2015 7:00,EUR,Medium Impact Expected,German Buba President Weidmann Speaks,,,
9/25/2015 16:30,EUR,Medium Impact Expected,German Buba President Weidmann Speaks,,,
9/28/2015 9:15,USD,Medium Impact Expected,FOMC Member Tarullo Speaks,,,
9/28/2015 12:30,USD,High Impact Expected,FOMC Member Dudley Speaks,,,
9/28/2015 17:30,USD,Medium Impact Expected,FOMC Member Evans Speaks,,,
9/28/2015 21:00,USD,Medium Impact Expected,FOMC Member Williams Speaks,,,
9/29/2015 7:00,EUR,Medium Impact Expected,Spanish Flash CPI y/y,,,
9/29/2015 20:29,EUR,Medium Impact Expected,German Prelim CPI m/m,,,
9/29/2015 20:30,EUR,Low Impact Expected,Italian Prelim CPI m/m,,,
9/29/2015 20:30,EUR,Medium Impact Expected,CPI Flash Estimate y/y,,,
9/30/2015 9:00,EUR,Medium Impact Expected,Core CPI Flash Estimate y/y,,,
9/30/2015 12:00,USD,Medium Impact Expected,FOMC Member Dudley Speaks,,,
9/30/2015 19:00,USD,High Impact Expected,Fed Chair Yellen Speaks,,,
10/1/2015 0:15,USD,Medium Impact Expected,FOMC Member Brainard Speaks,,,
10/1/2015 18:30,USD,Medium Impact Expected,FOMC Member Williams Speaks,,,
10/1/2015 20:30,EUR,High Impact Expected,ECB President Draghi Speaks,,,
10/2/2015 9:00,EUR,Low Impact Expected,PPI m/m,,,
10/2/2015 17:30,USD,Medium Impact Expected,FOMC Member Fischer Speaks,,,
10/3/2015 15:00,USD,Medium Impact Expected,FOMC Member Dudley Speaks,,,
10/6/2015 17:00,EUR,High Impact Expected,ECB President Draghi Speaks,,,
10/6/2015 21:30,USD,Medium Impact Expected,FOMC Member Williams Speaks,,,
10/7/2015 20:30,USD,High Impact Expected,FOMC Meeting Minutes,,,
10/8/2015 11:30,EUR,Medium Impact Expected,ECB Monetary Policy Meeting Accounts,,,
10/8/2015 19:30,USD,Medium Impact Expected,FOMC Member Williams Speaks,,,
10/9/2015 13:10,USD,Medium Impact Expected,FOMC Member Lockhart Speaks,,,
10/9/2015 17:10,USD,Medium Impact Expected,FOMC Member Evans Speaks,,,
10/9/2015 21:15,EUR,Medium Impact Expected,German Buba President Weidmann Speaks,,,
10/12/2015 12:10,USD,Medium Impact Expected,FOMC Member Lockhart Speaks,,,
10/12/2015 14:30,USD,Medium Impact Expected,FOMC Member Evans Speaks,,,
10/12/2015 20:30,USD,Medium Impact Expected,FOMC Member Brainard Speaks,,,
10/13/2015 6:00,EUR,Low Impact Expected,German Final CPI m/m,,,
10/13/2015 20:30,USD,High Impact Expected,PPI m/m,,,
10/13/2015 20:30,USD,Medium Impact Expected,Core PPI m/m,,,
10/14/2015 6:45,EUR,Low Impact Expected,French Final CPI m/m,,,
10/14/2015 20:30,USD,High Impact Expected,CPI m/m,,,
10/14/2015 20:30,USD,High Impact Expected,CPI y/y,,,
10/15/2015 12:30,USD,High Impact Expected,Core CPI m/m,,,
10/15/2015 14:00,USD,High Impact Expected,Philly Fed Manufacturing Index,,,
10/15/2015 14:30,USD,Medium Impact Expected,FOMC Member Dudley Speaks,,,
10/15/2015 20:30,EUR,Low Impact Expected,Final Core CPI y/y,,,
10/16/2015 9:00,EUR,Medium Impact Expected,Final CPI y/y,,,
10/19/2015 14:00,USD,Medium Impact Expected,FOMC Member Brainard Speaks,,,
10/19/2015 20:30,EUR,Low Impact Expected,German PPI m/m,,,
10/20/2015 13:00,USD,Medium Impact Expected,FOMC Member Dudley Speaks,,,
10/20/2015 13:15,USD,Medium Impact Expected,FOMC Member Powell Speaks,,,
10/20/2015 15:00,USD,Medium Impact Expected,Fed Chair Yellen Speaks,,,
10/21/2015 17:30,USD,Medium Impact Expected,FOMC Member Powell Speaks,,,
10/21/2015 20:30,EUR,High Impact Expected,ECB Press Conference,,,
10/27/2015 20:30,USD,High Impact Expected,FOMC Statement,,,
10/29/2015 8:00,EUR,Medium Impact Expected,Spanish Flash CPI y/y,,,
10/29/2015 13:10,USD,Medium Impact Expected,FOMC Member Lockhart Speaks,,,
10/29/2015 20:29,EUR,Medium Impact Expected,German Prelim CPI m/m,,,
10/29/2015 20:30,EUR,Low Impact Expected,Italian Prelim CPI m/m,,,
10/29/2015 20:30,EUR,Medium Impact Expected,CPI Flash Estimate y/y,,,
10/30/2015 10:00,EUR,Medium Impact Expected,Core CPI Flash Estimate y/y,,,
10/30/2015 14:00,USD,Medium Impact Expected,FOMC Member Williams Speaks,,,
11/2/2015 17:00,USD,Medium Impact Expected,FOMC Member Williams Speaks,,,
11/3/2015 19:00,EUR,Medium Impact Expected,ECB President Draghi Speaks,,,
11/4/2015 8:00,EUR,High Impact Expected,ECB President Draghi Speaks,,,
11/4/2015 10:00,EUR,Low Impact Expected,PPI m/m,,,
11/4/2015 10:30,USD,Medium Impact Expected,FOMC Member Brainard Speaks,,,
11/4/2015 15:00,USD,High Impact Expected,Fed Chair Yellen Testifies,,,
11/4/2015 19:30,USD,Medium Impact Expected,FOMC Member Dudley Speaks,,,
11/4/2015 20:30,USD,Medium Impact Expected,FOMC Member Dudley Speaks,,,
11/5/2015 0:30,USD,Medium Impact Expected,FOMC Member Fischer Speaks,,,
11/5/2015 9:00,EUR,Low Impact Expected,ECB Economic Bulletin,,,
11/5/2015 10:45,EUR,Medium Impact Expected,ECB President Draghi Speaks,,,
11/5/2015 14:10,USD,Medium Impact Expected,FOMC Member Fischer Speaks,,,
11/5/2015 18:25,USD,Low Impact Expected,FOMC Member Tarullo Speaks,,,
11/5/2015 18:30,USD,Medium Impact Expected,FOMC Member Lockhart Speaks,,,
11/5/2015 22:00,USD,Medium Impact Expected,FOMC Member Dudley Speaks,,,
11/5/2015 23:45,USD,Low Impact Expected,FOMC Member Evans Speaks,,,
11/6/2015 21:15,USD,Medium Impact Expected,FOMC Member Brainard Speaks,,,
11/7/2015 16:10,USD,Medium Impact Expected,FOMC Member Williams Speaks,,,
11/10/2015 9:00,EUR,Medium Impact Expected,German Buba President Weidmann Speaks,,,
11/10/2015 22:15,USD,Medium Impact Expected,FOMC Member Evans Speaks,,,
11/11/2015 13:15,EUR,High Impact Expected,ECB President Draghi Speaks,,,
11/12/2015 7:00,EUR,Low Impact Expected,German Final CPI m/m,,,
11/12/2015 7:45,EUR,Low Impact Expected,French Final CPI m/m,,,
11/12/2015 8:30,EUR,High Impact Expected,ECB President Draghi Speaks,,,
11/12/2015 10:30,EUR,High Impact Expected,ECB President Draghi Speaks,,,
11/12/2015 14:30,USD,High Impact Expected,Fed Chair Yellen Speaks,,,
11/12/2015 15:15,USD,Medium Impact Expected,FOMC Member Evans Speaks,,,
11/12/2015 17:15,USD,Medium Impact Expected,FOMC Member Dudley Speaks,,,
11/12/2015 20:30,USD,High Impact Expected,PPI m/m,,,
11/12/2015 20:30,USD,Medium Impact Expected,Core PPI m/m,,,
11/12/2015 23:00,USD,Medium Impact Expected,FOMC Member Fischer Speaks,,,
11/15/2015 20:30,EUR,Low Impact Expected,Final Core CPI y/y,,,
11/16/2015 10:00,EUR,Medium Impact Expected,Final CPI y/y,,,
11/16/2015 10:15,EUR,High Impact Expected,ECB President Draghi Speaks,,,
11/16/2015 20:30,USD,High Impact Expected,CPI m/m,,,
11/16/2015 20:30,USD,High Impact Expected,CPI y/y,,,
11/17/2015 13:30,USD,High Impact Expected,Core CPI m/m,,,
11/17/2015 20:30,USD,Low Impact Expected,FOMC Member Tarullo Speaks,,,
11/18/2015 13:00,USD,Medium Impact Expected,FOMC Member Dudley Speaks,,,
11/18/2015 19:00,USD,High Impact Expected,FOMC Meeting Minutes,,,
11/18/2015 20:30,USD,Medium Impact Expected,FOMC Member Lockhart Speaks,,,
11/18/2015 20:30,USD,High Impact Expected,Philly Fed Manufacturing Index,,,
11/19/2015 8:00,EUR,Medium Impact Expected,German Buba President Weidmann Speaks,,,
11/19/2015 12:30,EUR,Medium Impact Expected,ECB Monetary Policy Meeting Accounts,,,
11/19/2015 21:45,USD,Medium Impact Expected,FOMC Member Fischer Speaks,,,
11/20/2015 7:00,EUR,Low Impact Expected,German PPI m/m,,,
11/20/2015 8:00,EUR,High Impact Expected,ECB President Draghi Speaks,,,
11/20/2015 10:15,EUR,Medium Impact Expected,German Buba President Weidmann Speaks,,,
11/20/2015 16:15,USD,Medium Impact Expected,FOMC Member Dudley Speaks,,,
11/21/2015 17:00,USD,Medium Impact Expected,FOMC Member Williams Speaks,,,
11/22/2015 11:00,EUR,Medium Impact Expected,German Buba President Weidmann Speaks,,,
11/25/2015 10:00,EUR,Low Impact Expected,ECB Financial Stability Review,,,
11/27/2015 8:00,EUR,Medium Impact Expected,Spanish Flash CPI y/y,,,
11/30/2015 10:00,EUR,Low Impact Expected,Italian Prelim CPI m/m,,,
11/30/2015 20:29,EUR,Medium Impact Expected,German Prelim CPI m/m,,,
12/1/2015 17:45,USD,Medium Impact Expected,FOMC Member Evans Speaks,,,
12/1/2015 20:30,EUR,Medium Impact Expected,CPI Flash Estimate y/y,,,
12/1/2015 20:30,EUR,Low Impact Expected,PPI m/m,,,
12/2/2015 1:00,USD,Medium Impact Expected,FOMC Member Brainard Speaks,,,
12/2/2015 10:00,EUR,Medium Impact Expected,Core CPI Flash Estimate y/y,,,
12/2/2015 13:10,USD,Medium Impact Expected,FOMC Member Lockhart Speaks,,,
12/2/2015 13:30,USD,Medium Impact Expected,Fed Chair Yellen Speaks,,,
12/2/2015 14:00,USD,Low Impact Expected,FOMC Member Tarullo Speaks,,,
12/2/2015 17:25,USD,High Impact Expected,Fed Chair Yellen Speaks,,,
12/2/2015 20:40,USD,Medium Impact Expected,FOMC Member Williams Speaks,,,
12/3/2015 13:30,EUR,High Impact Expected,ECB Press Conference,,,
12/3/2015 15:00,USD,High Impact Expected,Fed Chair Yellen Testifies,,,
12/3/2015 18:10,USD,Medium Impact Expected,FOMC Member Fischer Speaks,,,
12/4/2015 17:20,EUR,High Impact Expected,ECB President Draghi Speaks,,,
12/10/2015 7:45,EUR,Low Impact Expected,French Final CPI m/m,,,
12/10/2015 18:00,EUR,Medium Impact Expected,German Buba President Weidmann Speaks,,,
12/10/2015 20:30,USD,High Impact Expected,PPI m/m,,,
12/10/2015 20:30,USD,Medium Impact Expected,Core PPI m/m,,,
12/11/2015 7:00,EUR,Low Impact Expected,German Final CPI m/m,,,
12/14/2015 11:00,EUR,High Impact Expected,ECB President Draghi Speaks,,,
12/14/2015 20:30,USD,High Impact Expected,Core CPI m/m,,,
12/14/2015 20:30,USD,High Impact Expected,CPI y/y,,,
12/14/2015 20:30,USD,High Impact Expected,CPI m/m,,,
12/15/2015 20:30,EUR,Low Impact Expected,Final Core CPI y/y,,,
12/15/2015 20:30,USD,High Impact Expected,FOMC Statement,,,
12/15/2015 20:30,EUR,Medium Impact Expected,Final CPI y/y,,,
12/15/2015 20:30,USD,High Impact Expected,FOMC Economic Projections,,,
12/16/2015 19:30,USD,High Impact Expected,FOMC Press Conference,,,
12/16/2015 20:30,EUR,Low Impact Expected,ECB Economic Bulletin,,,
12/17/2015 13:30,USD,High Impact Expected,Philly Fed Manufacturing Index,,,
12/18/2015 18:00,USD,Medium Impact Expected,FOMC Member Lacker Speaks,,,
12/21/2015 7:00,EUR,Low Impact Expected,German PPI m/m,,,
12/30/2015 8:00,EUR,Medium Impact Expected,Spanish Flash CPI y/y,,,
1/3/2016 18:15,USD,Medium Impact Expected,FOMC Member Fischer Speaks,,,
1/3/2016 20:30,USD,Medium Impact Expected,FOMC Member Mester Speaks,,,
1/4/2016 20:29,EUR,Medium Impact Expected,German Prelim CPI m/m,,,
1/4/2016 20:30,EUR,Medium Impact Expected,CPI Flash Estimate y/y,,,
1/4/2016 20:30,EUR,Low Impact Expected,Italian Prelim CPI m/m,,,
1/5/2016 10:00,EUR,Medium Impact Expected,Core CPI Flash Estimate y/y,,,
1/6/2016 10:00,EUR,Low Impact Expected,PPI m/m,,,
1/6/2016 19:00,USD,High Impact Expected,FOMC Meeting Minutes,,,
1/11/2016 20:30,USD,Medium Impact Expected,FOMC Member Fischer Speaks,,,
1/12/2016 20:30,USD,Low Impact Expected,President Obama Speaks,,,
1/13/2016 7:45,EUR,Low Impact Expected,French Final CPI m/m,,,
1/14/2016 12:30,EUR,Medium Impact Expected,ECB Monetary Policy Meeting Accounts,,,
1/14/2016 14:15,USD,Medium Impact Expected,FOMC Member Bullard Speaks,,,
1/14/2016 20:30,USD,High Impact Expected,PPI m/m,,,
1/14/2016 20:30,USD,Medium Impact Expected,Core PPI m/m,,,
1/15/2016 14:00,USD,Medium Impact Expected,FOMC Member Dudley Speaks,,,
1/18/2016 20:30,EUR,Low Impact Expected,Final Core CPI y/y,,,
1/18/2016 20:30,EUR,Medium Impact Expected,Final CPI y/y,,,
1/19/2016 7:00,EUR,Low Impact Expected,German Final CPI m/m,,,
1/19/2016 20:30,USD,High Impact Expected,Core CPI m/m,,,
1/19/2016 20:30,USD,High Impact Expected,CPI y/y,,,
1/19/2016 20:30,USD,High Impact Expected,CPI m/m,,,
1/20/2016 7:00,EUR,Low Impact Expected,German PPI m/m,,,
1/20/2016 20:30,USD,High Impact Expected,Philly Fed Manufacturing Index,,,
1/21/2016 13:30,EUR,High Impact Expected,ECB Press Conference,,,
1/22/2016 7:45,EUR,High Impact Expected,ECB President Draghi Speaks,,,
1/25/2016 18:00,EUR,High Impact Expected,ECB President Draghi Speaks,,,
1/26/2016 20:30,USD,High Impact Expected,FOMC Statement,,,
1/28/2016 20:29,EUR,Medium Impact Expected,German Prelim CPI m/m,,,
1/28/2016 20:30,EUR,Medium Impact Expected,Spanish Flash CPI y/y,,,
1/28/2016 20:30,EUR,Medium Impact Expected,Core CPI Flash Estimate y/y,,,
1/28/2016 20:30,EUR,Low Impact Expected,French Prelim CPI m/m,,,
1/29/2016 10:00,EUR,High Impact Expected,CPI Flash Estimate y/y,,,
2/1/2016 16:00,EUR,High Impact Expected,ECB President Draghi Speaks,,,
2/1/2016 18:00,USD,Medium Impact Expected,FOMC Member Fischer Speaks,,,
2/1/2016 20:30,EUR,Low Impact Expected,PPI m/m,,,
2/2/2016 18:00,USD,Medium Impact Expected,FOMC Member George Speaks,,,
2/3/2016 10:00,EUR,Low Impact Expected,Italian Prelim CPI m/m,,,
2/4/2016 7:15,USD,Medium Impact Expected,FOMC Member Rosengren Speaks,,,
2/4/2016 8:00,EUR,High Impact Expected,ECB President Draghi Speaks,,,
2/4/2016 9:00,EUR,Low Impact Expected,ECB Economic Bulletin,,,
2/4/2016 22:00,USD,Medium Impact Expected,FOMC Member Mester Speaks,,,
2/5/2016 17:30,USD,Low Impact Expected,President Obama Speaks,,,
2/9/2016 20:30,USD,High Impact Expected,Fed Chair Yellen Testifies,,,
2/10/2016 20:30,USD,Low Impact Expected,Fed Monetary Policy Report,,,
2/11/2016 15:00,USD,High Impact Expected,Fed Chair Yellen Testifies,,,
2/11/2016 20:30,EUR,Low Impact Expected,German Final CPI m/m,,,
2/11/2016 20:30,USD,Medium Impact Expected,FOMC Member Dudley Speaks,,,
2/15/2016 14:00,EUR,High Impact Expected,ECB President Draghi Speaks,,,
2/16/2016 20:30,USD,High Impact Expected,PPI m/m,,,
2/16/2016 20:30,USD,Medium Impact Expected,Core PPI m/m,,,
2/17/2016 0:30,USD,Medium Impact Expected,FOMC Member Rosengren Speaks,,,
2/17/2016 19:00,USD,High Impact Expected,FOMC Meeting Minutes,,,
2/17/2016 20:30,USD,Medium Impact Expected,FOMC Member Bullard Speaks,,,
2/17/2016 20:30,USD,High Impact Expected,Philly Fed Manufacturing Index,,,
2/18/2016 7:45,EUR,Low Impact Expected,French Final CPI m/m,,,
2/18/2016 12:30,EUR,Medium Impact Expected,ECB Monetary Policy Meeting Accounts,,,
2/18/2016 20:30,USD,Medium Impact Expected,FOMC Member Mester Speaks,,,
2/18/2016 20:30,USD,High Impact Expected,CPI y/y,,,
2/18/2016 20:30,USD,High Impact Expected,Core CPI m/m,,,
2/18/2016 20:30,USD,High Impact Expected,CPI m/m,,,
2/19/2016 7:00,EUR,Low Impact Expected,German PPI m/m,,,
2/24/2016 1:30,USD,Medium Impact Expected,FOMC Member Fischer Speaks,,,
2/24/2016 20:30,EUR,Low Impact Expected,Final Core CPI y/y,,,
2/25/2016 0:00,USD,Medium Impact Expected,FOMC Member Bullard Speaks,,,
2/25/2016 10:00,EUR,Medium Impact Expected,Final CPI y/y,,,
2/25/2016 20:30,EUR,Low Impact Expected,French Prelim CPI m/m,,,
2/26/2016 8:00,EUR,Medium Impact Expected,Spanish Flash CPI y/y,,,
2/26/2016 15:15,USD,Medium Impact Expected,FOMC Member Powell Speaks,,,
2/26/2016 18:30,USD,Medium Impact Expected,FOMC Member Brainard Speaks,,,
2/26/2016 20:29,EUR,Medium Impact Expected,German Prelim CPI m/m,,,
2/28/2016 20:30,EUR,Medium Impact Expected,CPI Flash Estimate y/y,,,
2/28/2016 20:30,EUR,Low Impact Expected,Italian Prelim CPI m/m,,,
2/29/2016 10:00,EUR,Medium Impact Expected,Core CPI Flash Estimate y/y,,,
3/1/2016 4:30,USD,Medium Impact Expected,FOMC Member Dudley Speaks,,,
3/2/2016 10:00,EUR,Low Impact Expected,PPI m/m,,,
3/6/2016 20:30,USD,Medium Impact Expected,FOMC Member Fischer Speaks,,,
3/7/2016 18:00,USD,Medium Impact Expected,FOMC Member Brainard Speaks,,,
3/9/2016 20:30,EUR,High Impact Expected,ECB Press Conference,,,
3/11/2016 7:00,EUR,Low Impact Expected,German Final CPI m/m,,,
3/14/2016 20:30,USD,Medium Impact Expected,Core PPI m/m,,,
3/14/2016 20:30,USD,High Impact Expected,PPI m/m,,,
3/15/2016 7:45,EUR,Low Impact Expected,French Final CPI m/m,,,
3/15/2016 20:30,USD,High Impact Expected,Core CPI m/m,,,
3/15/2016 20:30,USD,High Impact Expected,CPI y/y,,,
3/15/2016 20:30,USD,High Impact Expected,FOMC Economic Projections,,,
3/15/2016 20:30,USD,High Impact Expected,FOMC Statement,,,
3/15/2016 20:30,USD,High Impact Expected,CPI m/m,,,
3/16/2016 18:30,USD,High Impact Expected,FOMC Press Conference,,,
3/16/2016 20:30,USD,High Impact Expected,Philly Fed Manufacturing Index,,,
3/16/2016 20:30,EUR,Low Impact Expected,Final Core CPI y/y,,,
3/17/2016 10:00,EUR,Medium Impact Expected,Final CPI y/y,,,
3/18/2016 7:00,EUR,Low Impact Expected,German PPI m/m,,,
3/18/2016 13:00,USD,Medium Impact Expected,FOMC Member Dudley Speaks,,,
3/18/2016 15:00,USD,Medium Impact Expected,FOMC Member Rosengren Speaks,,,
3/18/2016 18:00,USD,Medium Impact Expected,FOMC Member Bullard Speaks,,,
3/23/2016 12:40,EUR,Medium Impact Expected,German Buba President Weidmann Speaks,,,
3/23/2016 13:00,USD,Medium Impact Expected,FOMC Member Bullard Speaks,,,
3/24/2016 9:00,EUR,Low Impact Expected,ECB Economic Bulletin,,,
3/24/2016 12:15,USD,Medium Impact Expected,FOMC Member Bullard Speaks,,,
3/29/2016 16:20,USD,High Impact Expected,Fed Chair Yellen Speaks,,,
3/30/2016 19:29,EUR,Medium Impact Expected,German Prelim CPI m/m,,,
3/30/2016 19:30,EUR,Medium Impact Expected,CPI Flash Estimate y/y,,,
3/30/2016 19:30,EUR,Low Impact Expected,French Prelim CPI m/m,,,
3/30/2016 19:30,EUR,Low Impact Expected,Italian Prelim CPI m/m,,,
3/31/2016 7:00,EUR,Medium Impact Expected,Spanish Flash CPI y/y,,,
3/31/2016 9:00,EUR,Medium Impact Expected,Core CPI Flash Estimate y/y,,,
3/31/2016 21:00,USD,Medium Impact Expected,FOMC Member Dudley Speaks,,,
4/1/2016 16:00,USD,Medium Impact Expected,FOMC Member Mester Speaks,,,
4/3/2016 19:30,EUR,Low Impact Expected,PPI m/m,,,
4/6/2016 16:20,USD,Medium Impact Expected,FOMC Member Mester Speaks,,,
4/6/2016 18:00,USD,High Impact Expected,FOMC Meeting Minutes,,,
4/6/2016 22:30,USD,Medium Impact Expected,FOMC Member Bullard Speaks,,,
4/7/2016 11:30,EUR,Medium Impact Expected,ECB Monetary Policy Meeting Accounts,,,
4/7/2016 14:00,EUR,High Impact Expected,ECB President Draghi Speaks,,,
4/7/2016 19:30,USD,Medium Impact Expected,FOMC Member Dudley Speaks,,,
4/7/2016 21:30,USD,High Impact Expected,Fed Chair Yellen Speaks,,,
4/8/2016 0:15,USD,Medium Impact Expected,FOMC Member George Speaks,,,
4/11/2016 12:30,USD,Medium Impact Expected,Treasury Sec Lew Speaks,,,
4/11/2016 13:25,USD,Medium Impact Expected,FOMC Member Dudley Speaks,,,
4/12/2016 6:00,EUR,Low Impact Expected,German Final CPI m/m,,,
4/12/2016 19:30,USD,High Impact Expected,PPI m/m,,,
4/12/2016 19:30,USD,Medium Impact Expected,Core PPI m/m,,,
4/13/2016 6:45,EUR,Low Impact Expected,French Final CPI m/m,,,
4/13/2016 19:30,EUR,Low Impact Expected,Final Core CPI y/y,,,
4/13/2016 19:30,USD,High Impact Expected,CPI m/m,,,
4/13/2016 19:30,USD,High Impact Expected,Core CPI m/m,,,
4/13/2016 19:30,USD,High Impact Expected,CPI y/y,,,
4/14/2016 9:00,EUR,Medium Impact Expected,Final CPI y/y,,,
4/14/2016 14:00,USD,Medium Impact Expected,FOMC Member Powell Speaks,,,
4/17/2016 19:30,USD,Medium Impact Expected,FOMC Member Dudley Speaks,,,
4/20/2016 6:00,EUR,Low Impact Expected,German PPI m/m,,,
4/20/2016 10:00,EUR,High Impact Expected,ECB President Draghi Speaks,,,
4/20/2016 19:30,USD,High Impact Expected,Philly Fed Manufacturing Index,,,
4/21/2016 12:30,EUR,High Impact Expected,ECB Press Conference,,,
4/26/2016 19:30,USD,High Impact Expected,FOMC Statement,,,
4/28/2016 7:00,EUR,Medium Impact Expected,Spanish Flash CPI y/y,,,
4/28/2016 19:29,EUR,Medium Impact Expected,German Prelim CPI m/m,,,
4/28/2016 19:30,EUR,Low Impact Expected,Italian Prelim CPI m/m,,,
4/28/2016 19:30,EUR,Medium Impact Expected,CPI Flash Estimate y/y,,,
4/28/2016 19:30,EUR,Low Impact Expected,French Prelim CPI m/m,,,
4/29/2016 9:00,EUR,Medium Impact Expected,Core CPI Flash Estimate y/y,,,
5/1/2016 23:15,USD,Medium Impact Expected,FOMC Member Dudley Speaks,,,
5/2/2016 9:30,EUR,Medium Impact Expected,German Buba President Weidmann Speaks,,,
5/2/2016 14:00,EUR,High Impact Expected,ECB President Draghi Speaks,,,
5/2/2016 19:30,EUR,Low Impact Expected,PPI m/m,,,
5/3/2016 14:30,USD,Medium Impact Expected,FOMC Member Mester Speaks,,,
5/4/2016 10:15,EUR,Medium Impact Expected,German Buba President Weidmann Speaks,,,
5/5/2016 8:00,EUR,Low Impact Expected,ECB Economic Bulletin,,,
5/5/2016 15:30,USD,Medium Impact Expected,FOMC Member Bullard Speaks,,,
5/5/2016 23:15,USD,Medium Impact Expected,FOMC Member Bullard Speaks,,,
5/10/2016 7:15,USD,Medium Impact Expected,FOMC Member Dudley Speaks,,,
5/12/2016 6:45,EUR,Low Impact Expected,French Final CPI m/m,,,
5/12/2016 15:00,USD,Medium Impact Expected,FOMC Member Mester Speaks,,,
5/12/2016 15:45,USD,Medium Impact Expected,FOMC Member Rosengren Speaks,,,
5/12/2016 18:15,USD,Medium Impact Expected,FOMC Member George Speaks,,,
5/12/2016 19:30,USD,High Impact Expected,PPI m/m,,,
5/12/2016 19:30,EUR,Low Impact Expected,German Final CPI m/m,,,
5/12/2016 19:30,USD,Medium Impact Expected,Core PPI m/m,,,
5/16/2016 19:30,USD,High Impact Expected,Core CPI m/m,,,
5/16/2016 19:30,USD,High Impact Expected,CPI y/y,,,
5/16/2016 19:30,USD,High Impact Expected,CPI m/m,,,
5/17/2016 19:30,EUR,Low Impact Expected,Final Core CPI y/y,,,
5/18/2016 9:00,EUR,Medium Impact Expected,Final CPI y/y,,,
5/18/2016 18:00,USD,High Impact Expected,FOMC Meeting Minutes,,,
5/18/2016 19:30,USD,High Impact Expected,Philly Fed Manufacturing Index,,,
5/19/2016 11:30,EUR,Medium Impact Expected,ECB Monetary Policy Meeting Accounts,,,
5/19/2016 13:15,USD,Medium Impact Expected,FOMC Member Fischer Speaks,,,
5/19/2016 14:30,USD,Medium Impact Expected,FOMC Member Dudley Speaks,,,
5/20/2016 6:00,EUR,Low Impact Expected,German PPI m/m,,,
5/20/2016 13:00,USD,Low Impact Expected,FOMC Member Tarullo Speaks,,,
5/23/2016 10:15,USD,Medium Impact Expected,FOMC Member Bullard Speaks,,,
5/24/2016 12:00,EUR,Low Impact Expected,ECB Financial Stability Review,,,
5/26/2016 10:10,USD,Medium Impact Expected,FOMC Member Bullard Speaks,,,
5/26/2016 16:15,USD,Medium Impact Expected,FOMC Member Powell Speaks,,,
5/27/2016 17:15,USD,High Impact Expected,Fed Chair Yellen Speaks,,,
5/29/2016 19:30,EUR,Medium Impact Expected,Spanish Flash CPI y/y,,,
5/30/2016 0:20,USD,Medium Impact Expected,FOMC Member Bullard Speaks,,,
5/30/2016 19:29,EUR,Medium Impact Expected,German Prelim CPI m/m,,,
5/30/2016 19:30,EUR,Low Impact Expected,Italian Prelim CPI m/m,,,
5/30/2016 19:30,EUR,Medium Impact Expected,CPI Flash Estimate y/y,,,
5/31/2016 6:45,EUR,Low Impact Expected,French Prelim CPI m/m,,,
5/31/2016 9:00,EUR,Medium Impact Expected,Core CPI Flash Estimate y/y,,,
6/2/2016 9:00,EUR,Low Impact Expected,PPI m/m,,,
6/2/2016 12:30,EUR,High Impact Expected,ECB Press Conference,,,
6/2/2016 12:35,USD,Medium Impact Expected,FOMC Member Powell Speaks,,,
6/3/2016 16:30,USD,Medium Impact Expected,FOMC Member Brainard Speaks,,,
6/4/2016 7:00,USD,Medium Impact Expected,FOMC Member Mester Speaks,,,
6/6/2016 16:30,USD,High Impact Expected,Fed Chair Yellen Speaks,,,
6/9/2016 7:00,EUR,High Impact Expected,ECB President Draghi Speaks,,,
6/10/2016 6:00,EUR,Low Impact Expected,German Final CPI m/m,,,
6/10/2016 7:00,EUR,Medium Impact Expected,German Buba President Weidmann Speaks,,,
6/13/2016 7:00,EUR,Medium Impact Expected,German Buba President Weidmann Speaks,,,
6/14/2016 19:30,USD,Medium Impact Expected,Core PPI m/m,,,
6/14/2016 19:30,USD,High Impact Expected,PPI m/m,,,
6/14/2016 19:30,USD,High Impact Expected,FOMC Statement,,,
6/14/2016 19:30,USD,High Impact Expected,FOMC Economic Projections,,,
6/15/2016 6:45,EUR,Low Impact Expected,French Final CPI m/m,,,
6/15/2016 14:00,EUR,Medium Impact Expected,German Buba President Weidmann Speaks,,,
6/15/2016 18:30,USD,High Impact Expected,FOMC Press Conference,,,
6/15/2016 19:30,USD,High Impact Expected,CPI m/m,,,
6/15/2016 19:30,USD,High Impact Expected,Philly Fed Manufacturing Index,,,
6/15/2016 19:30,EUR,Low Impact Expected,Final Core CPI y/y,,,
6/15/2016 19:30,USD,High Impact Expected,CPI y/y,,,
6/15/2016 19:30,EUR,Low Impact Expected,ECB Economic Bulletin,,,
6/15/2016 19:30,USD,High Impact Expected,Core CPI m/m,,,
6/16/2016 9:00,EUR,Medium Impact Expected,Final CPI y/y,,,
6/17/2016 15:00,EUR,Medium Impact Expected,ECB President Draghi Speaks,,,
6/20/2016 6:00,EUR,Low Impact Expected,German PPI m/m,,,
6/20/2016 19:30,USD,Low Impact Expected,Fed Monetary Policy Report,,,
6/21/2016 13:00,EUR,High Impact Expected,ECB President Draghi Speaks,,,
6/21/2016 14:00,USD,High Impact Expected,Fed Chair Yellen Testifies,,,
6/21/2016 18:30,USD,Medium Impact Expected,FOMC Member Powell Speaks,,,
6/21/2016 19:30,USD,High Impact Expected,Fed Chair Yellen Testifies,,,
6/28/2016 23:00,USD,High Impact Expected,FOMC Member Powell Speaks,,,
6/29/2016 7:00,EUR,Medium Impact Expected,Spanish Flash CPI y/y,,,
6/29/2016 19:29,EUR,Medium Impact Expected,German Prelim CPI m/m,,,
6/29/2016 19:30,EUR,Medium Impact Expected,CPI Flash Estimate y/y,,,
6/29/2016 19:30,EUR,Low Impact Expected,Italian Prelim CPI m/m,,,
6/29/2016 19:30,EUR,Low Impact Expected,French Prelim CPI m/m,,,
6/30/2016 9:00,EUR,Medium Impact Expected,Core CPI Flash Estimate y/y,,,
6/30/2016 17:30,USD,High Impact Expected,FOMC Member Bullard Speaks,,,
7/4/2016 9:00,EUR,Low Impact Expected,PPI m/m,,,
7/5/2016 18:30,USD,Medium Impact Expected,FOMC Member Dudley Speaks,,,
7/6/2016 7:00,EUR,High Impact Expected,ECB President Draghi Speaks,,,
7/6/2016 13:00,USD,Low Impact Expected,FOMC Member Tarullo Speaks,,,
7/6/2016 18:00,USD,High Impact Expected,FOMC Meeting Minutes,,,
7/7/2016 11:30,EUR,Medium Impact Expected,ECB Monetary Policy Meeting Accounts,,,
7/11/2016 14:00,USD,Medium Impact Expected,FOMC Member George Speaks,,,
7/11/2016 19:30,USD,Medium Impact Expected,FOMC Member Mester Speaks,,,
7/12/2016 6:00,EUR,Low Impact Expected,German Final CPI m/m,,,
7/12/2016 13:15,USD,Low Impact Expected,FOMC Member Tarullo Speaks,,,
7/12/2016 13:35,USD,Medium Impact Expected,FOMC Member Bullard Speaks,,,
7/13/2016 6:45,EUR,Low Impact Expected,French Final CPI m/m,,,
7/13/2016 19:30,USD,High Impact Expected,PPI m/m,,,
7/13/2016 19:30,USD,Medium Impact Expected,Core PPI m/m,,,
7/14/2016 19:30,USD,High Impact Expected,CPI m/m,,,
7/14/2016 19:30,USD,High Impact Expected,Core CPI m/m,,,
7/14/2016 19:30,EUR,Low Impact Expected,Final Core CPI y/y,,,
7/14/2016 19:30,USD,High Impact Expected,CPI y/y,,,
7/15/2016 9:00,EUR,Medium Impact Expected,Final CPI y/y,,,
7/20/2016 6:00,EUR,Low Impact Expected,German PPI m/m,,,
7/20/2016 19:30,USD,High Impact Expected,Philly Fed Manufacturing Index,,,
7/20/2016 19:30,EUR,High Impact Expected,ECB Press Conference,,,
7/26/2016 19:30,USD,High Impact Expected,FOMC Statement,,,
7/28/2016 19:29,EUR,Medium Impact Expected,German Prelim CPI m/m,,,
7/28/2016 19:30,EUR,Medium Impact Expected,Spanish Flash CPI y/y,,,
7/28/2016 19:30,EUR,Medium Impact Expected,CPI Flash Estimate y/y,,,
7/28/2016 19:30,EUR,Low Impact Expected,Italian Prelim CPI m/m,,,
7/28/2016 19:30,EUR,Low Impact Expected,French Prelim CPI m/m,,,
7/29/2016 9:00,EUR,Medium Impact Expected,Core CPI Flash Estimate y/y,,,
8/1/2016 1:15,USD,Medium Impact Expected,FOMC Member Dudley Speaks,,,
8/2/2016 9:00,EUR,Low Impact Expected,PPI m/m,,,
8/4/2016 8:00,EUR,Low Impact Expected,ECB Economic Bulletin,,,
8/11/2016 6:45,EUR,Low Impact Expected,French Final CPI m/m,,,
8/11/2016 19:30,USD,High Impact Expected,PPI m/m,,,
8/11/2016 19:30,EUR,Low Impact Expected,German Final CPI m/m,,,
8/11/2016 19:30,USD,Medium Impact Expected,Core PPI m/m,,,
8/15/2016 19:30,USD,High Impact Expected,CPI m/m,,,
8/15/2016 19:30,USD,High Impact Expected,Core CPI m/m,,,
8/15/2016 19:30,USD,High Impact Expected,CPI y/y,,,
8/17/2016 17:00,USD,Medium Impact Expected,FOMC Member Bullard Speaks,,,
8/17/2016 18:00,USD,High Impact Expected,FOMC Meeting Minutes,,,
8/17/2016 19:30,EUR,Low Impact Expected,Final Core CPI y/y,,,
8/17/2016 19:30,USD,High Impact Expected,Philly Fed Manufacturing Index,,,
8/18/2016 9:00,EUR,Medium Impact Expected,Final CPI y/y,,,
8/18/2016 11:30,EUR,Medium Impact Expected,ECB Monetary Policy Meeting Accounts,,,
8/18/2016 14:00,USD,Medium Impact Expected,FOMC Member Dudley Speaks,,,
8/19/2016 6:00,EUR,Low Impact Expected,German PPI m/m,,,
8/26/2016 14:00,USD,High Impact Expected,Fed Chair Yellen Speaks,,,
8/29/2016 19:30,EUR,Medium Impact Expected,Spanish Flash CPI y/y,,,
8/30/2016 19:29,EUR,Medium Impact Expected,German Prelim CPI m/m,,,
8/30/2016 19:30,EUR,Low Impact Expected,Italian Prelim CPI m/m,,,
8/30/2016 19:30,EUR,Medium Impact Expected,CPI Flash Estimate y/y,,,
8/30/2016 19:30,EUR,Low Impact Expected,French Prelim CPI m/m,,,
8/31/2016 9:00,EUR,Medium Impact Expected,Core CPI Flash Estimate y/y,,,
9/2/2016 9:00,EUR,Low Impact Expected,PPI m/m,,,
9/6/2016 19:30,USD,Medium Impact Expected,FOMC Member George Speaks,,,
9/7/2016 19:30,EUR,High Impact Expected,ECB Press Conference,,,
9/9/2016 12:15,USD,Medium Impact Expected,FOMC Member Rosengren Speaks,,,
9/12/2016 17:15,USD,Medium Impact Expected,FOMC Member Brainard Speaks,,,
9/13/2016 6:00,EUR,Low Impact Expected,German Final CPI m/m,,,
9/13/2016 10:45,EUR,High Impact Expected,ECB President Draghi Speaks,,,
9/14/2016 6:45,EUR,Low Impact Expected,French Final CPI m/m,,,
9/14/2016 19:30,USD,High Impact Expected,Philly Fed Manufacturing Index,,,
9/14/2016 19:30,USD,Medium Impact Expected,Core PPI m/m,,,
9/14/2016 19:30,USD,High Impact Expected,PPI m/m,,,
9/14/2016 19:30,EUR,Low Impact Expected,Final Core CPI y/y,,,
9/15/2016 9:00,EUR,Medium Impact Expected,Final CPI y/y,,,
9/15/2016 19:30,USD,High Impact Expected,Core CPI m/m,,,
9/15/2016 19:30,USD,High Impact Expected,CPI y/y,,,
9/15/2016 19:30,USD,High Impact Expected,CPI m/m,,,
9/19/2016 19:30,EUR,Low Impact Expected,German PPI m/m,,,
9/20/2016 20:30,USD,High Impact Expected,FOMC Economic Projections,,,
9/20/2016 20:30,USD,High Impact Expected,FOMC Statement,,,
9/21/2016 18:30,USD,High Impact Expected,FOMC Press Conference,,,
9/22/2016 8:00,EUR,Low Impact Expected,ECB Economic Bulletin,,,
9/22/2016 13:00,EUR,High Impact Expected,ECB President Draghi Speaks,,,
9/26/2016 14:05,EUR,High Impact Expected,ECB President Draghi Speaks,,,
9/26/2016 15:45,USD,Low Impact Expected,FOMC Member Tarullo Speaks,,,
9/27/2016 15:15,USD,Medium Impact Expected,FOMC Member Fischer Speaks,,,
9/28/2016 13:30,EUR,High Impact Expected,ECB President Draghi Speaks,,,
9/28/2016 14:00,USD,High Impact Expected,Fed Chair Yellen Testifies,,,
9/28/2016 14:10,USD,Medium Impact Expected,FOMC Member Bullard Speaks,,,
9/28/2016 20:35,USD,Medium Impact Expected,FOMC Member Mester Speaks,,,
9/29/2016 0:00,USD,Medium Impact Expected,FOMC Member George Speaks,,,
9/29/2016 7:00,EUR,Medium Impact Expected,Spanish Flash CPI y/y,,,
9/29/2016 14:00,USD,Medium Impact Expected,FOMC Member Powell Speaks,,,
9/29/2016 20:00,USD,High Impact Expected,Fed Chair Yellen Speaks,,,
9/29/2016 20:29,EUR,Medium Impact Expected,German Prelim CPI m/m,,,
9/29/2016 20:30,EUR,Low Impact Expected,French Prelim CPI m/m,,,
9/29/2016 20:30,EUR,Low Impact Expected,Italian Prelim CPI m/m,,,
9/29/2016 20:30,EUR,Medium Impact Expected,CPI Flash Estimate y/y,,,
9/30/2016 9:00,EUR,Medium Impact Expected,Core CPI Flash Estimate y/y,,,
10/4/2016 9:00,EUR,Low Impact Expected,PPI m/m,,,
10/6/2016 11:30,EUR,Medium Impact Expected,ECB Monetary Policy Meeting Accounts,,,
10/6/2016 20:30,USD,Medium Impact Expected,FOMC Member Fischer Speaks,,,
10/6/2016 20:30,USD,Medium Impact Expected,FOMC Member Brainard Speaks,,,
10/7/2016 16:45,USD,Medium Impact Expected,FOMC Member Mester Speaks,,,
10/7/2016 19:00,USD,Medium Impact Expected,FOMC Member George Speaks,,,
10/8/2016 17:00,EUR,Medium Impact Expected,German Buba President Weidmann Speaks,,,
10/12/2016 6:45,EUR,Low Impact Expected,French Final CPI m/m,,,
10/12/2016 12:00,USD,Medium Impact Expected,FOMC Member Dudley Speaks,,,
10/12/2016 13:40,USD,Medium Impact Expected,FOMC Member George Speaks,,,
10/12/2016 18:00,USD,High Impact Expected,FOMC Meeting Minutes,,,
10/13/2016 6:00,EUR,Low Impact Expected,German Final CPI m/m,,,
10/13/2016 20:30,USD,High Impact Expected,PPI m/m,,,
10/13/2016 20:30,USD,Medium Impact Expected,FOMC Member Rosengren Speaks,,,
10/13/2016 20:30,USD,Medium Impact Expected,Core PPI m/m,,,
10/14/2016 17:30,USD,High Impact Expected,Fed Chair Yellen Speaks,,,
10/16/2016 20:30,EUR,Low Impact Expected,Final Core CPI y/y,,,
10/16/2016 20:30,EUR,Medium Impact Expected,German Buba President Weidmann Speaks,,,
10/17/2016 9:00,EUR,Medium Impact Expected,Final CPI y/y,,,
10/17/2016 16:15,USD,Medium Impact Expected,FOMC Member Fischer Speaks,,,
10/17/2016 17:35,EUR,High Impact Expected,ECB President Draghi Speaks,,,
10/17/2016 20:30,USD,High Impact Expected,Core CPI m/m,,,
10/17/2016 20:30,USD,High Impact Expected,CPI m/m,,,
10/17/2016 20:30,USD,High Impact Expected,CPI y/y,,,
10/19/2016 20:30,EUR,Low Impact Expected,German PPI m/m,,,
10/19/2016 20:30,USD,High Impact Expected,Philly Fed Manufacturing Index,,,
10/19/2016 20:30,USD,Medium Impact Expected,FOMC Member Dudley Speaks,,,
10/19/2016 23:45,USD,Medium Impact Expected,FOMC Member Dudley Speaks,,,
10/20/2016 12:30,EUR,High Impact Expected,ECB Press Conference,,,
10/21/2016 9:00,EUR,Medium Impact Expected,German Buba President Weidmann Speaks,,,
10/21/2016 14:15,USD,Low Impact Expected,FOMC Member Tarullo Speaks,,,
10/23/2016 20:30,USD,Medium Impact Expected,FOMC Member Dudley Speaks,,,
10/24/2016 13:05,USD,Medium Impact Expected,FOMC Member Bullard Speaks,,,
10/25/2016 15:30,EUR,High Impact Expected,ECB President Draghi Speaks,,,
10/27/2016 20:30,EUR,Medium Impact Expected,Spanish Flash CPI y/y,,,
10/27/2016 20:30,EUR,Low Impact Expected,French Prelim CPI m/m,,,
10/28/2016 20:29,EUR,Medium Impact Expected,German Prelim CPI m/m,,,
10/30/2016 20:30,EUR,Medium Impact Expected,CPI Flash Estimate y/y,,,
10/30/2016 20:30,EUR,Low Impact Expected,Italian Prelim CPI m/m,,,
10/31/2016 10:00,EUR,Medium Impact Expected,Core CPI Flash Estimate y/y,,,
11/1/2016 20:30,USD,High Impact Expected,FOMC Statement,,,
11/3/2016 9:00,EUR,Low Impact Expected,ECB Economic Bulletin,,,
11/4/2016 10:00,EUR,Low Impact Expected,PPI m/m,,,
11/4/2016 20:00,USD,Medium Impact Expected,FOMC Member Fischer Speaks,,,
11/10/2016 14:15,USD,Medium Impact Expected,FOMC Member Bullard Speaks,,,
11/11/2016 7:00,EUR,Low Impact Expected,German Final CPI m/m,,,
11/11/2016 13:30,USD,Medium Impact Expected,FOMC Member Fischer Speaks,,,
11/14/2016 15:00,EUR,High Impact Expected,ECB President Draghi Speaks,,,
11/15/2016 7:45,EUR,Low Impact Expected,French Final CPI m/m,,,
11/15/2016 14:05,USD,Low Impact Expected,FOMC Member Tarullo Speaks,,,
11/15/2016 18:30,USD,Medium Impact Expected,FOMC Member Fischer Speaks,,,
11/15/2016 20:30,USD,Medium Impact Expected,Core PPI m/m,,,
11/15/2016 20:30,USD,High Impact Expected,PPI m/m,,,
11/16/2016 8:05,USD,Medium Impact Expected,FOMC Member Bullard Speaks,,,
11/16/2016 20:30,USD,High Impact Expected,Philly Fed Manufacturing Index,,,
11/16/2016 20:30,EUR,Low Impact Expected,Final Core CPI y/y,,,
11/16/2016 20:30,USD,High Impact Expected,Core CPI m/m,,,
11/16/2016 20:30,USD,High Impact Expected,CPI m/m,,,
11/16/2016 20:30,USD,High Impact Expected,CPI y/y,,,
11/17/2016 10:00,EUR,Medium Impact Expected,Final CPI y/y,,,
11/17/2016 12:30,EUR,Medium Impact Expected,ECB Monetary Policy Meeting Accounts,,,
11/17/2016 13:50,USD,Medium Impact Expected,FOMC Member Dudley Speaks,,,
11/17/2016 15:00,USD,High Impact Expected,Fed Chair Yellen Testifies,,,
11/17/2016 17:30,USD,Medium Impact Expected,FOMC Member Brainard Speaks,,,
11/17/2016 20:30,USD,Medium Impact Expected,FOMC Member Bullard Speaks,,,
11/17/2016 20:30,USD,Medium Impact Expected,FOMC Member George Speaks,,,
11/17/2016 20:30,EUR,Medium Impact Expected,German Buba President Weidmann Speaks,,,
11/18/2016 7:00,EUR,Low Impact Expected,German PPI m/m,,,
11/18/2016 8:30,EUR,High Impact Expected,ECB President Draghi Speaks,,,
11/18/2016 14:30,USD,Medium Impact Expected,FOMC Member Dudley Speaks,,,
11/19/2016 2:45,USD,Medium Impact Expected,FOMC Member Powell Speaks,,,
11/21/2016 16:20,EUR,High Impact Expected,ECB President Draghi Speaks,,,
11/23/2016 19:00,USD,High Impact Expected,FOMC Meeting Minutes,,,
11/24/2016 9:08,EUR,Low Impact Expected,ECB Financial Stability Review,,,
11/28/2016 14:00,EUR,High Impact Expected,ECB President Draghi Speaks,,,
11/28/2016 16:00,EUR,High Impact Expected,ECB President Draghi Speaks,,,
11/29/2016 8:00,EUR,Medium Impact Expected,Spanish Flash CPI y/y,,,
11/29/2016 13:15,USD,Medium Impact Expected,FOMC Member Dudley Speaks,,,
11/29/2016 17:40,USD,Medium Impact Expected,FOMC Member Powell Speaks,,,
11/29/2016 20:29,EUR,Medium Impact Expected,German Prelim CPI m/m,,,
11/29/2016 20:30,EUR,Low Impact Expected,Italian Prelim CPI m/m,,,
11/29/2016 20:30,EUR,Medium Impact Expected,CPI Flash Estimate y/y,,,
11/30/2016 7:45,EUR,Low Impact Expected,French Prelim CPI m/m,,,
11/30/2016 10:00,EUR,Medium Impact Expected,Core CPI Flash Estimate y/y,,,
11/30/2016 12:45,EUR,High Impact Expected,ECB President Draghi Speaks,,,
11/30/2016 16:00,EUR,Medium Impact Expected,German Buba President Weidmann Speaks,,,
11/30/2016 16:45,USD,Medium Impact Expected,FOMC Member Powell Speaks,,,
12/2/2016 10:00,EUR,Low Impact Expected,PPI m/m,,,
12/2/2016 13:45,USD,Medium Impact Expected,FOMC Member Brainard Speaks,,,
12/2/2016 18:00,USD,Low Impact Expected,FOMC Member Tarullo Speaks,,,
12/5/2016 13:30,USD,Medium Impact Expected,FOMC Member Dudley Speaks,,,
12/5/2016 14:00,EUR,High Impact Expected,ECB President Draghi Speaks,,,
12/5/2016 19:05,USD,Medium Impact Expected,FOMC Member Bullard Speaks,,,
12/7/2016 20:30,EUR,High Impact Expected,ECB Press Conference,,,
12/13/2016 7:00,EUR,Low Impact Expected,German Final CPI m/m,,,
12/13/2016 20:30,USD,High Impact Expected,FOMC Statement,,,
12/13/2016 20:30,USD,High Impact Expected,PPI m/m,,,
12/13/2016 20:30,USD,Medium Impact Expected,Core PPI m/m,,,
12/13/2016 20:30,USD,High Impact Expected,FOMC Economic Projections,,,
12/14/2016 7:45,EUR,Low Impact Expected,French Final CPI m/m,,,
12/14/2016 19:30,USD,High Impact Expected,FOMC Press Conference,,,
12/14/2016 20:30,USD,High Impact Expected,CPI m/m,,,
12/14/2016 20:30,USD,High Impact Expected,CPI y/y,,,
12/14/2016 20:30,USD,High Impact Expected,Philly Fed Manufacturing Index,,,
12/14/2016 20:30,USD,High Impact Expected,Core CPI m/m,,,
12/15/2016 20:30,EUR,Low Impact Expected,Final Core CPI y/y,,,
12/16/2016 10:00,EUR,Medium Impact Expected,Final CPI y/y,,,
12/19/2016 16:00,EUR,Medium Impact Expected,German Buba President Weidmann Speaks,,,
12/19/2016 18:30,USD,High Impact Expected,Fed Chair Yellen Speaks,,,
12/19/2016 20:30,EUR,Low Impact Expected,German PPI m/m,,,
12/22/2016 9:00,EUR,Low Impact Expected,ECB Economic Bulletin,,,
12/30/2016 8:00,EUR,Medium Impact Expected,Spanish Flash CPI y/y,,,
1/3/2017 7:45,EUR,Low Impact Expected,French Prelim CPI m/m,,,
1/3/2017 20:29,EUR,Medium Impact Expected,German Prelim CPI m/m,,,
1/3/2017 20:30,EUR,Low Impact Expected,Italian Prelim CPI m/m,,,
1/3/2017 20:30,EUR,Medium Impact Expected,CPI Flash Estimate y/y,,,
1/4/2017 10:00,EUR,Medium Impact Expected,Core CPI Flash Estimate y/y,,,
1/4/2017 19:00,USD,High Impact Expected,FOMC Meeting Minutes,,,
1/4/2017 20:30,EUR,Low Impact Expected,Italian Prelim CPI m/m,,,
1/5/2017 10:00,EUR,Low Impact Expected,PPI m/m,,,
1/6/2017 17:15,USD,Medium Impact Expected,FOMC Member Evans Speaks,,,
1/11/2017 16:00,USD,High Impact Expected,President Trump Speaks,,,
1/11/2017 18:20,USD,Medium Impact Expected,FOMC Member Dudley Speaks,,,
1/11/2017 20:30,USD,Medium Impact Expected,FOMC Member Evans Speaks,,,
1/11/2017 20:30,USD,Medium Impact Expected,FOMC Member Harker Speaks,,,
1/12/2017 7:45,EUR,Low Impact Expected,French Final CPI m/m,,,
1/12/2017 12:30,EUR,Medium Impact Expected,ECB Monetary Policy Meeting Accounts,,,
1/12/2017 20:30,USD,Medium Impact Expected,Core PPI m/m,,,
1/12/2017 20:30,USD,High Impact Expected,PPI m/m,,,
1/13/2017 0:00,USD,High Impact Expected,Fed Chair Yellen Speaks,,,
1/13/2017 14:30,USD,Medium Impact Expected,FOMC Member Harker Speaks,,,
1/16/2017 20:30,USD,Medium Impact Expected,FOMC Member Brainard Speaks,,,
1/17/2017 13:45,USD,Medium Impact Expected,FOMC Member Dudley Speaks,,,
1/17/2017 15:00,USD,High Impact Expected,Treasury Sec Lew Speaks,,,
1/17/2017 20:30,USD,High Impact Expected,CPI m/m,,,
1/17/2017 20:30,EUR,Low Impact Expected,Final Core CPI y/y,,,
1/17/2017 20:30,USD,High Impact Expected,CPI y/y,,,
1/18/2017 7:00,EUR,Low Impact Expected,German Final CPI m/m,,,
1/18/2017 10:00,EUR,Medium Impact Expected,Final CPI y/y,,,
1/18/2017 13:30,USD,High Impact Expected,Core CPI m/m,,,
1/18/2017 16:00,USD,Medium Impact Expected,FOMC Member Kashkari Speaks,,,
1/18/2017 20:00,USD,High Impact Expected,Fed Chair Yellen Speaks,,,
1/18/2017 20:30,EUR,High Impact Expected,ECB Press Conference,,,
1/18/2017 20:30,USD,High Impact Expected,Philly Fed Manufacturing Index,,,
1/20/2017 1:00,USD,High Impact Expected,Fed Chair Yellen Speaks,,,
1/20/2017 7:00,EUR,Low Impact Expected,German PPI m/m,,,
1/20/2017 14:00,USD,Medium Impact Expected,FOMC Member Harker Speaks,,,
1/20/2017 17:00,USD,High Impact Expected,President Trump Speaks,,,
1/23/2017 11:30,EUR,High Impact Expected,ECB President Draghi Speaks,,,
1/26/2017 8:30,EUR,Medium Impact Expected,German Buba President Weidmann Speaks,,,
1/30/2017 20:29,EUR,Medium Impact Expected,German Prelim CPI m/m,,,
1/30/2017 20:30,EUR,Low Impact Expected,French Prelim CPI m/m,,,
1/30/2017 20:30,EUR,Medium Impact Expected,Spanish Flash CPI y/y,,,
1/30/2017 20:30,EUR,Medium Impact Expected,CPI Flash Estimate y/y,,,
1/31/2017 8:00,EUR,High Impact Expected,ECB President Draghi Speaks,,,
1/31/2017 10:00,EUR,Medium Impact Expected,Core CPI Flash Estimate y/y,,,
1/31/2017 20:30,USD,High Impact Expected,FOMC Statement,,,
2/2/2017 9:00,EUR,Low Impact Expected,ECB Economic Bulletin,,,
2/2/2017 10:00,EUR,Low Impact Expected,PPI m/m,,,
2/2/2017 12:15,EUR,High Impact Expected,ECB President Draghi Speaks,,,
2/3/2017 10:00,EUR,Low Impact Expected,Italian Prelim CPI m/m,,,
2/3/2017 14:15,USD,Medium Impact Expected,FOMC Member Evans Speaks,,,
2/6/2017 14:00,EUR,High Impact Expected,ECB President Draghi Speaks,,,
2/6/2017 21:30,USD,Medium Impact Expected,FOMC Member Harker Speaks,,,
2/9/2017 18:10,USD,Medium Impact Expected,FOMC Member Evans Speaks,,,
2/11/2017 12:30,USD,Medium Impact Expected,FOMC Member Fischer Speaks,,,
2/13/2017 20:30,USD,Medium Impact Expected,Core PPI m/m,,,
2/13/2017 20:30,USD,Low Impact Expected,Fed Monetary Policy Report,,,
2/13/2017 20:30,EUR,Low Impact Expected,German Final CPI m/m,,,
2/14/2017 13:30,USD,High Impact Expected,PPI m/m,,,
2/14/2017 15:00,USD,High Impact Expected,Fed Chair Yellen Testifies,,,
2/14/2017 18:00,USD,Medium Impact Expected,FOMC Member Kaplan Speaks,,,
2/14/2017 20:30,USD,High Impact Expected,CPI m/m,,,
2/14/2017 20:30,USD,High Impact Expected,CPI y/y,,,
2/14/2017 20:30,USD,High Impact Expected,Core CPI m/m,,,
2/15/2017 15:00,USD,High Impact Expected,Fed Chair Yellen Testifies,,,
2/15/2017 17:45,USD,Medium Impact Expected,FOMC Member Harker Speaks,,,
2/15/2017 20:30,USD,High Impact Expected,Philly Fed Manufacturing Index,,,
2/16/2017 0:15,USD,Medium Impact Expected,FOMC Member Dudley Speaks,,,
2/16/2017 12:30,EUR,Medium Impact Expected,ECB Monetary Policy Meeting Accounts,,,
2/16/2017 17:30,USD,High Impact Expected,President Trump Speaks,,,
2/20/2017 7:00,EUR,Low Impact Expected,German PPI m/m,,,
2/21/2017 7:45,EUR,Low Impact Expected,French Final CPI m/m,,,
2/21/2017 13:50,USD,Medium Impact Expected,FOMC Member Kashkari Speaks,,,
2/21/2017 17:00,USD,Medium Impact Expected,FOMC Member Harker Speaks,,,
2/21/2017 20:30,EUR,Low Impact Expected,Final CPI y/y,,,
2/22/2017 10:00,EUR,Low Impact Expected,Final Core CPI y/y,,,
2/22/2017 18:00,USD,Medium Impact Expected,FOMC Member Powell Speaks,,,
2/22/2017 19:00,USD,High Impact Expected,FOMC Meeting Minutes,,,
2/23/2017 12:00,USD,Medium Impact Expected,Treasury Sec Mnuchin Speaks,,,
2/23/2017 18:00,USD,Medium Impact Expected,FOMC Member Kaplan Speaks,,,
2/24/2017 15:00,USD,High Impact Expected,President Trump Speaks,,,
2/27/2017 8:00,EUR,Medium Impact Expected,Spanish Flash CPI y/y,,,
2/27/2017 16:00,USD,Medium Impact Expected,FOMC Member Kaplan Speaks,,,
2/27/2017 20:30,EUR,Low Impact Expected,French Prelim CPI m/m,,,
2/28/2017 10:00,EUR,Low Impact Expected,Italian Prelim CPI m/m,,,
2/28/2017 20:00,USD,Medium Impact Expected,FOMC Member Harker Speaks,,,
3/1/2017 2:00,USD,High Impact Expected,President Trump Speaks,,,
3/1/2017 18:00,USD,Medium Impact Expected,FOMC Member Kaplan Speaks,,,
3/1/2017 20:29,EUR,Medium Impact Expected,German Prelim CPI m/m,,,
3/1/2017 20:30,EUR,Low Impact Expected,PPI m/m,,,
3/1/2017 20:30,EUR,Medium Impact Expected,CPI Flash Estimate y/y,,,
3/1/2017 23:00,USD,Medium Impact Expected,FOMC Member Brainard Speaks,,,
3/2/2017 10:00,EUR,Medium Impact Expected,Core CPI Flash Estimate y/y,,,
3/2/2017 20:30,USD,Medium Impact Expected,FOMC Member Fischer Speaks,,,
3/3/2017 15:15,USD,Medium Impact Expected,FOMC Member Evans Speaks,,,
3/3/2017 17:15,USD,Medium Impact Expected,FOMC Member Powell Speaks,,,
3/3/2017 18:00,USD,High Impact Expected,Fed Chair Yellen Speaks,,,
3/6/2017 20:00,USD,Medium Impact Expected,FOMC Member Kashkari Speaks,,,
3/8/2017 20:30,EUR,High Impact Expected,ECB Press Conference,,,
3/13/2017 13:30,EUR,High Impact Expected,ECB President Draghi Speaks,,,
3/13/2017 20:30,USD,Medium Impact Expected,Core PPI m/m,,,
3/14/2017 7:00,EUR,Low Impact Expected,German Final CPI m/m,,,
3/14/2017 12:30,USD,High Impact Expected,PPI m/m,,,
3/14/2017 20:30,USD,High Impact Expected,FOMC Statement,,,
3/14/2017 20:30,USD,High Impact Expected,FOMC Economic Projections,,,
3/14/2017 20:30,USD,High Impact Expected,CPI y/y,,,
3/14/2017 20:30,USD,High Impact Expected,CPI m/m,,,
3/15/2017 7:45,EUR,Low Impact Expected,French Final CPI m/m,,,
3/15/2017 12:30,USD,High Impact Expected,Core CPI m/m,,,
3/15/2017 18:20,USD,High Impact Expected,President Trump Speaks,,,
3/15/2017 18:30,USD,High Impact Expected,FOMC Press Conference,,,
3/15/2017 20:30,USD,High Impact Expected,Philly Fed Manufacturing Index,,,
3/15/2017 20:30,EUR,Low Impact Expected,Final Core CPI y/y,,,
3/16/2017 10:00,EUR,Medium Impact Expected,Final CPI y/y,,,
3/20/2017 7:00,EUR,Low Impact Expected,German PPI m/m,,,
3/20/2017 16:45,EUR,Medium Impact Expected,German Buba President Weidmann Speaks,,,
3/20/2017 17:10,USD,Medium Impact Expected,FOMC Member Evans Speaks,,,
3/20/2017 20:30,USD,Medium Impact Expected,FOMC Member Dudley Speaks,,,
3/20/2017 23:30,USD,Medium Impact Expected,President Trump Speaks,,,
3/22/2017 19:30,USD,Medium Impact Expected,FOMC Member Kashkari Speaks,,,
3/23/2017 9:00,EUR,Low Impact Expected,ECB Economic Bulletin,,,
3/23/2017 12:45,USD,High Impact Expected,Fed Chair Yellen Speaks,,,
3/23/2017 23:00,USD,Medium Impact Expected,FOMC Member Kaplan Speaks,,,
3/24/2017 12:00,USD,Medium Impact Expected,FOMC Member Evans Speaks,,,
3/24/2017 14:00,USD,Medium Impact Expected,FOMC Member Dudley Speaks,,,
3/27/2017 17:15,USD,Medium Impact Expected,FOMC Member Evans Speaks,,,
3/27/2017 22:30,USD,Medium Impact Expected,FOMC Member Kaplan Speaks,,,
3/28/2017 17:00,USD,Medium Impact Expected,FOMC Member Kaplan Speaks,,,
3/29/2017 13:20,USD,Medium Impact Expected,FOMC Member Evans Speaks,,,
3/29/2017 19:30,EUR,Medium Impact Expected,Spanish Flash CPI y/y,,,
3/30/2017 15:00,USD,Medium Impact Expected,FOMC Member Kaplan Speaks,,,
3/30/2017 19:29,EUR,Medium Impact Expected,German Prelim CPI m/m,,,
3/30/2017 19:30,EUR,Medium Impact Expected,CPI Flash Estimate y/y,,,
3/30/2017 19:30,EUR,Low Impact Expected,Italian Prelim CPI m/m,,,
3/30/2017 19:30,EUR,Low Impact Expected,French Prelim CPI m/m,,,
3/30/2017 20:30,USD,Medium Impact Expected,FOMC Member Dudley Speaks,,,
3/31/2017 9:00,EUR,Medium Impact Expected,Core CPI Flash Estimate y/y,,,
3/31/2017 13:00,USD,Medium Impact Expected,FOMC Member Dudley Speaks,,,
3/31/2017 14:00,USD,Medium Impact Expected,FOMC Member Kashkari Speaks,,,
4/2/2017 19:30,USD,Medium Impact Expected,FOMC Member Dudley Speaks,,,
4/3/2017 9:00,EUR,Low Impact Expected,PPI m/m,,,
4/3/2017 19:00,USD,Medium Impact Expected,FOMC Member Harker Speaks,,,
4/4/2017 13:30,EUR,High Impact Expected,ECB President Draghi Speaks,,,
4/4/2017 20:30,USD,Low Impact Expected,FOMC Member Tarullo Speaks,,,
4/5/2017 18:00,USD,High Impact Expected,FOMC Meeting Minutes,,,
4/6/2017 7:00,EUR,High Impact Expected,ECB President Draghi Speaks,,,
4/6/2017 9:40,EUR,Medium Impact Expected,German Buba President Weidmann Speaks,,,
4/6/2017 11:30,EUR,Medium Impact Expected,ECB Monetary Policy Meeting Accounts,,,
4/7/2017 16:15,USD,Medium Impact Expected,FOMC Member Dudley Speaks,,,
4/10/2017 20:10,USD,High Impact Expected,Fed Chair Yellen Speaks,,,
4/11/2017 17:45,USD,Medium Impact Expected,FOMC Member Kashkari Speaks,,,
4/12/2017 10:00,USD,High Impact Expected,President Trump Speaks,,,
4/12/2017 19:30,USD,High Impact Expected,PPI m/m,,,
4/12/2017 19:30,USD,Medium Impact Expected,Core PPI m/m,,,
4/13/2017 6:00,EUR,Low Impact Expected,German Final CPI m/m,,,
4/13/2017 6:45,EUR,Low Impact Expected,French Final CPI m/m,,,
4/13/2017 19:30,USD,High Impact Expected,CPI m/m,,,
4/13/2017 19:30,USD,High Impact Expected,CPI y/y,,,
4/14/2017 12:30,USD,High Impact Expected,Core CPI m/m,,,
4/18/2017 19:30,EUR,Low Impact Expected,Final Core CPI y/y,,,
4/19/2017 9:00,EUR,Medium Impact Expected,Final CPI y/y,,,
4/19/2017 20:00,USD,Medium Impact Expected,FOMC Member Fischer Speaks,,,
4/20/2017 6:00,EUR,Low Impact Expected,German PPI m/m,,,
4/20/2017 12:30,USD,High Impact Expected,Philly Fed Manufacturing Index,,,
4/20/2017 17:15,USD,High Impact Expected,Treasury Sec Mnuchin Speaks,,,
4/21/2017 13:30,USD,Medium Impact Expected,FOMC Member Kashkari Speaks,,,
4/22/2017 20:15,USD,High Impact Expected,Treasury Sec Mnuchin Speaks,,,
4/24/2017 15:30,USD,Medium Impact Expected,FOMC Member Kashkari Speaks,,,
4/24/2017 19:15,USD,Medium Impact Expected,FOMC Member Kashkari Speaks,,,
4/27/2017 7:00,EUR,Medium Impact Expected,Spanish Flash CPI y/y,,,
4/27/2017 12:30,EUR,High Impact Expected,ECB Press Conference,,,
4/27/2017 19:29,EUR,Medium Impact Expected,German Prelim CPI m/m,,,
4/27/2017 19:30,EUR,Medium Impact Expected,CPI Flash Estimate y/y,,,
4/27/2017 19:30,EUR,Low Impact Expected,Italian Prelim CPI m/m,,,
4/27/2017 19:30,EUR,Low Impact Expected,French Prelim CPI m/m,,,
4/28/2017 9:00,EUR,Medium Impact Expected,Core CPI Flash Estimate y/y,,,
4/28/2017 17:15,USD,Medium Impact Expected,FOMC Member Brainard Speaks,,,
4/28/2017 18:30,USD,Medium Impact Expected,FOMC Member Harker Speaks,,,
5/1/2017 14:45,USD,High Impact Expected,Treasury Sec Mnuchin Speaks,,,
5/2/2017 19:30,USD,High Impact Expected,FOMC Statement,,,
5/2/2017 19:30,EUR,Low Impact Expected,PPI m/m,,,
5/4/2017 16:30,EUR,High Impact Expected,ECB President Draghi Speaks,,,
5/4/2017 19:30,USD,Medium Impact Expected,FOMC Member Evans Speaks,,,
5/5/2017 15:30,USD,Medium Impact Expected,FOMC Member Fischer Speaks,,,
5/5/2017 17:30,USD,High Impact Expected,Fed Chair Yellen Speaks,,,
5/9/2017 20:15,USD,Medium Impact Expected,FOMC Member Kaplan Speaks,,,
5/10/2017 11:00,EUR,High Impact Expected,ECB President Draghi Speaks,,,
5/10/2017 19:30,USD,Medium Impact Expected,Core PPI m/m,,,
5/10/2017 19:30,USD,High Impact Expected,PPI m/m,,,
5/10/2017 19:30,EUR,Low Impact Expected,ECB Economic Bulletin,,,
5/11/2017 10:25,USD,Medium Impact Expected,FOMC Member Dudley Speaks,,,
5/11/2017 19:30,EUR,Low Impact Expected,German Final CPI m/m,,,
5/11/2017 19:30,USD,High Impact Expected,CPI y/y,,,
5/11/2017 19:30,USD,High Impact Expected,CPI m/m,,,
5/12/2017 12:30,USD,High Impact Expected,Core CPI m/m,,,
5/12/2017 13:00,USD,Medium Impact Expected,FOMC Member Evans Speaks,,,
5/12/2017 16:30,USD,Medium Impact Expected,FOMC Member Harker Speaks,,,
5/16/2017 6:45,EUR,Low Impact Expected,French Final CPI m/m,,,
5/16/2017 19:30,EUR,Low Impact Expected,Final Core CPI y/y,,,
5/17/2017 9:00,EUR,Medium Impact Expected,Final CPI y/y,,,
5/17/2017 19:30,USD,Medium Impact Expected,Philly Fed Manufacturing Index,,,
5/18/2017 11:30,EUR,Medium Impact Expected,ECB Monetary Policy Meeting Accounts,,,
5/18/2017 14:00,USD,High Impact Expected,Treasury Sec Mnuchin Speaks,,,
5/18/2017 17:00,EUR,High Impact Expected,ECB President Draghi Speaks,,,
5/19/2017 6:00,EUR,Low Impact Expected,German PPI m/m,,,
5/21/2017 19:30,USD,Medium Impact Expected,FOMC Member Kashkari Speaks,,,
5/22/2017 14:00,USD,Medium Impact Expected,FOMC Member Harker Speaks,,,
5/22/2017 23:30,USD,Medium Impact Expected,FOMC Member Brainard Speaks,,,
5/23/2017 1:10,USD,Medium Impact Expected,FOMC Member Evans Speaks,,,
5/23/2017 13:00,USD,Medium Impact Expected,FOMC Member Kashkari Speaks,,,
5/23/2017 19:00,USD,Medium Impact Expected,FOMC Member Kashkari Speaks,,,
5/23/2017 21:00,USD,Medium Impact Expected,FOMC Member Harker Speaks,,,
5/24/2017 8:00,EUR,Low Impact Expected,ECB Financial Stability Review,,,
5/24/2017 12:45,EUR,High Impact Expected,ECB President Draghi Speaks,,,
5/24/2017 18:00,USD,High Impact Expected,FOMC Meeting Minutes,,,
5/24/2017 22:00,USD,Medium Impact Expected,FOMC Member Kaplan Speaks,,,
5/25/2017 14:00,USD,Medium Impact Expected,FOMC Member Brainard Speaks,,,
5/29/2017 13:00,EUR,High Impact Expected,ECB President Draghi Speaks,,,
5/29/2017 19:30,EUR,Medium Impact Expected,Spanish Flash CPI y/y,,,
5/30/2017 19:29,EUR,Medium Impact Expected,German Prelim CPI m/m,,,
5/30/2017 19:30,EUR,Low Impact Expected,Italian Prelim CPI m/m,,,
5/30/2017 19:30,EUR,Medium Impact Expected,CPI Flash Estimate y/y,,,
5/31/2017 6:45,EUR,Low Impact Expected,French Prelim CPI m/m,,,
5/31/2017 9:00,EUR,Medium Impact Expected,Core CPI Flash Estimate y/y,,,
5/31/2017 12:00,USD,Medium Impact Expected,FOMC Member Kaplan Speaks,,,
6/1/2017 19:00,USD,High Impact Expected,President Trump Speaks,,,
6/2/2017 9:00,EUR,Low Impact Expected,PPI m/m,,,
6/7/2017 19:30,EUR,High Impact Expected,ECB Press Conference,,,
6/12/2017 19:30,USD,Medium Impact Expected,Core PPI m/m,,,
6/13/2017 12:30,USD,High Impact Expected,PPI m/m,,,
6/13/2017 19:30,USD,High Impact Expected,FOMC Statement,,,
6/13/2017 19:30,USD,High Impact Expected,FOMC Economic Projections,,,
6/13/2017 19:30,USD,High Impact Expected,CPI y/y,,,
6/13/2017 19:30,USD,High Impact Expected,CPI m/m,,,
6/14/2017 6:00,EUR,Low Impact Expected,German Final CPI m/m,,,
6/14/2017 12:30,USD,High Impact Expected,Core CPI m/m,,,
6/14/2017 18:30,USD,High Impact Expected,FOMC Press Conference,,,
6/14/2017 19:30,USD,Medium Impact Expected,Philly Fed Manufacturing Index,,,
6/15/2017 6:45,EUR,Low Impact Expected,French Final CPI m/m,,,
6/15/2017 19:30,EUR,Low Impact Expected,Final Core CPI y/y,,,
6/16/2017 9:00,EUR,Medium Impact Expected,Final CPI y/y,,,
6/16/2017 16:45,USD,Medium Impact Expected,FOMC Member Kaplan Speaks,,,
6/19/2017 12:00,USD,Medium Impact Expected,FOMC Member Dudley Speaks,,,
6/19/2017 15:00,EUR,Medium Impact Expected,German Buba President Weidmann Speaks,,,
6/19/2017 22:15,USD,Medium Impact Expected,FOMC Member Evans Speaks,,,
6/20/2017 6:00,EUR,Low Impact Expected,German PPI m/m,,,
6/20/2017 7:15,USD,Medium Impact Expected,FOMC Member Fischer Speaks,,,
6/20/2017 19:00,USD,Medium Impact Expected,FOMC Member Kaplan Speaks,,,
6/21/2017 19:30,USD,Medium Impact Expected,FOMC Member Powell Speaks,,,
6/22/2017 8:00,EUR,Low Impact Expected,ECB Economic Bulletin,,,
6/23/2017 18:15,USD,Medium Impact Expected,FOMC Member Powell Speaks,,,
6/26/2017 18:45,EUR,High Impact Expected,ECB President Draghi Speaks,,,
6/27/2017 8:00,EUR,High Impact Expected,ECB President Draghi Speaks,,,
6/27/2017 15:15,USD,Medium Impact Expected,FOMC Member Harker Speaks,,,
6/27/2017 17:00,USD,High Impact Expected,Fed Chair Yellen Speaks,,,
6/27/2017 19:30,EUR,High Impact Expected,ECB President Draghi Speaks,,,
6/27/2017 21:30,USD,Medium Impact Expected,FOMC Member Kashkari Speaks,,,
6/28/2017 9:00,EUR,Low Impact Expected,Italian Prelim CPI m/m,,,
6/29/2017 7:00,EUR,Medium Impact Expected,Spanish Flash CPI y/y,,,
6/29/2017 19:29,EUR,Medium Impact Expected,German Prelim CPI m/m,,,
6/29/2017 19:30,EUR,Medium Impact Expected,CPI Flash Estimate y/y,,,
6/29/2017 19:30,EUR,Low Impact Expected,French Prelim CPI m/m,,,
6/30/2017 9:00,EUR,Medium Impact Expected,Core CPI Flash Estimate y/y,,,
7/1/2017 10:00,EUR,Medium Impact Expected,German Buba President Weidmann Speaks,,,
7/2/2017 10:00,EUR,Medium Impact Expected,German Buba President Weidmann Speaks,,,
7/4/2017 9:00,EUR,Low Impact Expected,PPI m/m,,,
7/5/2017 18:00,USD,High Impact Expected,FOMC Meeting Minutes,,,
7/5/2017 19:30,USD,Medium Impact Expected,FOMC Member Powell Speaks,,,
7/6/2017 11:30,EUR,Medium Impact Expected,ECB Monetary Policy Meeting Accounts,,,
7/6/2017 19:30,USD,Medium Impact Expected,FOMC Member Fischer Speaks,,,
7/7/2017 15:00,USD,High Impact Expected,Fed Monetary Policy Report,,,
7/11/2017 16:30,USD,Medium Impact Expected,FOMC Member Brainard Speaks,,,
7/11/2017 17:20,USD,Medium Impact Expected,FOMC Member Kashkari Speaks,,,
7/11/2017 19:30,USD,High Impact Expected,Fed Chair Yellen Testifies,,,
7/12/2017 19:30,USD,Medium Impact Expected,Core PPI m/m,,,
7/12/2017 19:30,USD,High Impact Expected,PPI m/m,,,
7/13/2017 6:00,EUR,Low Impact Expected,German Final CPI m/m,,,
7/13/2017 6:45,EUR,Low Impact Expected,French Final CPI m/m,,,
7/13/2017 13:30,USD,High Impact Expected,Fed Chair Yellen Testifies,,,
7/13/2017 17:00,USD,Medium Impact Expected,FOMC Member Brainard Speaks,,,
7/13/2017 19:30,USD,High Impact Expected,CPI m/m,,,
7/13/2017 19:30,USD,High Impact Expected,CPI y/y,,,
7/14/2017 12:30,USD,High Impact Expected,Core CPI m/m,,,
7/14/2017 13:30,USD,Medium Impact Expected,FOMC Member Kaplan Speaks,,,
7/16/2017 19:30,EUR,Low Impact Expected,Final Core CPI y/y,,,
7/17/2017 9:00,EUR,Medium Impact Expected,Final CPI y/y,,,
7/19/2017 19:30,EUR,Low Impact Expected,German PPI m/m,,,
7/19/2017 19:30,USD,Medium Impact Expected,Philly Fed Manufacturing Index,,,
7/20/2017 12:30,EUR,High Impact Expected,ECB Press Conference,,,
7/26/2017 18:00,USD,High Impact Expected,FOMC Statement,,,
7/27/2017 19:30,EUR,Low Impact Expected,French Prelim CPI m/m,,,
7/27/2017 19:30,EUR,Medium Impact Expected,Spanish Flash CPI y/y,,,
7/28/2017 17:20,USD,Medium Impact Expected,FOMC Member Kashkari Speaks,,,
7/28/2017 19:29,EUR,Medium Impact Expected,German Prelim CPI m/m,,,
7/30/2017 19:30,EUR,Medium Impact Expected,CPI Flash Estimate y/y,,,
7/30/2017 19:30,EUR,Low Impact Expected,Italian Prelim CPI m/m,,,
7/31/2017 9:00,EUR,Medium Impact Expected,Core CPI Flash Estimate y/y,,,
8/2/2017 9:00,EUR,Low Impact Expected,PPI m/m,,,
8/3/2017 8:00,EUR,Low Impact Expected,ECB Economic Bulletin,,,
8/7/2017 17:25,USD,Medium Impact Expected,FOMC Member Kashkari Speaks,,,
8/9/2017 19:30,USD,High Impact Expected,PPI m/m,,,
8/9/2017 19:30,USD,Medium Impact Expected,Core PPI m/m,,,
8/10/2017 14:00,USD,Medium Impact Expected,FOMC Member Dudley Speaks,,,
8/10/2017 19:30,USD,High Impact Expected,CPI y/y,,,
8/10/2017 19:30,USD,High Impact Expected,CPI m/m,,,
8/11/2017 6:00,EUR,Low Impact Expected,German Final CPI m/m,,,
8/11/2017 6:45,EUR,Low Impact Expected,French Final CPI m/m,,,
8/11/2017 12:30,USD,High Impact Expected,Core CPI m/m,,,
8/11/2017 13:40,USD,Medium Impact Expected,FOMC Member Kaplan Speaks,,,
8/11/2017 15:30,USD,Medium Impact Expected,FOMC Member Kashkari Speaks,,,
8/16/2017 18:00,USD,High Impact Expected,FOMC Meeting Minutes,,,
8/16/2017 19:30,USD,Medium Impact Expected,Philly Fed Manufacturing Index,,,
8/16/2017 19:30,EUR,Low Impact Expected,Final Core CPI y/y,,,
8/17/2017 9:00,EUR,Medium Impact Expected,Final CPI y/y,,,
8/17/2017 11:30,EUR,Medium Impact Expected,ECB Monetary Policy Meeting Accounts,,,
8/17/2017 16:30,USD,Medium Impact Expected,FOMC Member Kaplan Speaks,,,
8/18/2017 6:00,EUR,Low Impact Expected,German PPI m/m,,,
8/18/2017 14:15,USD,Medium Impact Expected,FOMC Member Kaplan Speaks,,,
8/23/2017 7:25,EUR,High Impact Expected,ECB President Draghi Speaks,,,
8/23/2017 13:05,USD,Low Impact Expected,FOMC Member Kaplan Speaks,,,
8/25/2017 14:00,USD,High Impact Expected,Fed Chair Yellen Speaks,,,
8/25/2017 19:00,EUR,High Impact Expected,ECB President Draghi Speaks,,,
8/29/2017 19:30,EUR,Medium Impact Expected,Spanish Flash CPI y/y,,,
8/30/2017 13:15,USD,Medium Impact Expected,FOMC Member Powell Speaks,,,
8/30/2017 19:29,EUR,Medium Impact Expected,German Prelim CPI m/m,,,
8/30/2017 19:30,EUR,Medium Impact Expected,CPI Flash Estimate y/y,,,
8/30/2017 19:30,EUR,Low Impact Expected,Italian Prelim CPI m/m,,,
8/31/2017 6:45,EUR,Low Impact Expected,French Prelim CPI m/m,,,
8/31/2017 9:00,EUR,Medium Impact Expected,Core CPI Flash Estimate y/y,,,
9/4/2017 9:00,EUR,Low Impact Expected,PPI m/m,,,
9/5/2017 12:00,USD,Medium Impact Expected,FOMC Member Brainard Speaks,,,
9/5/2017 17:10,USD,Medium Impact Expected,FOMC Member Kashkari Speaks,,,
9/5/2017 22:05,USD,Medium Impact Expected,FOMC Member Kaplan Speaks,,,
9/6/2017 19:30,EUR,High Impact Expected,ECB Press Conference,,,
9/7/2017 23:00,USD,Medium Impact Expected,FOMC Member Dudley Speaks,,,
9/8/2017 12:45,USD,Low Impact Expected,FOMC Member Harker Speaks,,,
9/12/2017 19:30,USD,Medium Impact Expected,Core PPI m/m,,,
9/13/2017 6:00,EUR,Low Impact Expected,German Final CPI m/m,,,
9/13/2017 12:30,USD,High Impact Expected,PPI m/m,,,
9/13/2017 19:30,USD,High Impact Expected,CPI y/y,,,
9/13/2017 19:30,USD,High Impact Expected,Core CPI m/m,,,
9/13/2017 19:30,USD,High Impact Expected,CPI m/m,,,
9/14/2017 6:45,EUR,Low Impact Expected,French Final CPI m/m,,,
9/14/2017 15:30,EUR,Medium Impact Expected,German Buba President Weidmann Speaks,,,
9/17/2017 19:30,EUR,Low Impact Expected,Final Core CPI y/y,,,
9/18/2017 9:00,EUR,Medium Impact Expected,Final CPI y/y,,,
9/19/2017 19:30,USD,High Impact Expected,FOMC Economic Projections,,,
9/19/2017 19:30,USD,High Impact Expected,FOMC Statement,,,
9/20/2017 6:00,EUR,Low Impact Expected,German PPI m/m,,,
9/20/2017 18:30,USD,High Impact Expected,FOMC Press Conference,,,
9/20/2017 19:30,USD,Medium Impact Expected,Philly Fed Manufacturing Index,,,
9/21/2017 8:00,EUR,Low Impact Expected,ECB Economic Bulletin,,,
9/21/2017 13:30,EUR,High Impact Expected,ECB President Draghi Speaks,,,
9/22/2017 8:30,EUR,High Impact Expected,ECB President Draghi Speaks,,,
9/24/2017 20:30,EUR,High Impact Expected,ECB President Draghi Speaks,,,
9/25/2017 12:30,USD,Medium Impact Expected,FOMC Member Dudley Speaks,,,
9/25/2017 16:40,USD,Medium Impact Expected,FOMC Member Evans Speaks,,,
9/25/2017 22:30,USD,Medium Impact Expected,FOMC Member Kashkari Speaks,,,
9/26/2017 14:30,USD,Medium Impact Expected,FOMC Member Brainard Speaks,,,
9/26/2017 16:45,USD,High Impact Expected,Fed Chair Yellen Speaks,,,
9/27/2017 18:00,USD,Medium Impact Expected,FOMC Member Brainard Speaks,,,
9/27/2017 19:00,USD,Low Impact Expected,President Trump Speaks,,,
9/28/2017 7:00,EUR,Medium Impact Expected,Spanish Flash CPI y/y,,,
9/28/2017 14:00,USD,Medium Impact Expected,FOMC Member Fischer Speaks,,,
9/28/2017 20:29,EUR,Medium Impact Expected,German Prelim CPI m/m,,,
9/28/2017 20:30,EUR,Medium Impact Expected,CPI Flash Estimate y/y,,,
9/28/2017 20:30,EUR,Low Impact Expected,French Prelim CPI m/m,,,
9/28/2017 20:30,EUR,Low Impact Expected,Italian Prelim CPI m/m,,,
9/29/2017 9:00,EUR,Medium Impact Expected,Core CPI Flash Estimate y/y,,,
9/29/2017 15:00,USD,Medium Impact Expected,FOMC Member Harker Speaks,,,
10/2/2017 18:00,USD,Medium Impact Expected,FOMC Member Kaplan Speaks,,,
10/3/2017 9:00,EUR,Low Impact Expected,PPI m/m,,,
10/3/2017 12:30,USD,Medium Impact Expected,FOMC Member Powell Speaks,,,
10/4/2017 17:15,EUR,High Impact Expected,ECB President Draghi Speaks,,,
10/4/2017 19:15,USD,High Impact Expected,Fed Chair Yellen Speaks,,,
10/4/2017 20:30,USD,Low Impact Expected,Fed Gov Nomination Hearings,,,
10/5/2017 11:30,EUR,Medium Impact Expected,ECB Monetary Policy Meeting Accounts,,,
10/5/2017 13:05,USD,High Impact Expected,FOMC Member Powell Speaks,,,
10/5/2017 13:30,USD,Medium Impact Expected,FOMC Member Harker Speaks,,,
10/6/2017 16:15,USD,Medium Impact Expected,FOMC Member Dudley Speaks,,,
10/6/2017 16:45,USD,Medium Impact Expected,FOMC Member Kaplan Speaks,,,
10/10/2017 14:00,USD,Medium Impact Expected,FOMC Member Kashkari Speaks,,,
10/11/2017 0:00,USD,Medium Impact Expected,FOMC Member Kaplan Speaks,,,
10/11/2017 18:00,USD,High Impact Expected,FOMC Meeting Minutes,,,
10/11/2017 20:30,USD,Medium Impact Expected,FOMC Member Powell Speaks,,,
10/11/2017 20:30,USD,Medium Impact Expected,Core PPI m/m,,,
10/11/2017 20:30,USD,High Impact Expected,PPI m/m,,,
10/11/2017 20:30,USD,Medium Impact Expected,FOMC Member Brainard Speaks,,,
10/12/2017 6:45,EUR,Low Impact Expected,French Final CPI m/m,,,
10/12/2017 14:30,EUR,High Impact Expected,ECB President Draghi Speaks,,,
10/12/2017 20:30,USD,High Impact Expected,CPI m/m,,,
10/12/2017 20:30,USD,High Impact Expected,CPI y/y,,,
10/13/2017 6:00,EUR,Low Impact Expected,German Final CPI m/m,,,
10/13/2017 12:30,USD,High Impact Expected,Core CPI m/m,,,
10/13/2017 14:25,USD,Medium Impact Expected,FOMC Member Evans Speaks,,,
10/13/2017 15:30,USD,Medium Impact Expected,FOMC Member Kaplan Speaks,,,
10/14/2017 17:00,EUR,High Impact Expected,ECB President Draghi Speaks,,,
10/14/2017 20:30,USD,High Impact Expected,Fed Chair Yellen Speaks,,,
10/15/2017 15:20,EUR,Medium Impact Expected,German Buba President Weidmann Speaks,,,
10/16/2017 20:30,EUR,Low Impact Expected,Final Core CPI y/y,,,
10/17/2017 9:00,EUR,Medium Impact Expected,Final CPI y/y,,,
10/17/2017 17:00,USD,Medium Impact Expected,FOMC Member Harker Speaks,,,
10/17/2017 20:30,USD,Medium Impact Expected,FOMC Member Kaplan Speaks,,,
10/18/2017 8:10,EUR,High Impact Expected,ECB President Draghi Speaks,,,
10/18/2017 12:00,USD,Medium Impact Expected,FOMC Member Dudley Speaks,,,
10/18/2017 20:30,USD,Medium Impact Expected,Philly Fed Manufacturing Index,,,
10/20/2017 6:00,EUR,Low Impact Expected,German PPI m/m,,,
10/20/2017 23:30,USD,High Impact Expected,Fed Chair Yellen Speaks,,,
10/26/2017 12:30,EUR,High Impact Expected,ECB Press Conference,,,
10/29/2017 20:30,EUR,Medium Impact Expected,Spanish Flash CPI y/y,,,
10/30/2017 20:29,EUR,Medium Impact Expected,German Prelim CPI m/m,,,
10/30/2017 20:30,EUR,Medium Impact Expected,CPI Flash Estimate y/y,,,
10/30/2017 20:30,EUR,Low Impact Expected,Italian Prelim CPI m/m,,,
10/30/2017 20:30,EUR,Low Impact Expected,French Prelim CPI m/m,,,
10/31/2017 10:00,EUR,Medium Impact Expected,Core CPI Flash Estimate y/y,,,
11/1/2017 18:00,USD,High Impact Expected,FOMC Statement,,,
11/1/2017 20:30,USD,Medium Impact Expected,FOMC Member Powell Speaks,,,
11/2/2017 16:20,USD,Medium Impact Expected,FOMC Member Dudley Speaks,,,
11/3/2017 16:15,USD,Medium Impact Expected,FOMC Member Kashkari Speaks,,,
11/6/2017 10:00,EUR,Low Impact Expected,PPI m/m,,,
11/6/2017 17:10,USD,Medium Impact Expected,FOMC Member Dudley Speaks,,,
11/7/2017 9:00,EUR,High Impact Expected,ECB President Draghi Speaks,,,
11/7/2017 17:35,USD,Medium Impact Expected,FOMC Member Quarles Speaks,,,
11/7/2017 19:30,USD,High Impact Expected,Fed Chair Yellen Speaks,,,
11/9/2017 9:00,EUR,Low Impact Expected,ECB Economic Bulletin,,,
11/11/2017 10:00,EUR,High Impact Expected,ECB President Draghi Speaks,,,
11/13/2017 0:10,USD,Medium Impact Expected,FOMC Member Harker Speaks,,,
11/13/2017 20:30,EUR,Low Impact Expected,German Final CPI m/m,,,
11/13/2017 20:30,USD,High Impact Expected,Fed Chair Yellen Speaks,,,
11/13/2017 20:30,USD,Medium Impact Expected,Core PPI m/m,,,
11/14/2017 8:05,USD,Medium Impact Expected,FOMC Member Evans Speaks,,,
11/14/2017 10:00,EUR,High Impact Expected,ECB President Draghi Speaks,,,
11/14/2017 13:30,USD,High Impact Expected,PPI m/m,,,
11/14/2017 20:30,USD,High Impact Expected,CPI m/m,,,
11/14/2017 20:30,USD,High Impact Expected,CPI y/y,,,
11/15/2017 7:45,EUR,Low Impact Expected,French Final CPI m/m,,,
11/15/2017 8:00,USD,Medium Impact Expected,FOMC Member Evans Speaks,,,
11/15/2017 13:30,USD,High Impact Expected,Core CPI m/m,,,
11/15/2017 20:30,EUR,Low Impact Expected,Final Core CPI y/y,,,
11/16/2017 10:00,EUR,Medium Impact Expected,Final CPI y/y,,,
11/16/2017 13:38,USD,Medium Impact Expected,Philly Fed Manufacturing Index,,,
11/16/2017 18:20,USD,Medium Impact Expected,FOMC Member Kaplan Speaks,,,
11/16/2017 20:45,USD,Medium Impact Expected,FOMC Member Brainard Speaks,,,
11/17/2017 8:30,EUR,High Impact Expected,ECB President Draghi Speaks,,,
11/17/2017 13:00,EUR,Medium Impact Expected,German Buba President Weidmann Speaks,,,
11/20/2017 7:00,EUR,Low Impact Expected,German PPI m/m,,,
11/20/2017 14:00,EUR,High Impact Expected,ECB President Draghi Speaks,,,
11/20/2017 16:00,EUR,High Impact Expected,ECB President Draghi Speaks,,,
11/21/2017 23:00,USD,High Impact Expected,Fed Chair Yellen Speaks,,,
11/22/2017 19:00,USD,High Impact Expected,FOMC Meeting Minutes,,,
11/23/2017 12:30,EUR,Medium Impact Expected,ECB Monetary Policy Meeting Accounts,,,
11/27/2017 23:30,USD,Medium Impact Expected,FOMC Member Kashkari Speaks,,,
11/28/2017 0:00,USD,Medium Impact Expected,FOMC Member Dudley Speaks,,,
11/28/2017 14:15,USD,Medium Impact Expected,FOMC Member Dudley Speaks,,,
11/28/2017 14:45,USD,High Impact Expected,Fed Chair Powell Testifies,,,
11/28/2017 15:15,USD,Medium Impact Expected,FOMC Member Harker Speaks,,,
11/28/2017 20:30,USD,Medium Impact Expected,FOMC Member Dudley Speaks,,,
11/28/2017 20:45,USD,High Impact Expected,Treasury Sec Mnuchin Speaks,,,
11/29/2017 8:00,EUR,Medium Impact Expected,Spanish Flash CPI y/y,,,
11/29/2017 10:00,EUR,Low Impact Expected,ECB Financial Stability Review,,,
11/29/2017 15:00,USD,High Impact Expected,Fed Chair Yellen Testifies,,,
11/29/2017 20:29,EUR,Medium Impact Expected,German Prelim CPI m/m,,,
11/29/2017 20:30,EUR,Medium Impact Expected,Core CPI Flash Estimate y/y,,,
11/29/2017 20:30,EUR,Low Impact Expected,Italian Prelim CPI m/m,,,
11/30/2017 7:45,EUR,Low Impact Expected,French Prelim CPI m/m,,,
11/30/2017 10:00,EUR,High Impact Expected,CPI Flash Estimate y/y,,,
11/30/2017 17:30,USD,Medium Impact Expected,FOMC Member Quarles Speaks,,,
11/30/2017 18:00,USD,Medium Impact Expected,FOMC Member Kaplan Speaks,,,
11/30/2017 20:30,USD,Medium Impact Expected,FOMC Member Kaplan Speaks,,,
12/1/2017 15:15,USD,Medium Impact Expected,FOMC Member Harker Speaks,,,
12/4/2017 10:00,EUR,Low Impact Expected,PPI m/m,,,
12/7/2017 16:00,EUR,High Impact Expected,ECB President Draghi Speaks,,,
12/11/2017 20:30,USD,Medium Impact Expected,Core PPI m/m,,,
12/12/2017 13:30,USD,High Impact Expected,PPI m/m,,,
12/12/2017 19:00,EUR,High Impact Expected,ECB President Draghi Speaks,,,
12/12/2017 20:30,USD,High Impact Expected,CPI m/m,,,
12/12/2017 20:30,USD,High Impact Expected,FOMC Economic Projections,,,
12/12/2017 20:30,USD,High Impact Expected,FOMC Statement,,,
12/12/2017 20:30,USD,High Impact Expected,CPI y/y,,,
12/13/2017 7:00,EUR,Low Impact Expected,German Final CPI m/m,,,
12/13/2017 13:30,USD,High Impact Expected,Core CPI m/m,,,
12/13/2017 19:30,USD,High Impact Expected,FOMC Press Conference,,,
12/13/2017 20:00,USD,High Impact Expected,President Trump Speaks,,,
12/13/2017 20:30,EUR,High Impact Expected,ECB Press Conference,,,
12/13/2017 23:00,USD,Medium Impact Expected,FOMC Member Brainard Speaks,,,
12/14/2017 7:45,EUR,Low Impact Expected,French Final CPI m/m,,,
12/17/2017 20:30,EUR,Low Impact Expected,Final Core CPI y/y,,,
12/18/2017 10:00,EUR,Medium Impact Expected,Final CPI y/y,,,
12/19/2017 18:00,USD,Medium Impact Expected,FOMC Member Kashkari Speaks,,,
12/20/2017 7:00,EUR,Low Impact Expected,German PPI m/m,,,
12/20/2017 13:00,EUR,Medium Impact Expected,German Buba President Weidmann Speaks,,,
12/20/2017 20:00,USD,High Impact Expected,President Trump Speaks,,,
12/20/2017 20:30,USD,Medium Impact Expected,Philly Fed Manufacturing Index,,,
12/28/2017 9:00,EUR,Low Impact Expected,ECB Economic Bulletin,,,
12/29/2017 8:00,EUR,Medium Impact Expected,Spanish Flash CPI y/y,,,
12/29/2017 20:29,EUR,Medium Impact Expected,German Prelim CPI m/m,,,
1/3/2018 19:00,USD,High Impact Expected,FOMC Meeting Minutes,,,
1/4/2018 20:30,EUR,Medium Impact Expected,Core CPI Flash Estimate y/y,,,
1/4/2018 20:30,EUR,Low Impact Expected,PPI m/m,,,
1/4/2018 20:30,EUR,Low Impact Expected,Italian Prelim CPI m/m,,,
1/5/2018 7:45,EUR,Low Impact Expected,French Prelim CPI m/m,,,
1/5/2018 10:00,EUR,High Impact Expected,CPI Flash Estimate y/y,,,
1/5/2018 17:30,USD,Medium Impact Expected,FOMC Member Mester Speaks,,,
1/6/2018 15:15,USD,Medium Impact Expected,FOMC Member Mester Speaks,,,
1/7/2018 13:00,USD,Medium Impact Expected,FOMC Member Williams Speaks,,,
1/8/2018 17:40,USD,Medium Impact Expected,FOMC Member Bostic Speaks,,,
1/8/2018 18:35,USD,Medium Impact Expected,FOMC Member Williams Speaks,,,
1/10/2018 20:30,USD,High Impact Expected,PPI m/m,,,
1/10/2018 20:30,USD,Medium Impact Expected,Core PPI m/m,,,
1/11/2018 12:30,EUR,Medium Impact Expected,ECB Monetary Policy Meeting Accounts,,,
1/11/2018 20:30,USD,Medium Impact Expected,FOMC Member Dudley Speaks,,,
1/11/2018 20:30,USD,High Impact Expected,CPI m/m,,,
1/11/2018 20:30,USD,High Impact Expected,CPI y/y,,,
1/12/2018 7:45,EUR,Low Impact Expected,French Final CPI m/m,,,
1/12/2018 13:30,USD,High Impact Expected,Core CPI m/m,,,
1/12/2018 16:30,EUR,Medium Impact Expected,German Buba President Weidmann Speaks,,,
1/16/2018 7:00,EUR,Low Impact Expected,German Final CPI m/m,,,
1/16/2018 20:30,EUR,Low Impact Expected,Final Core CPI y/y,,,
1/17/2018 10:00,EUR,Medium Impact Expected,Final CPI y/y,,,
1/17/2018 20:30,USD,Medium Impact Expected,Philly Fed Manufacturing Index,,,
1/17/2018 21:30,USD,Medium Impact Expected,FOMC Member Mester Speaks,,,
1/18/2018 8:00,EUR,Medium Impact Expected,German Buba President Weidmann Speaks,,,
1/19/2018 7:00,EUR,Low Impact Expected,German PPI m/m,,,
1/19/2018 13:55,USD,Medium Impact Expected,FOMC Member Bostic Speaks,,,
1/19/2018 17:15,USD,Medium Impact Expected,FOMC Member Quarles Speaks,,,
1/19/2018 18:30,USD,Medium Impact Expected,FOMC Member Williams Speaks,,,
1/24/2018 20:30,EUR,High Impact Expected,ECB Press Conference,,,
1/26/2018 13:07,USD,High Impact Expected,President Trump Speaks,,,
1/30/2018 20:29,EUR,Medium Impact Expected,German Prelim CPI m/m,,,
1/30/2018 20:30,USD,High Impact Expected,FOMC Statement,,,
1/30/2018 20:30,EUR,Medium Impact Expected,Core CPI Flash Estimate y/y,,,
1/31/2018 2:00,USD,High Impact Expected,President Trump Speaks,,,
1/31/2018 7:45,EUR,Low Impact Expected,French Prelim CPI m/m,,,
1/31/2018 8:00,EUR,Medium Impact Expected,Spanish Flash CPI y/y,,,
1/31/2018 10:00,EUR,High Impact Expected,CPI Flash Estimate y/y,,,
2/1/2018 20:30,EUR,Low Impact Expected,Italian Prelim CPI m/m,,,
2/2/2018 10:00,EUR,Low Impact Expected,PPI m/m,,,
2/2/2018 19:30,USD,Medium Impact Expected,FOMC Member Williams Speaks,,,
2/5/2018 16:00,EUR,High Impact Expected,ECB President Draghi Speaks,,,
2/6/2018 9:00,EUR,Medium Impact Expected,German Buba President Weidmann Speaks,,,
2/6/2018 20:30,USD,Medium Impact Expected,FOMC Member Dudley Speaks,,,
2/7/2018 20:30,EUR,Low Impact Expected,ECB Economic Bulletin,,,
2/7/2018 22:20,USD,Medium Impact Expected,FOMC Member Williams Speaks,,,
2/8/2018 8:45,EUR,Medium Impact Expected,German Buba President Weidmann Speaks,,,
2/13/2018 13:00,USD,Medium Impact Expected,FOMC Member Mester Speaks,,,
2/13/2018 20:30,EUR,Low Impact Expected,German Final CPI m/m,,,
2/13/2018 20:30,USD,High Impact Expected,CPI m/m,,,
2/13/2018 20:30,USD,High Impact Expected,CPI y/y,,,
2/14/2018 8:00,EUR,Medium Impact Expected,German Buba President Weidmann Speaks,,,
2/14/2018 13:30,USD,High Impact Expected,Core CPI m/m,,,
2/14/2018 20:30,USD,High Impact Expected,PPI m/m,,,
2/14/2018 20:30,USD,Medium Impact Expected,Core PPI m/m,,,
2/14/2018 20:30,USD,Medium Impact Expected,Philly Fed Manufacturing Index,,,
2/19/2018 20:30,EUR,Low Impact Expected,German PPI m/m,,,
2/21/2018 19:00,USD,High Impact Expected,FOMC Meeting Minutes,,,
2/21/2018 20:30,USD,Low Impact Expected,FOMC Member Dudley Speaks,,,
2/22/2018 5:15,USD,Medium Impact Expected,FOMC Member Quarles Speaks,,,
2/22/2018 7:45,EUR,Low Impact Expected,French Final CPI m/m,,,
2/22/2018 12:30,EUR,High Impact Expected,ECB Monetary Policy Meeting Accounts,,,
2/22/2018 17:10,USD,Medium Impact Expected,FOMC Member Bostic Speaks,,,
2/22/2018 20:30,EUR,Low Impact Expected,Final Core CPI y/y,,,
2/23/2018 10:00,EUR,Medium Impact Expected,Final CPI y/y,,,
2/23/2018 15:15,USD,Medium Impact Expected,FOMC Member Dudley Speaks,,,
2/23/2018 16:00,USD,Low Impact Expected,Fed Monetary Policy Report,,,
2/23/2018 18:30,USD,Medium Impact Expected,FOMC Member Mester Speaks,,,
2/23/2018 20:40,USD,Medium Impact Expected,FOMC Member Williams Speaks,,,
2/26/2018 14:40,EUR,High Impact Expected,ECB President Draghi Speaks,,,
2/26/2018 20:15,USD,Medium Impact Expected,FOMC Member Quarles Speaks,,,
2/26/2018 20:30,USD,High Impact Expected,Fed Chair Powell Testifies,,,
2/27/2018 8:00,EUR,Medium Impact Expected,Spanish Flash CPI y/y,,,
2/27/2018 10:00,EUR,Medium Impact Expected,German Buba President Weidmann Speaks,,,
2/27/2018 20:29,EUR,Medium Impact Expected,German Prelim CPI m/m,,,
2/27/2018 20:30,EUR,Low Impact Expected,French Prelim CPI m/m,,,
2/27/2018 20:30,EUR,Medium Impact Expected,CPI Flash Estimate y/y,,,
2/27/2018 20:30,EUR,Low Impact Expected,Italian Prelim CPI m/m,,,
2/28/2018 10:00,EUR,Medium Impact Expected,Core CPI Flash Estimate y/y,,,
3/1/2018 15:00,USD,High Impact Expected,Fed Chair Powell Testifies,,,
3/1/2018 16:00,USD,High Impact Expected,President Trump Speaks,,,
3/2/2018 10:00,EUR,Low Impact Expected,PPI m/m,,,
3/5/2018 18:15,USD,Medium Impact Expected,FOMC Member Quarles Speaks,,,
3/6/2018 12:30,USD,Medium Impact Expected,FOMC Member Dudley Speaks,,,
3/6/2018 22:30,USD,Medium Impact Expected,FOMC Member Brainard Speaks,,,
3/7/2018 13:00,USD,Medium Impact Expected,FOMC Member Bostic Speaks,,,
3/7/2018 13:20,USD,Low Impact Expected,FOMC Member Dudley Speaks,,,
3/7/2018 20:30,EUR,High Impact Expected,ECB Press Conference,,,
3/12/2018 20:30,USD,High Impact Expected,Core CPI m/m,,,
3/12/2018 20:30,USD,High Impact Expected,CPI m/m,,,
3/12/2018 20:30,USD,High Impact Expected,CPI y/y,,,
3/13/2018 20:30,USD,High Impact Expected,PPI m/m,,,
3/13/2018 20:30,USD,Medium Impact Expected,Core PPI m/m,,,
3/14/2018 7:00,EUR,Low Impact Expected,German Final CPI m/m,,,
3/14/2018 8:00,EUR,High Impact Expected,ECB President Draghi Speaks,,,
3/14/2018 20:30,USD,Medium Impact Expected,Philly Fed Manufacturing Index,,,
3/15/2018 7:45,EUR,Low Impact Expected,French Final CPI m/m,,,
3/15/2018 20:30,EUR,Low Impact Expected,Final Core CPI y/y,,,
3/16/2018 10:00,EUR,Medium Impact Expected,Final CPI y/y,,,
3/19/2018 13:40,USD,Low Impact Expected,FOMC Member Bostic Speaks,,,
3/19/2018 20:30,EUR,Low Impact Expected,German PPI m/m,,,
3/20/2018 20:30,USD,High Impact Expected,FOMC Economic Projections,,,
3/20/2018 20:30,USD,High Impact Expected,FOMC Statement,,,
3/21/2018 18:30,USD,High Impact Expected,FOMC Press Conference,,,
3/21/2018 19:30,EUR,Low Impact Expected,ECB Economic Bulletin,,,
3/23/2018 12:10,USD,Medium Impact Expected,FOMC Member Bostic Speaks,,,
3/26/2018 9:30,EUR,Medium Impact Expected,German Buba President Weidmann Speaks,,,
3/26/2018 16:30,USD,Medium Impact Expected,FOMC Member Dudley Speaks,,,
3/26/2018 20:30,USD,Medium Impact Expected,FOMC Member Mester Speaks,,,
3/26/2018 23:10,USD,Medium Impact Expected,FOMC Member Quarles Speaks,,,
3/27/2018 7:00,EUR,Medium Impact Expected,Spanish Flash CPI y/y,,,
3/27/2018 15:00,USD,Medium Impact Expected,FOMC Member Bostic Speaks,,,
3/28/2018 16:00,USD,Medium Impact Expected,FOMC Member Bostic Speaks,,,
3/29/2018 19:29,EUR,Medium Impact Expected,German Prelim CPI m/m,,,
3/29/2018 19:30,EUR,Low Impact Expected,French Prelim CPI m/m,,,
3/30/2018 9:00,EUR,Low Impact Expected,Italian Prelim CPI m/m,,,
4/3/2018 19:30,EUR,Medium Impact Expected,CPI Flash Estimate y/y,,,
4/3/2018 20:30,USD,Medium Impact Expected,FOMC Member Brainard Speaks,,,
4/4/2018 9:00,EUR,Medium Impact Expected,Core CPI Flash Estimate y/y,,,
4/4/2018 15:00,USD,Medium Impact Expected,FOMC Member Mester Speaks,,,
4/5/2018 9:00,EUR,Low Impact Expected,PPI m/m,,,
4/5/2018 17:00,USD,Medium Impact Expected,FOMC Member Bostic Speaks,,,
4/6/2018 17:30,USD,High Impact Expected,Fed Chair Powell Speaks,,,
4/9/2018 19:30,USD,Medium Impact Expected,Core PPI m/m,,,
4/9/2018 19:30,USD,High Impact Expected,PPI m/m,,,
4/10/2018 19:30,USD,High Impact Expected,CPI m/m,,,
4/10/2018 19:30,USD,High Impact Expected,CPI y/y,,,
4/11/2018 11:10,EUR,Medium Impact Expected,ECB President Draghi Speaks,,,
4/11/2018 12:30,USD,High Impact Expected,Core CPI m/m,,,
4/11/2018 18:00,USD,High Impact Expected,FOMC Meeting Minutes,,,
4/12/2018 6:45,EUR,Low Impact Expected,French Final CPI m/m,,,
4/12/2018 11:30,EUR,High Impact Expected,ECB Monetary Policy Meeting Accounts,,,
4/12/2018 16:00,EUR,Medium Impact Expected,German Buba President Weidmann Speaks,,,
4/13/2018 6:00,EUR,Low Impact Expected,German Final CPI m/m,,,
4/16/2018 17:15,USD,Medium Impact Expected,FOMC Member Bostic Speaks,,,
4/16/2018 19:30,USD,Medium Impact Expected,FOMC Member Williams Speaks,,,
4/17/2018 14:00,USD,Medium Impact Expected,FOMC Member Quarles Speaks,,,
4/17/2018 19:30,EUR,Low Impact Expected,Final Core CPI y/y,,,
4/17/2018 21:40,USD,Medium Impact Expected,FOMC Member Bostic Speaks,,,
4/18/2018 9:00,EUR,Medium Impact Expected,Final CPI y/y,,,
4/18/2018 19:15,USD,Medium Impact Expected,FOMC Member Dudley Speaks,,,
4/18/2018 19:30,USD,Medium Impact Expected,Philly Fed Manufacturing Index,,,
4/18/2018 20:15,USD,Medium Impact Expected,FOMC Member Quarles Speaks,,,
4/19/2018 12:00,USD,Medium Impact Expected,FOMC Member Brainard Speaks,,,
4/19/2018 13:30,USD,Medium Impact Expected,FOMC Member Quarles Speaks,,,
4/19/2018 22:45,USD,Medium Impact Expected,FOMC Member Mester Speaks,,,
4/20/2018 6:00,EUR,Low Impact Expected,German PPI m/m,,,
4/20/2018 11:30,EUR,Medium Impact Expected,German Buba President Weidmann Speaks,,,
4/20/2018 15:15,USD,Medium Impact Expected,FOMC Member Williams Speaks,,,
4/26/2018 12:30,EUR,High Impact Expected,ECB Press Conference,,,
4/26/2018 19:30,EUR,Low Impact Expected,French Prelim CPI m/m,,,
4/27/2018 7:00,EUR,Medium Impact Expected,Spanish Flash CPI y/y,,,
4/30/2018 9:00,EUR,Low Impact Expected,Italian Prelim CPI m/m,,,
4/30/2018 19:29,EUR,Medium Impact Expected,German Prelim CPI m/m,,,
5/1/2018 19:30,USD,High Impact Expected,FOMC Statement,,,
5/2/2018 15:30,EUR,Medium Impact Expected,German Buba President Weidmann Speaks,,,
5/2/2018 19:30,EUR,Low Impact Expected,PPI m/m,,,
5/2/2018 19:30,EUR,Medium Impact Expected,CPI Flash Estimate y/y,,,
5/3/2018 9:00,EUR,Medium Impact Expected,Core CPI Flash Estimate y/y,,,
5/4/2018 13:00,EUR,Medium Impact Expected,German Buba President Weidmann Speaks,,,
5/4/2018 16:45,USD,Medium Impact Expected,FOMC Member Dudley Speaks,,,
5/4/2018 19:00,USD,Medium Impact Expected,FOMC Member Williams Speaks,,,
5/4/2018 21:30,USD,Medium Impact Expected,FOMC Member Quarles Speaks,,,
5/5/2018 0:00,USD,Medium Impact Expected,FOMC Member Bostic Speaks,,,
5/6/2018 23:00,USD,Medium Impact Expected,FOMC Member Quarles Speaks,,,
5/7/2018 12:25,USD,Medium Impact Expected,FOMC Member Bostic Speaks,,,
5/7/2018 18:00,USD,Medium Impact Expected,FOMC Member Barkin Speaks,,,
5/8/2018 7:15,USD,High Impact Expected,Fed Chair Powell Speaks,,,
5/8/2018 18:00,USD,High Impact Expected,President Trump Speaks,,,
5/8/2018 19:30,USD,Medium Impact Expected,Core PPI m/m,,,
5/8/2018 19:30,USD,High Impact Expected,PPI m/m,,,
5/9/2018 16:30,USD,Medium Impact Expected,FOMC Member Bostic Speaks,,,
5/9/2018 19:30,USD,High Impact Expected,CPI y/y,,,
5/9/2018 19:30,USD,High Impact Expected,CPI m/m,,,
5/9/2018 19:30,USD,High Impact Expected,Core CPI m/m,,,
5/10/2018 8:00,EUR,Low Impact Expected,ECB Economic Bulletin,,,
5/11/2018 13:15,EUR,High Impact Expected,ECB President Draghi Speaks,,,
5/14/2018 6:45,USD,Medium Impact Expected,FOMC Member Mester Speaks,,,
5/15/2018 6:45,EUR,Low Impact Expected,French Final CPI m/m,,,
5/15/2018 16:45,USD,Medium Impact Expected,FOMC Member Williams Speaks,,,
5/15/2018 19:30,EUR,Low Impact Expected,Final Core CPI y/y,,,
5/15/2018 19:30,USD,Medium Impact Expected,FOMC Member Bostic Speaks,,,
5/16/2018 6:00,EUR,Low Impact Expected,German Final CPI m/m,,,
5/16/2018 9:00,EUR,Medium Impact Expected,Final CPI y/y,,,
5/16/2018 12:00,EUR,Medium Impact Expected,ECB President Draghi Speaks,,,
5/17/2018 12:32,USD,Medium Impact Expected,Philly Fed Manufacturing Index,,,
5/18/2018 6:00,EUR,Low Impact Expected,German PPI m/m,,,
5/18/2018 7:00,USD,Medium Impact Expected,FOMC Member Mester Speaks,,,
5/18/2018 13:15,USD,Medium Impact Expected,FOMC Member Brainard Speaks,,,
5/21/2018 15:30,USD,Medium Impact Expected,FOMC Member Bostic Speaks,,,
5/23/2018 18:00,USD,High Impact Expected,FOMC Meeting Minutes,,,
5/24/2018 8:00,EUR,Low Impact Expected,ECB Financial Stability Review,,,
5/24/2018 8:15,USD,Medium Impact Expected,FOMC Member Dudley Speaks,,,
5/24/2018 11:30,EUR,High Impact Expected,ECB Monetary Policy Meeting Accounts,,,
5/24/2018 14:35,USD,Medium Impact Expected,FOMC Member Bostic Speaks,,,
5/24/2018 19:30,USD,High Impact Expected,Fed Chair Powell Speaks,,,
5/25/2018 15:45,USD,Medium Impact Expected,FOMC Member Bostic Speaks,,,
5/25/2018 19:20,EUR,Medium Impact Expected,German Buba President Weidmann Speaks,,,
5/29/2018 19:30,EUR,Medium Impact Expected,Spanish Flash CPI y/y,,,
5/30/2018 19:29,EUR,Medium Impact Expected,German Prelim CPI m/m,,,
5/30/2018 19:30,EUR,Low Impact Expected,Italian Prelim CPI m/m,,,
5/30/2018 19:30,EUR,Medium Impact Expected,CPI Flash Estimate y/y,,,
5/31/2018 6:45,EUR,Low Impact Expected,French Prelim CPI m/m,,,
5/31/2018 9:00,EUR,Medium Impact Expected,Core CPI Flash Estimate y/y,,,
5/31/2018 16:45,USD,Medium Impact Expected,FOMC Member Bostic Speaks,,,
5/31/2018 17:00,USD,Medium Impact Expected,FOMC Member Brainard Speaks,,,
6/4/2018 9:00,EUR,Low Impact Expected,PPI m/m,,,
6/5/2018 17:30,EUR,Medium Impact Expected,German Buba President Weidmann Speaks,,,
6/11/2018 19:30,USD,High Impact Expected,CPI y/y,,,
6/11/2018 19:30,USD,High Impact Expected,CPI m/m,,,
6/12/2018 12:30,USD,High Impact Expected,Core CPI m/m,,,
6/12/2018 19:30,USD,High Impact Expected,FOMC Statement,,,
6/12/2018 19:30,USD,High Impact Expected,FOMC Economic Projections,,,
6/12/2018 19:30,USD,Medium Impact Expected,Core PPI m/m,,,
6/13/2018 12:30,USD,High Impact Expected,PPI m/m,,,
6/13/2018 18:30,USD,High Impact Expected,FOMC Press Conference,,,
6/13/2018 19:30,EUR,High Impact Expected,ECB Press Conference,,,
6/14/2018 5:30,EUR,Low Impact Expected,German Final CPI m/m,,,
6/14/2018 6:45,EUR,Low Impact Expected,French Final CPI m/m,,,
6/14/2018 19:30,EUR,Low Impact Expected,Final Core CPI y/y,,,
6/15/2018 9:00,EUR,Medium Impact Expected,Final CPI y/y,,,
6/18/2018 17:00,USD,Medium Impact Expected,FOMC Member Bostic Speaks,,,
6/18/2018 19:00,EUR,High Impact Expected,ECB President Draghi Speaks,,,
6/18/2018 20:00,USD,Medium Impact Expected,FOMC Member Williams Speaks,,,
6/19/2018 8:00,EUR,High Impact Expected,ECB President Draghi Speaks,,,
6/19/2018 19:30,USD,High Impact Expected,Fed Chair Powell Speaks,,,
6/19/2018 19:30,EUR,High Impact Expected,ECB President Draghi Speaks,,,
6/20/2018 6:00,EUR,Low Impact Expected,German PPI m/m,,,
6/20/2018 19:30,USD,Medium Impact Expected,Philly Fed Manufacturing Index,,,
6/21/2018 9:45,EUR,Medium Impact Expected,German Buba President Weidmann Speaks,,,
6/26/2018 17:00,USD,Medium Impact Expected,FOMC Member Bostic Speaks,,,
6/27/2018 15:00,USD,Medium Impact Expected,FOMC Member Quarles Speaks,,,
6/28/2018 7:00,EUR,Medium Impact Expected,Spanish Flash CPI y/y,,,
6/28/2018 8:00,EUR,Low Impact Expected,ECB Economic Bulletin,,,
6/28/2018 9:00,EUR,Low Impact Expected,Italian Prelim CPI m/m,,,
6/28/2018 16:00,USD,Medium Impact Expected,FOMC Member Bostic Speaks,,,
6/28/2018 19:29,EUR,Medium Impact Expected,German Prelim CPI m/m,,,
6/28/2018 19:30,EUR,Medium Impact Expected,CPI Flash Estimate y/y,,,
6/29/2018 6:48,EUR,Low Impact Expected,French Prelim CPI m/m,,,
6/29/2018 9:00,EUR,Medium Impact Expected,Core CPI Flash Estimate y/y,,,
7/3/2018 9:00,EUR,Low Impact Expected,PPI m/m,,,
7/5/2018 11:15,EUR,Medium Impact Expected,German Buba President Weidmann Speaks,,,
7/5/2018 18:00,USD,High Impact Expected,FOMC Meeting Minutes,,,
7/9/2018 13:00,EUR,High Impact Expected,ECB President Draghi Speaks,,,
7/9/2018 15:00,EUR,High Impact Expected,ECB President Draghi Speaks,,,
7/10/2018 19:30,USD,Medium Impact Expected,PPI m/m,,,
7/11/2018 7:00,EUR,High Impact Expected,ECB President Draghi Speaks,,,
7/11/2018 12:30,USD,Medium Impact Expected,Core PPI m/m,,,
7/11/2018 19:30,USD,High Impact Expected,Core CPI m/m,,,
7/11/2018 19:30,USD,High Impact Expected,CPI y/y,,,
7/11/2018 19:30,USD,High Impact Expected,CPI m/m,,,
7/11/2018 20:30,USD,Medium Impact Expected,FOMC Member Williams Speaks,,,
7/12/2018 6:00,EUR,Low Impact Expected,German Final CPI m/m,,,
7/12/2018 6:45,EUR,Low Impact Expected,French Final CPI m/m,,,
7/12/2018 11:30,EUR,High Impact Expected,ECB Monetary Policy Meeting Accounts,,,
7/12/2018 17:30,USD,High Impact Expected,Fed Chair Powell Speaks,,,
7/13/2018 15:00,USD,Low Impact Expected,Fed Monetary Policy Report,,,
7/13/2018 15:30,USD,Medium Impact Expected,FOMC Member Bostic Speaks,,,
7/17/2018 14:00,USD,High Impact Expected,Fed Chair Powell Testifies,,,
7/17/2018 19:30,EUR,Low Impact Expected,Final Core CPI y/y,,,
7/18/2018 9:00,EUR,Medium Impact Expected,Final CPI y/y,,,
7/18/2018 14:00,USD,High Impact Expected,Fed Chair Powell Testifies,,,
7/18/2018 19:30,USD,Medium Impact Expected,Philly Fed Manufacturing Index,,,
7/19/2018 13:00,USD,Medium Impact Expected,FOMC Member Quarles Speaks,,,
7/20/2018 6:00,EUR,Low Impact Expected,German PPI m/m,,,
7/26/2018 12:30,EUR,High Impact Expected,ECB Press Conference,,,
7/27/2018 13:30,USD,High Impact Expected,President Trump Speaks,,,
7/29/2018 19:30,EUR,Medium Impact Expected,Spanish Flash CPI y/y,,,
7/30/2018 19:29,EUR,Medium Impact Expected,German Prelim CPI m/m,,,
7/30/2018 19:30,EUR,Medium Impact Expected,CPI Flash Estimate y/y,,,
7/30/2018 19:30,EUR,Low Impact Expected,Italian Prelim CPI m/m,,,
7/31/2018 6:45,EUR,Low Impact Expected,French Prelim CPI m/m,,,
7/31/2018 9:00,EUR,Medium Impact Expected,Core CPI Flash Estimate y/y,,,
7/31/2018 19:30,USD,High Impact Expected,FOMC Statement,,,
8/2/2018 9:00,EUR,Low Impact Expected,PPI m/m,,,
8/8/2018 12:45,USD,Medium Impact Expected,FOMC Member Barkin Speaks,,,
8/8/2018 19:30,USD,High Impact Expected,PPI m/m,,,
8/8/2018 19:30,USD,Medium Impact Expected,Core PPI m/m,,,
8/9/2018 8:00,EUR,Low Impact Expected,ECB Economic Bulletin,,,
8/9/2018 19:30,USD,High Impact Expected,CPI y/y,,,
8/9/2018 19:30,USD,High Impact Expected,CPI m/m,,,
8/9/2018 19:30,USD,High Impact Expected,Core CPI m/m,,,
8/13/2018 19:30,EUR,Low Impact Expected,German Final CPI m/m,,,
8/14/2018 6:45,EUR,Low Impact Expected,French Final CPI m/m,,,
8/15/2018 19:30,USD,Medium Impact Expected,Philly Fed Manufacturing Index,,,
8/16/2018 19:30,EUR,Low Impact Expected,Final Core CPI y/y,,,
8/17/2018 9:00,EUR,Medium Impact Expected,Final CPI y/y,,,
8/20/2018 6:00,EUR,Low Impact Expected,German PPI m/m,,,
8/20/2018 15:00,USD,Medium Impact Expected,FOMC Member Bostic Speaks,,,
8/20/2018 16:00,EUR,Medium Impact Expected,German Buba President Weidmann Speaks,,,
8/22/2018 18:00,USD,High Impact Expected,FOMC Meeting Minutes,,,
8/23/2018 7:30,EUR,Medium Impact Expected,German Buba President Weidmann Speaks,,,
8/23/2018 11:30,EUR,Medium Impact Expected,ECB Monetary Policy Meeting Accounts,,,
8/24/2018 14:00,USD,High Impact Expected,Fed Chair Powell Speaks,,,
8/27/2018 15:00,USD,High Impact Expected,President Trump Speaks,,,
8/29/2018 19:30,EUR,Medium Impact Expected,Spanish Flash CPI y/y,,,
8/30/2018 17:30,EUR,Medium Impact Expected,German Buba President Weidmann Speaks,,,
8/30/2018 19:29,EUR,Medium Impact Expected,German Prelim CPI m/m,,,
8/30/2018 19:30,EUR,Low Impact Expected,Italian Prelim CPI m/m,,,
8/30/2018 19:30,EUR,Medium Impact Expected,CPI Flash Estimate y/y,,,
8/31/2018 6:45,EUR,Low Impact Expected,French Prelim CPI m/m,,,
8/31/2018 9:00,EUR,Medium Impact Expected,Core CPI Flash Estimate y/y,,,
9/3/2018 17:15,EUR,Medium Impact Expected,German Buba President Weidmann Speaks,,,
9/4/2018 9:00,EUR,Low Impact Expected,PPI m/m,,,
9/5/2018 19:30,USD,Medium Impact Expected,FOMC Member Williams Speaks,,,
9/5/2018 22:30,USD,Medium Impact Expected,FOMC Member Bostic Speaks,,,
9/10/2018 16:15,USD,Medium Impact Expected,FOMC Member Bostic Speaks,,,
9/11/2018 19:30,USD,Medium Impact Expected,Core PPI m/m,,,
9/11/2018 19:30,USD,High Impact Expected,PPI m/m,,,
9/12/2018 16:45,USD,Medium Impact Expected,FOMC Member Brainard Speaks,,,
9/12/2018 19:30,USD,High Impact Expected,CPI m/m,,,
9/12/2018 19:30,USD,High Impact Expected,Core CPI m/m,,,
9/12/2018 19:30,EUR,High Impact Expected,ECB Press Conference,,,
9/12/2018 19:30,USD,High Impact Expected,CPI y/y,,,
9/13/2018 6:00,EUR,Low Impact Expected,German Final CPI m/m,,,
9/13/2018 6:45,EUR,Low Impact Expected,French Final CPI m/m,,,
9/13/2018 17:00,USD,Medium Impact Expected,FOMC Member Bostic Speaks,,,
9/16/2018 19:30,EUR,Low Impact Expected,Final Core CPI y/y,,,
9/17/2018 9:00,EUR,Medium Impact Expected,Final CPI y/y,,,
9/18/2018 7:15,EUR,High Impact Expected,ECB President Draghi Speaks,,,
9/19/2018 13:00,EUR,High Impact Expected,ECB President Draghi Speaks,,,
9/19/2018 19:30,USD,Medium Impact Expected,Philly Fed Manufacturing Index,,,
9/20/2018 15:15,EUR,Medium Impact Expected,German Buba President Weidmann Speaks,,,
9/24/2018 13:00,EUR,High Impact Expected,ECB President Draghi Speaks,,,
9/25/2018 20:30,USD,High Impact Expected,FOMC Economic Projections,,,
9/25/2018 20:30,USD,High Impact Expected,FOMC Statement,,,
9/26/2018 18:30,USD,High Impact Expected,FOMC Press Conference,,,
9/26/2018 20:30,EUR,Low Impact Expected,ECB Economic Bulletin,,,
9/27/2018 13:30,EUR,High Impact Expected,ECB President Draghi Speaks,,,
9/27/2018 20:29,EUR,Medium Impact Expected,German Prelim CPI m/m,,,
9/27/2018 20:30,EUR,Low Impact Expected,Italian Prelim CPI m/m,,,
9/27/2018 20:30,EUR,Medium Impact Expected,CPI Flash Estimate y/y,,,
9/27/2018 20:30,EUR,Medium Impact Expected,Spanish Flash CPI y/y,,,
9/27/2018 20:30,EUR,Low Impact Expected,French Prelim CPI m/m,,,
9/27/2018 20:30,USD,High Impact Expected,Fed Chair Powell Speaks,,,
9/28/2018 9:00,EUR,Medium Impact Expected,Core CPI Flash Estimate y/y,,,
10/1/2018 13:00,USD,Medium Impact Expected,FOMC Member Bostic Speaks,,,
10/1/2018 15:00,USD,High Impact Expected,President Trump Speaks,,,
10/2/2018 9:00,EUR,Low Impact Expected,PPI m/m,,,
10/2/2018 14:00,USD,Medium Impact Expected,FOMC Member Quarles Speaks,,,
10/2/2018 16:45,USD,High Impact Expected,Fed Chair Powell Speaks,,,
10/3/2018 12:05,USD,Medium Impact Expected,FOMC Member Barkin Speaks,,,
10/3/2018 18:00,USD,Medium Impact Expected,FOMC Member Brainard Speaks,,,
10/3/2018 18:15,USD,Medium Impact Expected,FOMC Member Mester Speaks,,,
10/3/2018 20:00,USD,High Impact Expected,Fed Chair Powell Speaks,,,
10/4/2018 13:15,USD,Medium Impact Expected,FOMC Member Quarles Speaks,,,
10/4/2018 20:30,EUR,Low Impact Expected,German PPI m/m,,,
10/5/2018 16:40,USD,Low Impact Expected,FOMC Member Bostic Speaks,,,
10/9/2018 20:30,USD,High Impact Expected,PPI m/m,,,
10/9/2018 20:30,USD,Medium Impact Expected,Core PPI m/m,,,
10/10/2018 1:10,USD,Medium Impact Expected,FOMC Member Williams Speaks,,,
10/10/2018 20:30,USD,High Impact Expected,CPI m/m,,,
10/10/2018 20:30,USD,High Impact Expected,Core CPI m/m,,,
10/10/2018 20:30,USD,High Impact Expected,CPI y/y,,,
10/10/2018 22:00,USD,Medium Impact Expected,FOMC Member Bostic Speaks,,,
10/11/2018 6:45,EUR,Low Impact Expected,French Final CPI m/m,,,
10/11/2018 11:30,EUR,Medium Impact Expected,ECB Monetary Policy Meeting Accounts,,,
10/12/2018 6:00,EUR,Low Impact Expected,German Final CPI m/m,,,
10/12/2018 16:30,USD,Medium Impact Expected,FOMC Member Bostic Speaks,,,
10/13/2018 2:30,USD,Medium Impact Expected,FOMC Member Quarles Speaks,,,
10/13/2018 5:45,EUR,High Impact Expected,ECB President Draghi Speaks,,,
10/16/2018 20:15,USD,Medium Impact Expected,FOMC Member Daly Speaks,,,
10/16/2018 20:30,EUR,Low Impact Expected,Final CPI y/y,,,
10/17/2018 9:00,EUR,Low Impact Expected,Final Core CPI y/y,,,
10/17/2018 16:10,USD,Medium Impact Expected,FOMC Member Brainard Speaks,,,
10/17/2018 16:30,EUR,Medium Impact Expected,German Buba President Weidmann Speaks,,,
10/17/2018 18:00,USD,High Impact Expected,FOMC Meeting Minutes,,,
10/17/2018 20:30,USD,Medium Impact Expected,Philly Fed Manufacturing Index,,,
10/18/2018 16:15,USD,Medium Impact Expected,FOMC Member Quarles Speaks,,,
10/19/2018 16:00,USD,Medium Impact Expected,FOMC Member Bostic Speaks,,,
10/20/2018 16:00,USD,Medium Impact Expected,FOMC Member Bostic Speaks,,,
10/23/2018 6:00,EUR,Low Impact Expected,German PPI m/m,,,
10/23/2018 17:30,USD,Medium Impact Expected,FOMC Member Bostic Speaks,,,
10/24/2018 17:00,USD,Medium Impact Expected,FOMC Member Bostic Speaks,,,
10/24/2018 17:10,USD,Medium Impact Expected,FOMC Member Mester Speaks,,,
10/24/2018 23:00,USD,Low Impact Expected,FOMC Member Brainard Speaks,,,
10/25/2018 12:30,EUR,High Impact Expected,ECB Press Conference,,,
10/25/2018 16:15,USD,Medium Impact Expected,FOMC Member Clarida Speaks,,,
10/25/2018 21:30,USD,Medium Impact Expected,FOMC Member Mester Speaks,,,
10/26/2018 14:00,EUR,High Impact Expected,ECB President Draghi Speaks,,,
10/29/2018 20:30,EUR,Low Impact Expected,Spanish Flash CPI y/y,,,
10/30/2018 20:29,EUR,Medium Impact Expected,German Prelim CPI m/m,,,
10/30/2018 20:30,EUR,Low Impact Expected,Italian Prelim CPI m/m,,,
10/30/2018 20:30,EUR,Medium Impact Expected,CPI Flash Estimate y/y,,,
10/31/2018 7:45,EUR,Low Impact Expected,French Prelim CPI m/m,,,
10/31/2018 10:00,EUR,Medium Impact Expected,Core CPI Flash Estimate y/y,,,
11/6/2018 10:00,EUR,Low Impact Expected,PPI m/m,,,
11/7/2018 20:30,USD,High Impact Expected,FOMC Statement,,,
11/8/2018 9:00,EUR,Low Impact Expected,ECB Economic Bulletin,,,
11/8/2018 20:30,USD,Medium Impact Expected,Core PPI m/m,,,
11/9/2018 13:30,USD,High Impact Expected,PPI m/m,,,
11/9/2018 14:05,USD,Medium Impact Expected,FOMC Member Quarles Speaks,,,
11/12/2018 19:30,USD,Medium Impact Expected,FOMC Member Daly Speaks,,,
11/13/2018 7:00,EUR,Low Impact Expected,German Final CPI m/m,,,
11/13/2018 15:00,USD,Medium Impact Expected,FOMC Member Brainard Speaks,,,
11/13/2018 20:30,USD,High Impact Expected,CPI m/m,,,
11/13/2018 20:30,USD,High Impact Expected,CPI y/y,,,
11/14/2018 7:45,EUR,Low Impact Expected,French Final CPI m/m,,,
11/14/2018 13:30,USD,High Impact Expected,Core CPI m/m,,,
11/14/2018 15:00,USD,Medium Impact Expected,FOMC Member Quarles Speaks,,,
11/14/2018 20:30,USD,Medium Impact Expected,Philly Fed Manufacturing Index,,,
11/14/2018 23:00,USD,High Impact Expected,Fed Chair Powell Speaks,,,
11/15/2018 15:00,USD,Medium Impact Expected,FOMC Member Quarles Speaks,,,
11/15/2018 16:30,USD,High Impact Expected,Fed Chair Powell Speaks,,,
11/15/2018 18:00,USD,Medium Impact Expected,FOMC Member Bostic Speaks,,,
11/15/2018 20:30,EUR,Low Impact Expected,Final CPI y/y,,,
11/16/2018 8:30,EUR,High Impact Expected,ECB President Draghi Speaks,,,
11/16/2018 10:00,EUR,Low Impact Expected,Final Core CPI y/y,,,
11/16/2018 13:00,EUR,Medium Impact Expected,German Buba President Weidmann Speaks,,,
11/19/2018 15:45,USD,Low Impact Expected,FOMC Member Williams Speaks,,,
11/20/2018 7:00,EUR,Low Impact Expected,German PPI m/m,,,
11/20/2018 15:00,EUR,Medium Impact Expected,German Buba President Weidmann Speaks,,,
11/22/2018 12:30,EUR,Low Impact Expected,ECB Monetary Policy Meeting Accounts,,,
11/25/2018 20:30,EUR,High Impact Expected,ECB President Draghi Speaks,,,
11/27/2018 13:30,USD,Medium Impact Expected,FOMC Member Clarida Speaks,,,
11/27/2018 19:30,USD,Medium Impact Expected,FOMC Member Bostic Speaks,,,
11/28/2018 17:00,USD,High Impact Expected,Fed Chair Powell Speaks,,,
11/29/2018 8:00,EUR,Low Impact Expected,Spanish Flash CPI y/y,,,
11/29/2018 11:30,EUR,Low Impact Expected,ECB Financial Stability Review,,,
11/29/2018 19:00,USD,High Impact Expected,FOMC Meeting Minutes,,,
11/29/2018 20:29,EUR,Medium Impact Expected,German Prelim CPI m/m,,,
11/29/2018 20:30,EUR,Low Impact Expected,Italian Prelim CPI m/m,,,
11/29/2018 20:30,EUR,Medium Impact Expected,CPI Flash Estimate y/y,,,
11/30/2018 7:45,EUR,Low Impact Expected,French Prelim CPI m/m,,,
11/30/2018 10:00,EUR,Medium Impact Expected,Core CPI Flash Estimate y/y,,,
11/30/2018 14:00,USD,Medium Impact Expected,FOMC Member Williams Speaks,,,
12/3/2018 11:30,USD,Medium Impact Expected,FOMC Member Clarida Speaks,,,
12/3/2018 13:00,USD,Medium Impact Expected,FOMC Member Quarles Speaks,,,
12/3/2018 14:15,USD,Medium Impact Expected,FOMC Member Williams Speaks,,,
12/3/2018 15:30,USD,Medium Impact Expected,FOMC Member Brainard Speaks,,,
12/3/2018 20:30,USD,Medium Impact Expected,FOMC Member Brainard Speaks,,,
12/3/2018 23:00,USD,High Impact Expected,Fed Chair Powell Speaks,,,
12/4/2018 10:00,EUR,Low Impact Expected,PPI m/m,,,
12/4/2018 15:00,USD,Medium Impact Expected,FOMC Member Williams Speaks,,,
12/5/2018 8:30,EUR,Medium Impact Expected,ECB President Draghi Speaks,,,
12/6/2018 1:15,USD,Medium Impact Expected,FOMC Member Quarles Speaks,,,
12/6/2018 17:15,USD,Medium Impact Expected,FOMC Member Bostic Speaks,,,
12/6/2018 20:30,USD,Medium Impact Expected,FOMC Member Williams Speaks,,,
12/6/2018 23:45,USD,High Impact Expected,Fed Chair Powell Speaks,,,
12/7/2018 17:00,USD,Medium Impact Expected,FOMC Member Brainard Speaks,,,
12/10/2018 20:30,USD,Medium Impact Expected,Core PPI m/m,,,
12/11/2018 13:30,USD,High Impact Expected,PPI m/m,,,
12/11/2018 20:30,USD,High Impact Expected,Core CPI m/m,,,
12/11/2018 20:30,USD,High Impact Expected,CPI m/m,,,
12/11/2018 20:30,USD,High Impact Expected,CPI y/y,,,
12/12/2018 20:30,EUR,High Impact Expected,ECB Press Conference,,,
12/13/2018 7:00,EUR,Low Impact Expected,German Final CPI m/m,,,
12/13/2018 7:45,EUR,Low Impact Expected,French Final CPI m/m,,,
12/15/2018 10:30,EUR,Medium Impact Expected,ECB President Draghi Speaks,,,
12/16/2018 20:30,EUR,Low Impact Expected,Final CPI y/y,,,
12/17/2018 10:00,EUR,Low Impact Expected,Final Core CPI y/y,,,
12/18/2018 20:30,USD,High Impact Expected,FOMC Economic Projections,,,
12/18/2018 20:30,USD,High Impact Expected,FOMC Statement,,,
12/18/2018 21:00,USD,Low Impact Expected,FOMC Financial Stability Report,,,
12/19/2018 7:00,EUR,Low Impact Expected,German PPI m/m,,,
12/19/2018 19:30,USD,High Impact Expected,FOMC Press Conference,,,
12/19/2018 20:30,USD,Low Impact Expected,Philly Fed Manufacturing Index,,,
12/26/2018 20:30,EUR,Low Impact Expected,ECB Economic Bulletin,,,
12/27/2018 20:30,EUR,Low Impact Expected,Spanish Flash CPI y/y,,,
12/28/2018 20:29,EUR,Medium Impact Expected,German Prelim CPI m/m,,,
1/3/2019 20:30,EUR,Low Impact Expected,Italian Prelim CPI m/m,,,
1/3/2019 20:30,EUR,Low Impact Expected,PPI m/m,,,
1/3/2019 20:30,EUR,Medium Impact Expected,CPI Flash Estimate y/y,,,
1/4/2019 7:45,EUR,Low Impact Expected,French Prelim CPI m/m,,,
1/4/2019 10:00,EUR,Medium Impact Expected,Core CPI Flash Estimate y/y,,,
1/4/2019 15:15,USD,High Impact Expected,Fed Chair Powell Speaks,,,
1/9/2019 2:00,USD,High Impact Expected,President Trump Speaks,,,
1/9/2019 14:00,USD,Medium Impact Expected,FOMC Member Evans Speaks,,,
1/9/2019 16:30,USD,Medium Impact Expected,FOMC Member Rosengren Speaks,,,
1/9/2019 19:00,USD,High Impact Expected,FOMC Meeting Minutes,,,
1/10/2019 12:30,EUR,Medium Impact Expected,ECB Monetary Policy Meeting Accounts,,,
1/10/2019 17:40,USD,Medium Impact Expected,FOMC Member Bullard Speaks,,,
1/10/2019 17:45,USD,High Impact Expected,Fed Chair Powell Speaks,,,
1/10/2019 18:00,USD,Medium Impact Expected,FOMC Member Evans Speaks,,,
1/10/2019 20:30,USD,High Impact Expected,CPI m/m,,,
1/10/2019 20:30,USD,High Impact Expected,CPI y/y,,,
1/11/2019 0:00,USD,Medium Impact Expected,FOMC Member Clarida Speaks,,,
1/11/2019 13:30,USD,High Impact Expected,Core CPI m/m,,,
1/14/2019 20:30,USD,Medium Impact Expected,Core PPI m/m,,,
1/15/2019 7:45,EUR,Low Impact Expected,French Final CPI m/m,,,
1/15/2019 13:30,USD,High Impact Expected,PPI m/m,,,
1/15/2019 15:00,EUR,High Impact Expected,ECB President Draghi Speaks,,,
1/15/2019 18:00,USD,Medium Impact Expected,FOMC Member George Speaks,,,
1/16/2019 7:00,EUR,Low Impact Expected,German Final CPI m/m,,,
1/16/2019 20:30,EUR,Low Impact Expected,Final CPI y/y,,,
1/16/2019 20:30,USD,Medium Impact Expected,Philly Fed Manufacturing Index,,,
1/17/2019 10:00,EUR,Low Impact Expected,Final Core CPI y/y,,,
1/17/2019 15:45,USD,Medium Impact Expected,FOMC Member Quarles Speaks,,,
1/18/2019 14:05,USD,Medium Impact Expected,FOMC Member Williams Speaks,,,
1/21/2019 7:00,EUR,Low Impact Expected,German PPI m/m,,,
1/24/2019 13:30,EUR,High Impact Expected,ECB Press Conference,,,
1/25/2019 18:30,USD,High Impact Expected,President Trump Speaks,,,
1/27/2019 20:30,EUR,High Impact Expected,ECB President Draghi Speaks,,,
1/29/2019 20:30,USD,High Impact Expected,FOMC Statement,,,
1/30/2019 19:30,USD,High Impact Expected,FOMC Press Conference,,,
1/30/2019 20:29,EUR,Medium Impact Expected,German Prelim CPI m/m,,,
1/30/2019 20:30,EUR,Low Impact Expected,Spanish Flash CPI y/y,,,
1/31/2019 7:45,EUR,Low Impact Expected,French Prelim CPI m/m,,,
1/31/2019 16:00,EUR,Medium Impact Expected,German Buba President Weidmann Speaks,,,
1/31/2019 20:30,EUR,Medium Impact Expected,CPI Flash Estimate y/y,,,
2/1/2019 10:00,EUR,Medium Impact Expected,Core CPI Flash Estimate y/y,,,
2/3/2019 20:30,EUR,Low Impact Expected,Italian Prelim CPI m/m,,,
2/4/2019 10:00,EUR,Low Impact Expected,PPI m/m,,,
2/6/2019 2:00,USD,High Impact Expected,President Trump Speaks,,,
2/6/2019 23:05,USD,Medium Impact Expected,FOMC Member Quarles Speaks,,,
2/7/2019 0:00,USD,High Impact Expected,Fed Chair Powell Speaks,,,
2/7/2019 9:00,EUR,Low Impact Expected,ECB Economic Bulletin,,,
2/7/2019 14:30,USD,Medium Impact Expected,FOMC Member Clarida Speaks,,,
2/7/2019 20:30,USD,Medium Impact Expected,FOMC Member Bullard Speaks,,,
2/11/2019 16:15,USD,Medium Impact Expected,FOMC Member Bowman Speaks,,,
2/12/2019 8:20,EUR,Medium Impact Expected,German Buba President Weidmann Speaks,,,
2/12/2019 17:45,USD,High Impact Expected,Fed Chair Powell Speaks,,,
2/12/2019 20:30,USD,High Impact Expected,CPI y/y,,,
2/12/2019 20:30,USD,High Impact Expected,CPI m/m,,,
2/13/2019 0:30,USD,Medium Impact Expected,FOMC Member George Speaks,,,
2/13/2019 13:30,USD,High Impact Expected,Core CPI m/m,,,
2/13/2019 20:30,USD,High Impact Expected,PPI m/m,,,
2/13/2019 20:30,USD,Medium Impact Expected,Core PPI m/m,,,
2/20/2019 7:00,EUR,Low Impact Expected,German PPI m/m,,,
2/20/2019 19:00,USD,High Impact Expected,FOMC Meeting Minutes,,,
2/20/2019 20:30,USD,Medium Impact Expected,Philly Fed Manufacturing Index,,,
2/21/2019 7:00,EUR,Low Impact Expected,German Final CPI m/m,,,
2/21/2019 7:45,EUR,Low Impact Expected,French Final CPI m/m,,,
2/21/2019 12:30,EUR,Medium Impact Expected,ECB Monetary Policy Meeting Accounts,,,
2/21/2019 20:30,USD,Medium Impact Expected,FOMC Member Quarles Speaks,,,
2/21/2019 20:30,EUR,Low Impact Expected,Final CPI y/y,,,
2/22/2019 10:00,EUR,Low Impact Expected,Final Core CPI y/y,,,
2/22/2019 15:15,USD,Medium Impact Expected,FOMC Member Williams Speaks,,,
2/22/2019 15:30,EUR,High Impact Expected,ECB President Draghi Speaks,,,
2/22/2019 16:00,USD,Low Impact Expected,Fed Monetary Policy Report,,,
2/22/2019 17:00,USD,Medium Impact Expected,FOMC Member Clarida Speaks,,,
2/22/2019 18:30,USD,Medium Impact Expected,FOMC Member Bullard Speaks,,,
2/22/2019 22:30,USD,Medium Impact Expected,FOMC Member Williams Speaks,,,
2/23/2019 14:00,USD,Medium Impact Expected,FOMC Member Brainard Speaks,,,
2/25/2019 16:00,USD,Medium Impact Expected,FOMC Member Clarida Speaks,,,
2/25/2019 23:00,USD,Medium Impact Expected,FOMC Member Clarida Speaks,,,
2/26/2019 14:45,USD,High Impact Expected,Fed Chair Powell Testifies,,,
2/27/2019 10:00,EUR,Medium Impact Expected,German Buba President Weidmann Speaks,,,
2/27/2019 15:00,USD,High Impact Expected,Fed Chair Powell Testifies,,,
2/27/2019 20:30,EUR,Low Impact Expected,Spanish Flash CPI y/y,,,
2/27/2019 20:30,EUR,Low Impact Expected,French Prelim CPI m/m,,,
2/28/2019 10:00,EUR,Low Impact Expected,Italian Prelim CPI m/m,,,
2/28/2019 13:00,USD,Medium Impact Expected,FOMC Member Clarida Speaks,,,
2/28/2019 20:29,EUR,Medium Impact Expected,German Prelim CPI m/m,,,
2/28/2019 20:30,EUR,Medium Impact Expected,CPI Flash Estimate y/y,,,
3/1/2019 1:15,USD,High Impact Expected,Fed Chair Powell Speaks,,,
3/1/2019 10:00,EUR,Medium Impact Expected,Core CPI Flash Estimate y/y,,,
3/4/2019 10:00,EUR,Low Impact Expected,PPI m/m,,,
3/5/2019 12:30,USD,Medium Impact Expected,FOMC Member Rosengren Speaks,,,
3/6/2019 17:00,USD,Medium Impact Expected,FOMC Member Williams Speaks,,,
3/6/2019 20:30,EUR,High Impact Expected,ECB Press Conference,,,
3/7/2019 17:15,USD,Medium Impact Expected,FOMC Member Brainard Speaks,,,
3/9/2019 3:00,USD,High Impact Expected,Fed Chair Powell Speaks,,,
3/10/2019 23:00,USD,High Impact Expected,Fed Chair Powell Speaks,,,
3/11/2019 20:30,USD,High Impact Expected,CPI y/y,,,
3/11/2019 20:30,USD,High Impact Expected,CPI m/m,,,
3/11/2019 23:00,USD,High Impact Expected,Fed Chair Powell Speaks,,,
3/12/2019 12:30,USD,High Impact Expected,Core CPI m/m,,,
3/12/2019 12:45,USD,Medium Impact Expected,FOMC Member Brainard Speaks,,,
3/12/2019 20:30,USD,Medium Impact Expected,Core PPI m/m,,,
3/12/2019 20:30,USD,High Impact Expected,PPI m/m,,,
3/14/2019 7:00,EUR,Low Impact Expected,German Final CPI m/m,,,
3/14/2019 7:45,EUR,Low Impact Expected,French Final CPI m/m,,,
3/14/2019 20:30,EUR,Low Impact Expected,Final CPI y/y,,,
3/15/2019 10:00,EUR,Low Impact Expected,Final Core CPI y/y,,,
3/19/2019 20:30,USD,High Impact Expected,FOMC Economic Projections,,,
3/19/2019 20:30,USD,High Impact Expected,FOMC Statement,,,
3/20/2019 7:00,EUR,Low Impact Expected,German PPI m/m,,,
3/20/2019 18:30,USD,High Impact Expected,FOMC Press Conference,,,
3/20/2019 20:30,USD,Medium Impact Expected,Philly Fed Manufacturing Index,,,
3/21/2019 9:00,EUR,Low Impact Expected,ECB Economic Bulletin,,,
3/25/2019 6:00,USD,Medium Impact Expected,FOMC Member Evans Speaks,,,
3/26/2019 0:30,USD,Medium Impact Expected,FOMC Member Rosengren Speaks,,,
3/26/2019 10:30,USD,Medium Impact Expected,FOMC Member Evans Speaks,,,
3/27/2019 8:00,EUR,High Impact Expected,ECB President Draghi Speaks,,,
3/27/2019 21:30,USD,Medium Impact Expected,FOMC Member George Speaks,,,
3/28/2019 8:00,EUR,Low Impact Expected,Spanish Flash CPI y/y,,,
3/28/2019 11:15,USD,Medium Impact Expected,FOMC Member Quarles Speaks,,,
3/28/2019 13:30,USD,Medium Impact Expected,FOMC Member Clarida Speaks,,,
3/28/2019 14:00,USD,Medium Impact Expected,FOMC Member Bowman Speaks,,,
3/28/2019 19:29,EUR,Medium Impact Expected,German Prelim CPI m/m,,,
3/28/2019 19:30,EUR,Low Impact Expected,French Prelim CPI m/m,,,
3/28/2019 21:20,USD,Medium Impact Expected,FOMC Member Bullard Speaks,,,
3/29/2019 10:00,EUR,Low Impact Expected,Italian Prelim CPI m/m,,,
3/29/2019 16:00,USD,Medium Impact Expected,FOMC Member Quarles Speaks,,,
3/31/2019 19:30,EUR,Medium Impact Expected,CPI Flash Estimate y/y,,,
4/1/2019 9:00,EUR,Medium Impact Expected,Core CPI Flash Estimate y/y,,,
4/2/2019 9:00,EUR,Low Impact Expected,PPI m/m,,,
4/4/2019 11:30,EUR,Medium Impact Expected,ECB Monetary Policy Meeting Accounts,,,
4/9/2019 19:30,USD,High Impact Expected,Core CPI m/m,,,
4/9/2019 19:30,USD,High Impact Expected,CPI m/m,,,
4/9/2019 19:30,USD,High Impact Expected,CPI y/y,,,
4/9/2019 21:00,USD,Medium Impact Expected,FOMC Member Quarles Speaks,,,
4/9/2019 22:45,USD,Medium Impact Expected,FOMC Member Clarida Speaks,,,
4/10/2019 12:30,EUR,High Impact Expected,ECB Press Conference,,,
4/10/2019 15:50,USD,Medium Impact Expected,FOMC Member Quarles Speaks,,,
4/10/2019 18:00,USD,High Impact Expected,FOMC Meeting Minutes,,,
4/10/2019 19:30,USD,High Impact Expected,PPI m/m,,,
4/10/2019 19:30,USD,Medium Impact Expected,Core PPI m/m,,,
4/11/2019 6:00,EUR,Low Impact Expected,German Final CPI m/m,,,
4/11/2019 6:45,EUR,Low Impact Expected,French Final CPI m/m,,,
4/11/2019 13:30,USD,Medium Impact Expected,FOMC Member Clarida Speaks,,,
4/11/2019 13:35,USD,Medium Impact Expected,FOMC Member Williams Speaks,,,
4/11/2019 13:40,USD,Medium Impact Expected,FOMC Member Bullard Speaks,,,
4/11/2019 20:00,USD,Medium Impact Expected,FOMC Member Bowman Speaks,,,
4/15/2019 12:30,USD,Medium Impact Expected,FOMC Member Evans Speaks,,,
4/15/2019 17:00,USD,Medium Impact Expected,FOMC Member Evans Speaks,,,
4/16/2019 0:00,USD,Medium Impact Expected,FOMC Member Rosengren Speaks,,,
4/16/2019 19:30,EUR,Low Impact Expected,Final CPI y/y,,,
4/17/2019 9:00,EUR,Low Impact Expected,Final Core CPI y/y,,,
4/17/2019 16:45,USD,Medium Impact Expected,FOMC Member Bullard Speaks,,,
4/17/2019 19:30,USD,Medium Impact Expected,Philly Fed Manufacturing Index,,,
4/17/2019 19:30,EUR,Low Impact Expected,German PPI m/m,,,
4/23/2019 19:30,EUR,Low Impact Expected,ECB Economic Bulletin,,,
4/29/2019 19:30,EUR,Low Impact Expected,French Prelim CPI m/m,,,
4/29/2019 19:30,EUR,Low Impact Expected,Spanish Flash CPI y/y,,,
4/29/2019 19:30,EUR,Low Impact Expected,Italian Prelim CPI m/m,,,
4/30/2019 19:29,EUR,Medium Impact Expected,German Prelim CPI m/m,,,
4/30/2019 19:30,USD,High Impact Expected,FOMC Statement,,,
5/1/2019 18:30,USD,High Impact Expected,FOMC Press Conference,,,
5/2/2019 19:30,EUR,Low Impact Expected,PPI m/m,,,
5/2/2019 19:30,EUR,Medium Impact Expected,CPI Flash Estimate y/y,,,
5/3/2019 9:00,EUR,Medium Impact Expected,Core CPI Flash Estimate y/y,,,
5/3/2019 14:15,USD,Medium Impact Expected,FOMC Member Evans Speaks,,,
5/3/2019 15:30,USD,Medium Impact Expected,FOMC Member Clarida Speaks,,,
5/3/2019 17:45,USD,Medium Impact Expected,FOMC Member Williams Speaks,,,
5/3/2019 19:00,USD,Medium Impact Expected,FOMC Member Bowman Speaks,,,
5/3/2019 23:45,USD,Medium Impact Expected,FOMC Member Bullard Speaks,,,
5/7/2019 15:35,USD,Medium Impact Expected,FOMC Member Quarles Speaks,,,
5/8/2019 11:34,EUR,High Impact Expected,ECB President Draghi Speaks,,,
5/8/2019 12:30,USD,Medium Impact Expected,FOMC Member Brainard Speaks,,,
5/8/2019 19:30,USD,High Impact Expected,Fed Chair Powell Speaks,,,
5/8/2019 19:30,USD,High Impact Expected,PPI m/m,,,
5/8/2019 19:30,USD,Medium Impact Expected,Core PPI m/m,,,
5/9/2019 19:30,USD,High Impact Expected,CPI y/y,,,
5/9/2019 19:30,USD,High Impact Expected,Core CPI m/m,,,
5/9/2019 19:30,USD,High Impact Expected,CPI m/m,,,
5/9/2019 19:30,USD,Medium Impact Expected,FOMC Member Brainard Speaks,,,
5/9/2019 20:00,USD,Low Impact Expected,FOMC Financial Stability Report,,,
5/10/2019 14:00,USD,Medium Impact Expected,FOMC Member Williams Speaks,,,
5/13/2019 13:10,USD,Medium Impact Expected,FOMC Member Clarida Speaks,,,
5/14/2019 6:00,EUR,Low Impact Expected,German Final CPI m/m,,,
5/14/2019 7:15,USD,Medium Impact Expected,FOMC Member Williams Speaks,,,
5/14/2019 16:45,USD,Medium Impact Expected,FOMC Member George Speaks,,,
5/15/2019 6:45,EUR,Low Impact Expected,French Final CPI m/m,,,
5/15/2019 13:37,USD,Medium Impact Expected,FOMC Member Quarles Speaks,,,
5/15/2019 19:30,USD,Medium Impact Expected,Philly Fed Manufacturing Index,,,
5/16/2019 8:15,EUR,Medium Impact Expected,German Buba President Weidmann Speaks,,,
5/16/2019 16:15,USD,Medium Impact Expected,FOMC Member Brainard Speaks,,,
5/16/2019 19:30,EUR,Low Impact Expected,Final CPI y/y,,,
5/17/2019 9:00,EUR,Low Impact Expected,Final Core CPI y/y,,,
5/17/2019 17:40,USD,Medium Impact Expected,FOMC Member Clarida Speaks,,,
5/20/2019 6:00,EUR,Low Impact Expected,German PPI m/m,,,
5/20/2019 17:05,USD,Medium Impact Expected,FOMC Member Clarida Speaks,,,
5/20/2019 23:00,USD,High Impact Expected,Fed Chair Powell Speaks,,,
5/21/2019 14:45,USD,Medium Impact Expected,FOMC Member Evans Speaks,,,
5/21/2019 16:00,USD,Medium Impact Expected,FOMC Member Rosengren Speaks,,,
5/22/2019 5:00,USD,Medium Impact Expected,FOMC Member Bullard Speaks,,,
5/22/2019 7:38,EUR,High Impact Expected,ECB President Draghi Speaks,,,
5/22/2019 14:00,USD,Medium Impact Expected,FOMC Member Williams Speaks,,,
5/22/2019 18:00,USD,High Impact Expected,FOMC Meeting Minutes,,,
5/23/2019 11:30,EUR,Medium Impact Expected,ECB Monetary Policy Meeting Accounts,,,
5/28/2019 19:30,EUR,Low Impact Expected,ECB Financial Stability Review,,,
5/28/2019 19:30,EUR,Low Impact Expected,French Prelim CPI m/m,,,
5/28/2019 19:30,EUR,Medium Impact Expected,German Buba President Weidmann Speaks,,,
5/30/2019 7:00,EUR,Low Impact Expected,Spanish Flash CPI y/y,,,
5/30/2019 16:00,USD,Medium Impact Expected,FOMC Member Clarida Speaks,,,
5/31/2019 9:00,EUR,Low Impact Expected,Italian Prelim CPI m/m,,,
5/31/2019 16:00,USD,Medium Impact Expected,FOMC Member Williams Speaks,,,
5/31/2019 19:29,EUR,Medium Impact Expected,German Prelim CPI m/m,,,
6/3/2019 13:10,USD,Medium Impact Expected,FOMC Member Quarles Speaks,,,
6/3/2019 17:25,USD,Medium Impact Expected,FOMC Member Bullard Speaks,,,
6/3/2019 19:30,EUR,Medium Impact Expected,CPI Flash Estimate y/y,,,
6/4/2019 9:00,EUR,Medium Impact Expected,Core CPI Flash Estimate y/y,,,
6/4/2019 12:30,USD,Medium Impact Expected,FOMC Member Williams Speaks,,,
6/4/2019 13:55,USD,High Impact Expected,Fed Chair Powell Speaks,,,
6/4/2019 19:30,USD,Medium Impact Expected,FOMC Member Bowman Speaks,,,
6/5/2019 9:00,EUR,Low Impact Expected,PPI m/m,,,
6/5/2019 13:45,USD,Medium Impact Expected,FOMC Member Clarida Speaks,,,
6/5/2019 19:30,EUR,High Impact Expected,ECB Press Conference,,,
6/6/2019 17:00,USD,Medium Impact Expected,FOMC Member Williams Speaks,,,
6/10/2019 19:30,USD,Medium Impact Expected,PPI m/m,,,
6/11/2019 12:30,USD,Medium Impact Expected,Core PPI m/m,,,
6/11/2019 19:30,USD,High Impact Expected,CPI y/y,,,
6/11/2019 19:30,USD,High Impact Expected,CPI m/m,,,
6/12/2019 8:15,EUR,High Impact Expected,ECB President Draghi Speaks,,,
6/12/2019 12:30,USD,High Impact Expected,Core CPI m/m,,,
6/13/2019 6:00,EUR,Low Impact Expected,German Final CPI m/m,,,
6/14/2019 6:45,EUR,Low Impact Expected,French Final CPI m/m,,,
6/17/2019 18:00,EUR,High Impact Expected,ECB President Draghi Speaks,,,
6/17/2019 19:30,EUR,Low Impact Expected,Final CPI y/y,,,
6/17/2019 19:30,EUR,Low Impact Expected,Final Core CPI y/y,,,
6/18/2019 8:00,EUR,High Impact Expected,ECB President Draghi Speaks,,,
6/18/2019 19:30,USD,High Impact Expected,FOMC Economic Projections,,,
6/18/2019 19:30,USD,High Impact Expected,FOMC Statement,,,
6/19/2019 6:00,EUR,Low Impact Expected,German PPI m/m,,,
6/19/2019 14:00,EUR,High Impact Expected,ECB President Draghi Speaks,,,
6/19/2019 18:30,USD,High Impact Expected,FOMC Press Conference,,,
6/20/2019 8:00,EUR,Low Impact Expected,ECB Economic Bulletin,,,
6/20/2019 12:30,USD,Medium Impact Expected,Philly Fed Manufacturing Index,,,
6/21/2019 16:00,USD,Medium Impact Expected,FOMC Member Brainard Speaks,,,
6/25/2019 12:45,USD,Medium Impact Expected,FOMC Member Williams Speaks,,,
6/25/2019 17:00,USD,High Impact Expected,Fed Chair Powell Speaks,,,
6/25/2019 22:30,USD,Medium Impact Expected,FOMC Member Bullard Speaks,,,
6/27/2019 7:00,EUR,Low Impact Expected,Spanish Flash CPI y/y,,,
6/27/2019 19:29,EUR,Medium Impact Expected,German Prelim CPI m/m,,,
6/27/2019 19:30,EUR,Low Impact Expected,French Prelim CPI m/m,,,
6/27/2019 19:30,EUR,Low Impact Expected,Italian Prelim CPI m/m,,,
6/27/2019 19:30,EUR,Medium Impact Expected,CPI Flash Estimate y/y,,,
6/28/2019 9:00,EUR,Medium Impact Expected,Core CPI Flash Estimate y/y,,,
7/2/2019 9:00,EUR,Low Impact Expected,PPI m/m,,,
7/2/2019 10:35,USD,Medium Impact Expected,FOMC Member Williams Speaks,,,
7/5/2019 15:00,USD,Low Impact Expected,Fed Monetary Policy Report,,,
7/9/2019 12:45,USD,High Impact Expected,Fed Chair Powell Speaks,,,
7/9/2019 14:10,USD,Medium Impact Expected,FOMC Member Bullard Speaks,,,
7/9/2019 18:00,USD,Medium Impact Expected,FOMC Member Quarles Speaks,,,
7/9/2019 19:30,USD,High Impact Expected,Fed Chair Powell Testifies,,,
7/10/2019 17:30,USD,Medium Impact Expected,FOMC Member Bullard Speaks,,,
7/10/2019 18:00,USD,High Impact Expected,FOMC Meeting Minutes,,,
7/10/2019 19:30,USD,High Impact Expected,CPI y/y,,,
7/10/2019 19:30,USD,High Impact Expected,Core CPI m/m,,,
7/10/2019 19:30,USD,High Impact Expected,CPI m/m,,,
7/11/2019 6:00,EUR,Low Impact Expected,German Final CPI m/m,,,
7/11/2019 6:45,EUR,Low Impact Expected,French Final CPI m/m,,,
7/11/2019 11:30,EUR,Medium Impact Expected,ECB Monetary Policy Meeting Accounts,,,
7/11/2019 14:00,USD,High Impact Expected,Fed Chair Powell Testifies,,,
7/11/2019 17:30,USD,Medium Impact Expected,FOMC Member Quarles Speaks,,,
7/11/2019 19:30,USD,Medium Impact Expected,Core PPI m/m,,,
7/12/2019 12:30,USD,High Impact Expected,PPI m/m,,,
7/15/2019 12:50,USD,Medium Impact Expected,FOMC Member Williams Speaks,,,
7/16/2019 12:15,USD,Medium Impact Expected,FOMC Member Bowman Speaks,,,
7/16/2019 17:00,USD,High Impact Expected,Fed Chair Powell Speaks,,,
7/16/2019 18:40,USD,High Impact Expected,FOMC Member Evans Speaks,,,
7/16/2019 19:30,EUR,Low Impact Expected,Final CPI y/y,,,
7/17/2019 9:00,EUR,Low Impact Expected,Final Core CPI y/y,,,
7/17/2019 19:30,USD,Medium Impact Expected,Philly Fed Manufacturing Index,,,
7/18/2019 18:15,USD,Medium Impact Expected,FOMC Member Williams Speaks,,,
7/19/2019 6:00,EUR,Low Impact Expected,German PPI m/m,,,
7/19/2019 15:05,USD,Medium Impact Expected,FOMC Member Bullard Speaks,,,
7/19/2019 20:30,USD,Medium Impact Expected,FOMC Member Rosengren Speaks,,,
7/25/2019 12:30,EUR,High Impact Expected,ECB Press Conference,,,
7/29/2019 7:00,EUR,Low Impact Expected,Spanish Flash CPI y/y,,,
7/30/2019 19:29,EUR,Medium Impact Expected,German Prelim CPI m/m,,,
7/30/2019 19:30,EUR,Low Impact Expected,Italian Prelim CPI m/m,,,
7/30/2019 19:30,EUR,Medium Impact Expected,CPI Flash Estimate y/y,,,
7/30/2019 19:30,USD,High Impact Expected,FOMC Statement,,,
7/31/2019 6:45,EUR,Low Impact Expected,French Prelim CPI m/m,,,
7/31/2019 9:00,EUR,Medium Impact Expected,Core CPI Flash Estimate y/y,,,
7/31/2019 18:30,USD,High Impact Expected,FOMC Press Conference,,,
8/2/2019 9:00,EUR,Low Impact Expected,PPI m/m,,,
8/2/2019 17:45,USD,High Impact Expected,President Trump Speaks,,,
8/5/2019 17:30,USD,Medium Impact Expected,FOMC Member Brainard Speaks,,,
8/6/2019 17:05,USD,Medium Impact Expected,FOMC Member Bullard Speaks,,,
8/7/2019 13:30,USD,Medium Impact Expected,FOMC Member Evans Speaks,,,
8/8/2019 8:00,EUR,Low Impact Expected,ECB Economic Bulletin,,,
8/8/2019 19:30,USD,Medium Impact Expected,PPI m/m,,,
8/8/2019 19:30,USD,Medium Impact Expected,Core PPI m/m,,,
8/12/2019 19:30,USD,High Impact Expected,CPI m/m,,,
8/12/2019 19:30,USD,High Impact Expected,CPI y/y,,,
8/13/2019 6:00,EUR,Low Impact Expected,German Final CPI m/m,,,
8/13/2019 12:30,USD,High Impact Expected,Core CPI m/m,,,
8/14/2019 6:45,EUR,Low Impact Expected,French Final CPI m/m,,,
8/14/2019 19:30,USD,High Impact Expected,Philly Fed Manufacturing Index,,,
8/18/2019 19:30,EUR,Low Impact Expected,Final CPI y/y,,,
8/19/2019 9:00,EUR,Low Impact Expected,Final Core CPI y/y,,,
8/19/2019 19:30,EUR,Low Impact Expected,German PPI m/m,,,
8/20/2019 22:00,USD,Medium Impact Expected,FOMC Member Quarles Speaks,,,
8/21/2019 18:00,USD,High Impact Expected,FOMC Meeting Minutes,,,
8/22/2019 11:30,EUR,Medium Impact Expected,ECB Monetary Policy Meeting Accounts,,,
8/23/2019 14:00,USD,High Impact Expected,Fed Chair Powell Speaks,,,
8/26/2019 14:00,USD,Medium Impact Expected,FOMC Member Bullard Speaks,,,
8/29/2019 7:00,EUR,Low Impact Expected,Spanish Flash CPI y/y,,,
8/29/2019 19:29,EUR,Medium Impact Expected,German Prelim CPI m/m,,,
8/29/2019 19:30,EUR,Low Impact Expected,French Prelim CPI m/m,,,
8/29/2019 19:30,EUR,Low Impact Expected,Core CPI Flash Estimate y/y,,,
8/29/2019 19:30,EUR,Low Impact Expected,Italian Prelim CPI m/m,,,
8/30/2019 9:00,EUR,Medium Impact Expected,CPI Flash Estimate y/y,,,
9/3/2019 9:00,EUR,Low Impact Expected,PPI m/m,,,
9/3/2019 21:00,USD,Medium Impact Expected,FOMC Member Rosengren Speaks,,,
9/4/2019 8:50,EUR,High Impact Expected,ECB President Lagarde Speaks,,,
9/4/2019 13:25,USD,Medium Impact Expected,FOMC Member Williams Speaks,,,
9/4/2019 16:30,USD,Medium Impact Expected,FOMC Member Bullard Speaks,,,
9/4/2019 19:15,USD,Medium Impact Expected,FOMC Member Evans Speaks,,,
9/6/2019 16:30,USD,High Impact Expected,Fed Chair Powell Speaks,,,
9/10/2019 19:30,USD,Medium Impact Expected,PPI m/m,,,
9/10/2019 19:30,USD,Medium Impact Expected,Core PPI m/m,,,
9/11/2019 19:30,USD,High Impact Expected,CPI y/y,,,
9/11/2019 19:30,USD,High Impact Expected,CPI m/m,,,
9/11/2019 19:30,USD,High Impact Expected,Core CPI m/m,,,
9/11/2019 19:30,EUR,High Impact Expected,ECB Press Conference,,,
9/12/2019 6:00,EUR,Low Impact Expected,German Final CPI m/m,,,
9/12/2019 6:45,EUR,Low Impact Expected,French Final CPI m/m,,,
9/17/2019 19:30,EUR,Low Impact Expected,Final CPI y/y,,,
9/17/2019 19:30,USD,High Impact Expected,FOMC Statement,,,
9/17/2019 19:30,USD,High Impact Expected,FOMC Economic Projections,,,
9/18/2019 9:00,EUR,Low Impact Expected,Final Core CPI y/y,,,
9/18/2019 18:30,USD,High Impact Expected,FOMC Press Conference,,,
9/18/2019 19:30,USD,High Impact Expected,Philly Fed Manufacturing Index,,,
9/20/2019 6:00,EUR,Low Impact Expected,German PPI m/m,,,
9/20/2019 12:15,USD,Medium Impact Expected,FOMC Member Williams Speaks,,,
9/20/2019 15:20,USD,Medium Impact Expected,FOMC Member Rosengren Speaks,,,
9/22/2019 20:30,EUR,High Impact Expected,ECB President Draghi Speaks,,,
9/23/2019 13:50,USD,Medium Impact Expected,FOMC Member Williams Speaks,,,
9/23/2019 17:00,USD,Medium Impact Expected,FOMC Member Bullard Speaks,,,
9/24/2019 20:30,USD,Medium Impact Expected,FOMC Member George Speaks,,,
9/25/2019 12:00,USD,Medium Impact Expected,FOMC Member Evans Speaks,,,
9/25/2019 14:00,USD,Medium Impact Expected,FOMC Member Brainard Speaks,,,
9/26/2019 8:00,EUR,Low Impact Expected,ECB Economic Bulletin,,,
9/26/2019 13:30,EUR,High Impact Expected,ECB President Draghi Speaks,,,
9/26/2019 14:00,USD,Medium Impact Expected,FOMC Member Bullard Speaks,,,
9/26/2019 15:45,USD,Medium Impact Expected,FOMC Member Clarida Speaks,,,
9/26/2019 20:30,USD,Medium Impact Expected,FOMC Member Quarles Speaks,,,
9/26/2019 20:30,EUR,Low Impact Expected,French Prelim CPI m/m,,,
9/29/2019 20:30,EUR,Low Impact Expected,Spanish Flash CPI y/y,,,
9/30/2019 9:00,EUR,Low Impact Expected,Italian Prelim CPI m/m,,,
9/30/2019 20:29,EUR,Medium Impact Expected,German Prelim CPI m/m,,,
9/30/2019 20:30,USD,Medium Impact Expected,FOMC Member Evans Speaks,,,
9/30/2019 20:30,EUR,Low Impact Expected,Core CPI Flash Estimate y/y,,,
9/30/2019 20:30,USD,Medium Impact Expected,FOMC Member Bowman Speaks,,,
10/1/2019 9:00,EUR,Medium Impact Expected,CPI Flash Estimate y/y,,,
10/1/2019 12:50,USD,Medium Impact Expected,FOMC Member Clarida Speaks,,,
10/1/2019 13:15,USD,Medium Impact Expected,FOMC Member Bullard Speaks,,,
10/1/2019 17:30,EUR,Medium Impact Expected,German Buba President Weidmann Speaks,,,
10/2/2019 14:50,USD,Medium Impact Expected,FOMC Member Williams Speaks,,,
10/3/2019 6:45,USD,Medium Impact Expected,FOMC Member Evans Speaks,,,
10/3/2019 9:00,EUR,Low Impact Expected,PPI m/m,,,
10/3/2019 12:30,USD,Medium Impact Expected,FOMC Member Quarles Speaks,,,
10/3/2019 20:30,USD,Medium Impact Expected,FOMC Member Rosengren Speaks,,,
10/3/2019 22:35,USD,Medium Impact Expected,FOMC Member Clarida Speaks,,,
10/4/2019 18:00,USD,High Impact Expected,Fed Chair Powell Speaks,,,
10/4/2019 18:10,USD,Low Impact Expected,FOMC Member Brainard Speaks,,,
10/4/2019 19:45,USD,Low Impact Expected,FOMC Member George Speaks,,,
10/4/2019 20:00,USD,Low Impact Expected,FOMC Member Quarles Speaks,,,
10/6/2019 22:45,USD,Medium Impact Expected,FOMC Member George Speaks,,,
10/7/2019 17:00,USD,High Impact Expected,Fed Chair Powell Speaks,,,
10/7/2019 20:30,USD,Medium Impact Expected,Core PPI m/m,,,
10/7/2019 20:30,USD,Medium Impact Expected,PPI m/m,,,
10/8/2019 17:35,USD,Medium Impact Expected,FOMC Member Evans Speaks,,,
10/8/2019 18:30,USD,High Impact Expected,Fed Chair Powell Speaks,,,
10/8/2019 20:30,USD,Medium Impact Expected,FOMC Member George Speaks,,,
10/9/2019 15:00,USD,High Impact Expected,Fed Chair Powell Speaks,,,
10/9/2019 18:00,USD,High Impact Expected,FOMC Meeting Minutes,,,
10/9/2019 20:30,USD,High Impact Expected,CPI y/y,,,
10/9/2019 20:30,USD,High Impact Expected,Core CPI m/m,,,
10/9/2019 20:30,USD,High Impact Expected,CPI m/m,,,
10/10/2019 11:30,EUR,High Impact Expected,ECB Monetary Policy Meeting Accounts,,,
10/11/2019 6:00,EUR,Low Impact Expected,German Final CPI m/m,,,
10/11/2019 17:15,USD,Medium Impact Expected,FOMC Member Rosengren Speaks,,,
10/15/2019 6:45,EUR,Low Impact Expected,French Final CPI m/m,,,
10/15/2019 8:25,USD,Medium Impact Expected,FOMC Member Bullard Speaks,,,
10/15/2019 16:45,USD,Medium Impact Expected,FOMC Member George Speaks,,,
10/15/2019 20:30,EUR,Low Impact Expected,Final CPI y/y,,,
10/16/2019 9:00,EUR,Low Impact Expected,Final Core CPI y/y,,,
10/16/2019 14:45,USD,Medium Impact Expected,FOMC Member Evans Speaks,,,
10/16/2019 17:00,EUR,Medium Impact Expected,German Buba President Weidmann Speaks,,,
10/16/2019 19:00,USD,Medium Impact Expected,FOMC Member Brainard Speaks,,,
10/16/2019 20:30,USD,Medium Impact Expected,FOMC Member Evans Speaks,,,
10/16/2019 20:30,USD,High Impact Expected,Philly Fed Manufacturing Index,,,
10/17/2019 18:00,USD,Medium Impact Expected,FOMC Member Bowman Speaks,,,
10/17/2019 20:20,USD,Medium Impact Expected,FOMC Member Williams Speaks,,,
10/18/2019 14:00,USD,Medium Impact Expected,FOMC Member George Speaks,,,
10/18/2019 15:30,USD,Medium Impact Expected,FOMC Member Clarida Speaks,,,
10/21/2019 6:00,EUR,Low Impact Expected,German PPI m/m,,,
10/24/2019 12:30,EUR,High Impact Expected,ECB Press Conference,,,
10/28/2019 15:00,EUR,High Impact Expected,ECB President Draghi Speaks,,,
10/29/2019 20:30,EUR,Low Impact Expected,Spanish Flash CPI y/y,,,
10/29/2019 20:30,USD,High Impact Expected,FOMC Statement,,,
10/30/2019 18:30,USD,High Impact Expected,FOMC Press Conference,,,
10/30/2019 20:29,EUR,Medium Impact Expected,German Prelim CPI m/m,,,
10/30/2019 20:30,EUR,Low Impact Expected,Italian Prelim CPI m/m,,,
10/30/2019 20:30,EUR,Low Impact Expected,Core CPI Flash Estimate y/y,,,
10/31/2019 7:45,EUR,Low Impact Expected,French Prelim CPI m/m,,,
10/31/2019 10:00,EUR,Medium Impact Expected,CPI Flash Estimate y/y,,,
10/31/2019 20:30,USD,Low Impact Expected,FOMC Member Quarles Speaks,,,
11/1/2019 17:00,USD,Medium Impact Expected,FOMC Member Clarida Speaks,,,
11/1/2019 18:30,USD,Medium Impact Expected,FOMC Member Williams Speaks,,,
11/4/2019 19:30,EUR,High Impact Expected,ECB President Lagarde Speaks,,,
11/5/2019 10:00,EUR,Low Impact Expected,PPI m/m,,,
11/6/2019 13:00,USD,Medium Impact Expected,FOMC Member Evans Speaks,,,
11/6/2019 14:30,USD,Low Impact Expected,FOMC Member Williams Speaks,,,
11/7/2019 9:00,EUR,Low Impact Expected,ECB Economic Bulletin,,,
11/8/2019 16:45,USD,Low Impact Expected,FOMC Member Brainard Speaks,,,
11/9/2019 1:00,USD,Low Impact Expected,FOMC Member Williams Speaks,,,
11/11/2019 13:15,USD,Low Impact Expected,FOMC Member Rosengren Speaks,,,
11/12/2019 10:30,USD,Medium Impact Expected,FOMC Member Clarida Speaks,,,
11/12/2019 17:00,USD,High Impact Expected,President Trump Speaks,,,
11/12/2019 20:30,USD,High Impact Expected,CPI m/m,,,
11/12/2019 20:30,USD,High Impact Expected,CPI y/y,,,
11/13/2019 7:00,EUR,Low Impact Expected,German Final CPI m/m,,,
11/13/2019 13:30,USD,High Impact Expected,Core CPI m/m,,,
11/13/2019 16:00,USD,High Impact Expected,Fed Chair Powell Testifies,,,
11/13/2019 20:30,USD,Low Impact Expected,FOMC Member Evans Speaks,,,
11/13/2019 20:30,USD,Medium Impact Expected,Core PPI m/m,,,
11/13/2019 20:30,USD,Low Impact Expected,FOMC Member Williams Speaks,,,
11/13/2019 20:30,USD,High Impact Expected,PPI m/m,,,
11/14/2019 7:45,EUR,Low Impact Expected,French Final CPI m/m,,,
11/14/2019 10:30,USD,Low Impact Expected,FOMC Member Quarles Speaks,,,
11/14/2019 14:10,USD,Low Impact Expected,FOMC Member Clarida Speaks,,,
11/14/2019 15:00,USD,High Impact Expected,Fed Chair Powell Testifies,,,
11/14/2019 17:20,USD,Low Impact Expected,FOMC Member Bullard Speaks,,,
11/14/2019 20:30,EUR,Low Impact Expected,Final CPI y/y,,,
11/15/2019 10:00,EUR,Low Impact Expected,Final Core CPI y/y,,,
11/15/2019 17:00,EUR,Low Impact Expected,German Buba President Weidmann Speaks,,,
11/19/2019 14:00,USD,Medium Impact Expected,FOMC Member Williams Speaks,,,
11/20/2019 7:00,EUR,Low Impact Expected,German PPI m/m,,,
11/20/2019 9:00,EUR,Low Impact Expected,ECB Financial Stability Review,,,
11/20/2019 19:00,USD,High Impact Expected,FOMC Meeting Minutes,,,
11/20/2019 20:30,USD,Medium Impact Expected,Philly Fed Manufacturing Index,,,
11/20/2019 21:00,USD,Low Impact Expected,FOMC Financial Stability Report,,,
11/21/2019 12:30,EUR,High Impact Expected,ECB Monetary Policy Meeting Accounts,,,
11/22/2019 8:27,EUR,High Impact Expected,ECB President Lagarde Speaks,,,
11/22/2019 13:00,EUR,Low Impact Expected,German Buba President Weidmann Speaks,,,
11/26/2019 0:00,USD,High Impact Expected,Fed Chair Powell Speaks,,,
11/26/2019 18:00,USD,Low Impact Expected,FOMC Member Brainard Speaks,,,
11/28/2019 8:00,EUR,Low Impact Expected,Spanish Flash CPI y/y,,,
11/28/2019 20:29,EUR,Medium Impact Expected,German Prelim CPI m/m,,,
11/28/2019 20:30,EUR,Low Impact Expected,French Prelim CPI m/m,,,
11/28/2019 20:30,EUR,Low Impact Expected,Core CPI Flash Estimate y/y,,,
11/28/2019 20:30,EUR,Low Impact Expected,Italian Prelim CPI m/m,,,
11/29/2019 10:00,EUR,Medium Impact Expected,CPI Flash Estimate y/y,,,
12/2/2019 14:00,EUR,High Impact Expected,ECB President Lagarde Speaks,,,
12/3/2019 10:00,EUR,Low Impact Expected,PPI m/m,,,
12/3/2019 20:30,USD,Low Impact Expected,FOMC Member Quarles Speaks,,,
12/4/2019 20:30,USD,Low Impact Expected,FOMC Member Quarles Speaks,,,
12/10/2019 20:30,USD,High Impact Expected,Core CPI m/m,,,
12/10/2019 20:30,USD,High Impact Expected,CPI m/m,,,
12/10/2019 20:30,USD,High Impact Expected,CPI y/y,,,
12/10/2019 20:30,USD,High Impact Expected,FOMC Economic Projections,,,
12/10/2019 20:30,USD,High Impact Expected,FOMC Statement,,,
12/11/2019 19:30,USD,High Impact Expected,FOMC Press Conference,,,
12/11/2019 20:30,USD,Medium Impact Expected,Core PPI m/m,,,
12/11/2019 20:30,USD,Medium Impact Expected,PPI m/m,,,
12/12/2019 7:00,EUR,Low Impact Expected,German Final CPI m/m,,,
12/12/2019 7:45,EUR,Low Impact Expected,French Final CPI m/m,,,
12/12/2019 13:30,EUR,High Impact Expected,ECB Press Conference,,,
12/13/2019 16:00,USD,Low Impact Expected,FOMC Member Williams Speaks,,,
12/17/2019 17:30,USD,Low Impact Expected,FOMC Member Rosengren Speaks,,,
12/17/2019 20:30,EUR,Low Impact Expected,Final CPI y/y,,,
12/18/2019 7:00,EUR,Low Impact Expected,German PPI m/m,,,
12/18/2019 8:30,EUR,Medium Impact Expected,ECB President Lagarde Speaks,,,
12/18/2019 10:00,EUR,Low Impact Expected,Final Core CPI y/y,,,
12/18/2019 10:15,USD,Low Impact Expected,FOMC Member Brainard Speaks,,,
12/18/2019 17:40,USD,Low Impact Expected,FOMC Member Evans Speaks,,,
12/18/2019 20:30,USD,Medium Impact Expected,Philly Fed Manufacturing Index,,,
12/26/2019 20:30,EUR,Low Impact Expected,ECB Economic Bulletin,,,
12/30/2019 8:00,EUR,Low Impact Expected,Spanish Flash CPI y/y,,,
1/2/2020 20:30,USD,Low Impact Expected,FOMC Member Brainard Speaks,,,
1/3/2020 7:45,EUR,Low Impact Expected,French Prelim CPI m/m,,,
1/3/2020 19:00,USD,High Impact Expected,FOMC Meeting Minutes,,,
1/3/2020 20:29,EUR,Low Impact Expected,German Prelim CPI m/m,,,
1/3/2020 20:30,USD,Medium Impact Expected,FOMC Member Kaplan Speaks,,,
1/4/2020 20:30,USD,Medium Impact Expected,FOMC Member Williams Speaks,,,
1/6/2020 10:00,EUR,Low Impact Expected,PPI m/m,,,
1/6/2020 20:30,EUR,Low Impact Expected,Italian Prelim CPI m/m,,,
1/6/2020 20:30,EUR,Low Impact Expected,Core CPI Flash Estimate y/y,,,
1/7/2020 10:00,EUR,Medium Impact Expected,CPI Flash Estimate y/y,,,
1/8/2020 15:00,USD,Low Impact Expected,FOMC Member Brainard Speaks,,,
1/8/2020 16:26,USD,High Impact Expected,President Trump Speaks,,,
1/9/2020 13:00,USD,Medium Impact Expected,FOMC Member Clarida Speaks,,,
1/9/2020 14:30,USD,Medium Impact Expected,FOMC Member Kashkari Speaks,,,
1/9/2020 16:30,USD,Low Impact Expected,FOMC Member Williams Speaks,,,
1/9/2020 19:10,EUR,Low Impact Expected,German Buba President Weidmann Speaks,,,
1/13/2020 20:30,USD,High Impact Expected,CPI m/m,,,
1/13/2020 20:30,USD,High Impact Expected,CPI y/y,,,
1/14/2020 13:30,USD,High Impact Expected,Core CPI m/m,,,
1/14/2020 14:00,USD,Low Impact Expected,FOMC Member Williams Speaks,,,
1/14/2020 20:30,USD,Medium Impact Expected,PPI m/m,,,
1/15/2020 7:45,EUR,Low Impact Expected,French Final CPI m/m,,,
1/15/2020 13:30,USD,Medium Impact Expected,Core PPI m/m,,,
1/15/2020 16:00,USD,Medium Impact Expected,FOMC Member Harker Speaks,,,
1/15/2020 17:00,USD,Medium Impact Expected,FOMC Member Kaplan Speaks,,,
1/15/2020 18:00,EUR,Low Impact Expected,German Buba President Weidmann Speaks,,,
1/15/2020 20:30,USD,Medium Impact Expected,Philly Fed Manufacturing Index,,,
1/16/2020 7:00,EUR,Low Impact Expected,German Final CPI m/m,,,
1/16/2020 12:30,EUR,High Impact Expected,ECB Monetary Policy Meeting Accounts,,,
1/16/2020 15:00,USD,Medium Impact Expected,FOMC Member Bowman Speaks,,,
1/16/2020 18:00,EUR,High Impact Expected,ECB President Lagarde Speaks,,,
1/16/2020 20:30,EUR,Low Impact Expected,Final CPI y/y,,,
1/17/2020 10:00,EUR,Low Impact Expected,Final Core CPI y/y,,,
1/17/2020 14:00,USD,Medium Impact Expected,FOMC Member Harker Speaks,,,
1/17/2020 17:45,USD,Low Impact Expected,FOMC Member Quarles Speaks,,,
1/20/2020 7:00,EUR,Low Impact Expected,German PPI m/m,,,
1/23/2020 13:30,EUR,High Impact Expected,ECB Press Conference,,,
1/23/2020 20:30,USD,High Impact Expected,Treasury Sec Mnuchin Speaks,,,
1/24/2020 9:30,EUR,High Impact Expected,ECB President Lagarde Speaks,,,
1/27/2020 14:30,USD,Low Impact Expected,FOMC Member Williams Speaks,,,
1/28/2020 14:30,USD,Low Impact Expected,FOMC Member Williams Speaks,,,
1/28/2020 20:30,USD,High Impact Expected,FOMC Statement,,,
1/29/2020 19:30,USD,High Impact Expected,FOMC Press Conference,,,
1/30/2020 18:00,EUR,Low Impact Expected,German Buba President Weidmann Speaks,,,
1/30/2020 20:29,EUR,Medium Impact Expected,German Prelim CPI m/m,,,
1/30/2020 20:30,EUR,Low Impact Expected,French Prelim CPI m/m,,,
1/30/2020 20:30,EUR,Low Impact Expected,Core CPI Flash Estimate y/y,,,
1/30/2020 20:30,EUR,Low Impact Expected,Spanish Flash CPI y/y,,,
1/31/2020 10:00,EUR,Medium Impact Expected,CPI Flash Estimate y/y,,,
2/3/2020 18:15,EUR,Low Impact Expected,German Buba President Weidmann Speaks,,,
2/3/2020 20:30,EUR,Low Impact Expected,Italian Prelim CPI m/m,,,
2/4/2020 10:00,EUR,Low Impact Expected,PPI m/m,,,
2/5/2020 2:00,USD,High Impact Expected,President Trump Speaks,,,
2/5/2020 12:15,EUR,High Impact Expected,ECB President Lagarde Speaks,,,
2/5/2020 21:10,USD,Low Impact Expected,FOMC Member Brainard Speaks,,,
2/6/2020 8:00,EUR,High Impact Expected,ECB President Lagarde Speaks,,,
2/6/2020 9:00,EUR,Low Impact Expected,ECB Economic Bulletin,,,
2/6/2020 14:15,USD,Low Impact Expected,FOMC Member Kaplan Speaks,,,
2/7/2020 0:15,USD,Low Impact Expected,FOMC Member Quarles Speaks,,,
2/7/2020 16:00,USD,Low Impact Expected,Fed Monetary Policy Report,,,
2/10/2020 13:15,USD,Medium Impact Expected,FOMC Member Bowman Speaks,,,
2/10/2020 20:15,USD,Low Impact Expected,FOMC Member Harker Speaks,,,
2/11/2020 14:00,EUR,High Impact Expected,ECB President Lagarde Speaks,,,
2/11/2020 15:00,USD,High Impact Expected,Fed Chair Powell Testifies,,,
2/11/2020 17:15,USD,Low Impact Expected,FOMC Member Quarles Speaks,,,
2/11/2020 19:15,USD,Medium Impact Expected,FOMC Member Kashkari Speaks,,,
2/11/2020 20:30,USD,High Impact Expected,Fed Chair Powell Testifies,,,
2/12/2020 13:30,USD,Low Impact Expected,FOMC Member Harker Speaks,,,
2/12/2020 20:30,USD,High Impact Expected,CPI y/y,,,
2/12/2020 20:30,USD,High Impact Expected,CPI m/m,,,
2/13/2020 7:00,EUR,Low Impact Expected,German Final CPI m/m,,,
2/13/2020 13:30,USD,High Impact Expected,Core CPI m/m,,,
2/13/2020 22:30,USD,Low Impact Expected,FOMC Member Williams Speaks,,,
2/14/2020 16:45,USD,Low Impact Expected,FOMC Member Mester Speaks,,,
2/18/2020 19:00,USD,Low Impact Expected,FOMC Member Kashkari Speaks,,,
2/18/2020 20:30,USD,Medium Impact Expected,PPI m/m,,,
2/18/2020 20:30,USD,Medium Impact Expected,Core PPI m/m,,,
2/18/2020 20:30,USD,Low Impact Expected,FOMC Member Mester Speaks,,,
2/19/2020 16:45,USD,Low Impact Expected,FOMC Member Kashkari Speaks,,,
2/19/2020 18:30,USD,Low Impact Expected,FOMC Member Kaplan Speaks,,,
2/19/2020 19:00,USD,High Impact Expected,FOMC Meeting Minutes,,,
2/19/2020 20:30,USD,Medium Impact Expected,Philly Fed Manufacturing Index,,,
2/19/2020 20:30,EUR,Low Impact Expected,German PPI m/m,,,
2/20/2020 7:45,EUR,Low Impact Expected,French Final CPI m/m,,,
2/20/2020 12:30,EUR,High Impact Expected,ECB Monetary Policy Meeting Accounts,,,
2/20/2020 20:30,EUR,Low Impact Expected,Final CPI y/y,,,
2/20/2020 20:30,USD,Low Impact Expected,FOMC Member Clarida Speaks,,,
2/21/2020 10:00,EUR,Low Impact Expected,Final Core CPI y/y,,,
2/21/2020 14:35,USD,Low Impact Expected,FOMC Member Kaplan Speaks,,,
2/21/2020 15:15,USD,Low Impact Expected,FOMC Member Brainard Speaks,,,
2/24/2020 20:00,USD,Low Impact Expected,FOMC Member Mester Speaks,,,
2/25/2020 14:45,USD,Low Impact Expected,FOMC Member Kaplan Speaks,,,
2/25/2020 20:00,USD,Low Impact Expected,FOMC Member Clarida Speaks,,,
2/26/2020 13:30,EUR,High Impact Expected,ECB President Lagarde Speaks,,,
2/26/2020 14:45,USD,Low Impact Expected,FOMC Member Kaplan Speaks,,,
2/26/2020 18:00,USD,Low Impact Expected,FOMC Member Kashkari Speaks,,,
2/27/2020 8:00,EUR,Low Impact Expected,Spanish Flash CPI y/y,,,
2/27/2020 20:30,EUR,Low Impact Expected,Italian Prelim CPI m/m,,,
2/27/2020 20:30,USD,Low Impact Expected,FOMC Member Mester Speaks,,,
2/27/2020 20:30,EUR,Low Impact Expected,French Prelim CPI m/m,,,
2/28/2020 0:00,USD,Low Impact Expected,FOMC Member Mester Speaks,,,
2/28/2020 10:00,EUR,Low Impact Expected,German Buba President Weidmann Speaks,,,
2/28/2020 19:30,USD,High Impact Expected,Fed Announcement,,,
2/28/2020 20:29,EUR,Medium Impact Expected,German Prelim CPI m/m,,,
3/2/2020 20:30,USD,High Impact Expected,FOMC Statement,,,
3/2/2020 20:30,EUR,Low Impact Expected,Core CPI Flash Estimate y/y,,,
3/2/2020 20:30,EUR,Low Impact Expected,PPI m/m,,,
3/3/2020 10:00,EUR,Medium Impact Expected,CPI Flash Estimate y/y,,,
3/3/2020 16:00,USD,High Impact Expected,FOMC Press Conference,,,
3/3/2020 19:50,USD,Low Impact Expected,FOMC Member Mester Speaks,,,
3/5/2020 20:30,USD,Medium Impact Expected,FOMC Member Kaplan Speaks,,,
3/6/2020 1:00,USD,Low Impact Expected,FOMC Member Kashkari Speaks,,,
3/6/2020 1:45,USD,Low Impact Expected,FOMC Member Williams Speaks,,,
3/6/2020 19:00,USD,Low Impact Expected,FOMC Member Williams Speaks,,,
3/9/2020 22:34,USD,High Impact Expected,President Trump Speaks,,,
3/10/2020 20:30,USD,High Impact Expected,CPI m/m,,,
3/10/2020 20:30,USD,High Impact Expected,CPI y/y,,,
3/10/2020 20:30,USD,High Impact Expected,Core CPI m/m,,,
3/11/2020 14:00,USD,High Impact Expected,Treasury Sec Mnuchin Speaks,,,
3/11/2020 20:30,USD,Medium Impact Expected,PPI m/m,,,
3/12/2020 1:00,USD,High Impact Expected,President Trump Speaks,,,
3/12/2020 12:30,USD,Medium Impact Expected,Core PPI m/m,,,
3/12/2020 13:30,EUR,High Impact Expected,ECB Press Conference,,,
3/13/2020 7:00,EUR,Low Impact Expected,German Final CPI m/m,,,
3/13/2020 7:45,EUR,Low Impact Expected,French Final CPI m/m,,,
3/13/2020 19:30,USD,High Impact Expected,President Trump Speaks,,,
3/15/2020 20:30,USD,High Impact Expected,FOMC Statement,,,
3/15/2020 21:00,USD,High Impact Expected,Fed Announcement,,,
3/15/2020 21:17,USD,High Impact Expected,President Trump Speaks,,,
3/15/2020 22:30,USD,High Impact Expected,FOMC Press Conference,,,
3/16/2020 19:25,USD,High Impact Expected,President Trump Speaks,,,
3/17/2020 14:45,USD,High Impact Expected,Fed Announcement,,,
3/17/2020 15:40,USD,High Impact Expected,President Trump Speaks,,,
3/17/2020 20:30,EUR,Low Impact Expected,Final CPI y/y,,,
3/17/2020 22:00,USD,High Impact Expected,Fed Announcement,,,
3/18/2020 10:00,EUR,Low Impact Expected,Final Core CPI y/y,,,
3/18/2020 16:07,USD,High Impact Expected,President Trump Speaks,,,
3/18/2020 20:30,USD,High Impact Expected,Fed Announcement,,,
3/18/2020 20:30,USD,Medium Impact Expected,Philly Fed Manufacturing Index,,,
3/19/2020 15:38,USD,High Impact Expected,President Trump Speaks,,,
3/20/2020 7:00,EUR,Low Impact Expected,German PPI m/m,,,
3/20/2020 14:00,USD,High Impact Expected,Fed Announcement,,,
3/20/2020 15:00,USD,High Impact Expected,Fed Announcement,,,
3/20/2020 15:50,USD,High Impact Expected,President Trump Speaks,,,
3/21/2020 16:30,USD,High Impact Expected,President Trump Speaks,,,
3/23/2020 12:00,USD,High Impact Expected,Fed Announcement,,,
3/23/2020 22:12,USD,High Impact Expected,President Trump Speaks,,,
3/24/2020 16:05,USD,High Impact Expected,President Trump Speaks,,,
3/26/2020 9:00,EUR,Low Impact Expected,ECB Economic Bulletin,,,
3/26/2020 11:06,USD,High Impact Expected,Fed Chair Powell Speaks,,,
3/27/2020 21:30,USD,High Impact Expected,President Trump Speaks,,,
3/29/2020 19:30,EUR,Low Impact Expected,Spanish Flash CPI y/y,,,
3/29/2020 21:43,USD,High Impact Expected,President Trump Speaks,,,
3/30/2020 19:29,EUR,Low Impact Expected,German Prelim CPI m/m,,,
3/30/2020 19:30,EUR,Low Impact Expected,Italian Prelim CPI m/m,,,
3/30/2020 19:30,EUR,Low Impact Expected,French Prelim CPI m/m,,,
3/30/2020 19:30,EUR,Low Impact Expected,CPI Flash Estimate y/y,,,
3/30/2020 19:30,USD,High Impact Expected,Fed Announcement,,,
3/30/2020 21:15,USD,High Impact Expected,President Trump Speaks,,,
3/31/2020 9:00,EUR,Low Impact Expected,Core CPI Flash Estimate y/y,,,
3/31/2020 19:30,USD,High Impact Expected,President Trump Speaks,,,
4/1/2020 21:37,USD,High Impact Expected,President Trump Speaks,,,
4/2/2020 9:00,EUR,Low Impact Expected,PPI m/m,,,
4/2/2020 21:23,USD,High Impact Expected,President Trump Speaks,,,
4/4/2020 19:30,USD,High Impact Expected,President Trump Speaks,,,
4/5/2020 22:45,USD,High Impact Expected,President Trump Speaks,,,
4/6/2020 21:42,USD,High Impact Expected,President Trump Speaks,,,
4/7/2020 21:42,USD,High Impact Expected,President Trump Speaks,,,
4/8/2020 18:00,USD,Medium Impact Expected,FOMC Meeting Minutes,,,
4/8/2020 19:30,USD,Medium Impact Expected,Core PPI m/m,,,
4/8/2020 19:30,USD,Medium Impact Expected,PPI m/m,,,
4/8/2020 19:30,USD,High Impact Expected,Fed Announcement,,,
4/8/2020 21:46,USD,High Impact Expected,President Trump Speaks,,,
4/9/2020 11:30,EUR,High Impact Expected,ECB Monetary Policy Meeting Accounts,,,
4/9/2020 14:00,USD,High Impact Expected,Fed Chair Powell Speaks,,,
4/9/2020 19:30,USD,High Impact Expected,CPI y/y,,,
4/9/2020 19:30,USD,High Impact Expected,CPI m/m,,,
4/9/2020 22:24,USD,High Impact Expected,President Trump Speaks,,,
4/10/2020 12:30,USD,High Impact Expected,Core CPI m/m,,,
4/10/2020 16:30,USD,Low Impact Expected,FOMC Member Mester Speaks,,,
4/10/2020 17:30,USD,Low Impact Expected,FOMC Member Quarles Speaks,,,
4/10/2020 18:00,USD,High Impact Expected,President Trump Speaks,,,
4/13/2020 21:49,USD,High Impact Expected,President Trump Speaks,,,
4/14/2020 22:15,USD,High Impact Expected,President Trump Speaks,,,
4/15/2020 6:45,EUR,Low Impact Expected,French Final CPI m/m,,,
4/15/2020 21:50,USD,High Impact Expected,President Trump Speaks,,,
4/16/2020 6:00,EUR,Low Impact Expected,German Final CPI m/m,,,
4/16/2020 12:32,USD,Medium Impact Expected,Philly Fed Manufacturing Index,,,
4/16/2020 18:00,USD,Low Impact Expected,FOMC Member Williams Speaks,,,
4/16/2020 19:30,EUR,Low Impact Expected,Final CPI y/y,,,
4/16/2020 22:08,USD,High Impact Expected,President Trump Speaks,,,
4/17/2020 9:00,EUR,Low Impact Expected,Final Core CPI y/y,,,
4/17/2020 22:00,USD,High Impact Expected,President Trump Speaks,,,
4/18/2020 22:00,USD,High Impact Expected,President Trump Speaks,,,
4/19/2020 22:25,USD,High Impact Expected,President Trump Speaks,,,
4/20/2020 6:00,EUR,Low Impact Expected,German PPI m/m,,,
4/20/2020 21:40,USD,High Impact Expected,President Trump Speaks,,,
4/21/2020 21:46,USD,High Impact Expected,President Trump Speaks,,,
4/22/2020 22:11,USD,High Impact Expected,President Trump Speaks,,,
4/23/2020 21:43,USD,High Impact Expected,President Trump Speaks,,,
4/24/2020 21:40,USD,High Impact Expected,President Trump Speaks,,,
4/27/2020 21:38,USD,High Impact Expected,President Trump Speaks,,,
4/29/2020 18:00,USD,High Impact Expected,FOMC Statement,,,
4/29/2020 18:30,USD,High Impact Expected,FOMC Press Conference,,,
4/29/2020 19:29,EUR,Low Impact Expected,German Prelim CPI m/m,,,
4/29/2020 19:30,EUR,Low Impact Expected,CPI Flash Estimate y/y,,,
4/29/2020 19:30,EUR,Low Impact Expected,Italian Prelim CPI m/m,,,
4/29/2020 19:30,EUR,High Impact Expected,ECB Press Conference,,,
4/29/2020 19:30,EUR,Low Impact Expected,Core CPI Flash Estimate y/y,,,
4/29/2020 19:30,EUR,Low Impact Expected,French Prelim CPI m/m,,,
4/29/2020 19:30,EUR,Low Impact Expected,Spanish Flash CPI y/y,,,
4/30/2020 14:00,USD,High Impact Expected,Fed Announcement,,,
5/5/2020 8:00,EUR,Low Impact Expected,German Buba President Weidmann Speaks,,,
5/5/2020 9:00,EUR,Low Impact Expected,PPI m/m,,,
5/6/2020 19:30,EUR,High Impact Expected,ECB President Lagarde Speaks,,,
5/7/2020 8:00,EUR,Low Impact Expected,German Buba President Weidmann Speaks,,,
5/7/2020 20:00,USD,Low Impact Expected,FOMC Member Harker Speaks,,,
5/8/2020 11:00,EUR,High Impact Expected,ECB President Lagarde Speaks,,,
5/8/2020 12:00,USD,High Impact Expected,President Trump Speaks,,,
5/11/2020 19:30,USD,High Impact Expected,CPI y/y,,,
5/11/2020 19:30,USD,High Impact Expected,CPI m/m,,,
5/11/2020 19:30,USD,Low Impact Expected,FOMC Member Quarles Speaks,,,
5/12/2020 12:30,USD,High Impact Expected,Core CPI m/m,,,
5/12/2020 14:00,USD,Low Impact Expected,FOMC Member Harker Speaks,,,
5/12/2020 19:30,USD,Medium Impact Expected,PPI m/m,,,
5/12/2020 21:00,USD,Low Impact Expected,FOMC Member Mester Speaks,,,
5/13/2020 12:30,USD,Medium Impact Expected,Core PPI m/m,,,
5/13/2020 13:00,USD,High Impact Expected,Fed Chair Powell Speaks,,,
5/14/2020 6:00,EUR,Low Impact Expected,German Final CPI m/m,,,
5/14/2020 8:00,EUR,Low Impact Expected,ECB Economic Bulletin,,,
5/14/2020 15:00,USD,Low Impact Expected,FOMC Member Kashkari Speaks,,,
5/15/2020 6:00,EUR,Low Impact Expected,German PPI m/m,,,
5/15/2020 6:45,EUR,Low Impact Expected,French Final CPI m/m,,,
5/17/2020 23:00,USD,High Impact Expected,Fed Chair Powell Speaks,,,
5/18/2020 19:30,USD,Low Impact Expected,FOMC Member Kashkari Speaks,,,
5/18/2020 20:00,USD,Low Impact Expected,FOMC Financial Stability Report,,,
5/19/2020 14:00,USD,High Impact Expected,Fed Chair Powell Testifies,,,
5/19/2020 19:30,USD,Medium Impact Expected,FOMC Meeting Minutes,,,
5/19/2020 19:30,EUR,Low Impact Expected,Final CPI y/y,,,
5/20/2020 9:00,EUR,Low Impact Expected,Final Core CPI y/y,,,
5/20/2020 19:30,USD,Low Impact Expected,FOMC Member Williams Speaks,,,
5/20/2020 19:30,USD,Medium Impact Expected,Philly Fed Manufacturing Index,,,
5/21/2020 17:00,USD,Low Impact Expected,FOMC Member Clarida Speaks,,,
5/21/2020 18:30,USD,High Impact Expected,Fed Chair Powell Speaks,,,
5/22/2020 11:30,EUR,High Impact Expected,ECB Monetary Policy Meeting Accounts,,,
5/26/2020 13:00,EUR,Medium Impact Expected,ECB Financial Stability Review,,,
5/26/2020 17:00,USD,Low Impact Expected,FOMC Member Kashkari Speaks,,,
5/27/2020 7:30,EUR,Medium Impact Expected,ECB President Lagarde Speaks,,,
5/27/2020 19:30,USD,Low Impact Expected,FOMC Member Williams Speaks,,,
5/28/2020 7:00,EUR,Low Impact Expected,Spanish Flash CPI y/y,,,
5/28/2020 19:29,EUR,Low Impact Expected,German Prelim CPI m/m,,,
5/28/2020 19:30,EUR,Low Impact Expected,CPI Flash Estimate y/y,,,
5/28/2020 19:30,EUR,Low Impact Expected,Italian Prelim CPI m/m,,,
5/28/2020 19:30,EUR,Low Impact Expected,French Prelim CPI m/m,,,
5/29/2020 9:00,EUR,Low Impact Expected,Core CPI Flash Estimate y/y,,,
5/29/2020 15:00,USD,High Impact Expected,Fed Chair Powell Speaks,,,
5/29/2020 18:00,USD,High Impact Expected,President Trump Speaks,,,
6/3/2020 9:00,EUR,Low Impact Expected,PPI m/m,,,
6/3/2020 19:30,EUR,High Impact Expected,ECB Press Conference,,,
6/8/2020 13:45,EUR,High Impact Expected,ECB President Lagarde Speaks,,,
6/9/2020 19:30,USD,High Impact Expected,CPI m/m,,,
6/9/2020 19:30,USD,High Impact Expected,FOMC Statement,,,
6/9/2020 19:30,USD,High Impact Expected,FOMC Economic Projections,,,
6/9/2020 19:30,USD,High Impact Expected,CPI y/y,,,
6/10/2020 12:30,USD,High Impact Expected,Core CPI m/m,,,
6/10/2020 18:30,USD,High Impact Expected,FOMC Press Conference,,,
6/10/2020 19:30,USD,Medium Impact Expected,PPI m/m,,,
6/11/2020 12:30,USD,Medium Impact Expected,Core PPI m/m,,,
6/12/2020 6:45,EUR,Low Impact Expected,French Final CPI m/m,,,
6/12/2020 15:00,USD,Low Impact Expected,Fed Monetary Policy Report,,,
6/15/2020 15:00,USD,Low Impact Expected,FOMC Member Kaplan Speaks,,,
6/15/2020 18:00,USD,High Impact Expected,Fed Announcement,,,
6/16/2020 6:00,EUR,Low Impact Expected,German Final CPI m/m,,,
6/16/2020 14:00,USD,High Impact Expected,Fed Chair Powell Testifies,,,
6/16/2020 19:30,EUR,Low Impact Expected,Final CPI y/y,,,
6/16/2020 20:00,USD,Low Impact Expected,FOMC Member Clarida Speaks,,,
6/17/2020 9:00,EUR,Low Impact Expected,Final Core CPI y/y,,,
6/17/2020 16:00,USD,High Impact Expected,Fed Chair Powell Testifies,,,
6/17/2020 19:30,EUR,Low Impact Expected,ECB Economic Bulletin,,,
6/17/2020 19:30,USD,Medium Impact Expected,Philly Fed Manufacturing Index,,,
6/17/2020 20:00,USD,Low Impact Expected,FOMC Member Mester Speaks,,,
6/18/2020 16:15,USD,Low Impact Expected,FOMC Member Mester Speaks,,,
6/19/2020 6:00,EUR,Low Impact Expected,German PPI m/m,,,
6/19/2020 16:00,USD,Low Impact Expected,FOMC Member Quarles Speaks,,,
6/19/2020 17:00,USD,Medium Impact Expected,Fed Chair Powell Speaks,,,
6/25/2020 11:30,EUR,Medium Impact Expected,ECB Monetary Policy Meeting Accounts,,,
6/26/2020 7:00,EUR,High Impact Expected,ECB President Lagarde Speaks,,,
6/29/2020 7:00,EUR,Low Impact Expected,Spanish Flash CPI y/y,,,
6/29/2020 19:29,EUR,Low Impact Expected,German Prelim CPI m/m,,,
6/29/2020 19:30,EUR,Low Impact Expected,Italian Prelim CPI m/m,,,
6/29/2020 19:30,EUR,Low Impact Expected,CPI Flash Estimate y/y,,,
6/29/2020 19:30,EUR,Low Impact Expected,French Prelim CPI m/m,,,
6/30/2020 9:00,EUR,Low Impact Expected,Core CPI Flash Estimate y/y,,,
6/30/2020 15:00,USD,Low Impact Expected,FOMC Member Williams Speaks,,,
6/30/2020 15:05,USD,Low Impact Expected,FOMC Member Brainard Speaks,,,
6/30/2020 16:30,USD,High Impact Expected,Fed Chair Powell Testifies,,,
6/30/2020 18:00,USD,Low Impact Expected,FOMC Member Kashkari Speaks,,,
7/1/2020 18:00,USD,Medium Impact Expected,FOMC Meeting Minutes,,,
7/1/2020 19:30,USD,High Impact Expected,President Trump Speaks,,,
7/2/2020 9:00,EUR,Low Impact Expected,PPI m/m,,,
7/4/2020 10:40,EUR,Medium Impact Expected,ECB President Lagarde Speaks,,,
7/7/2020 17:00,USD,Low Impact Expected,FOMC Member Quarles Speaks,,,
7/9/2020 19:30,USD,Medium Impact Expected,Core PPI m/m,,,
7/9/2020 19:30,USD,Medium Impact Expected,PPI m/m,,,
7/12/2020 19:30,USD,Low Impact Expected,FOMC Member Williams Speaks,,,
7/13/2020 19:30,USD,Medium Impact Expected,Core CPI m/m,,,
7/13/2020 19:30,USD,Medium Impact Expected,CPI m/m,,,
7/14/2020 6:00,EUR,Low Impact Expected,German Final CPI m/m,,,
7/14/2020 12:30,USD,High Impact Expected,CPI y/y,,,
7/14/2020 18:00,USD,Low Impact Expected,FOMC Member Brainard Speaks,,,
7/14/2020 21:00,USD,High Impact Expected,President Trump Speaks,,,
7/15/2020 16:00,USD,Low Impact Expected,FOMC Member Harker Speaks,,,
7/15/2020 19:30,USD,Medium Impact Expected,Philly Fed Manufacturing Index,,,
7/15/2020 19:30,EUR,High Impact Expected,ECB Press Conference,,,
7/16/2020 6:45,EUR,Low Impact Expected,French Final CPI m/m,,,
7/16/2020 15:10,USD,Low Impact Expected,FOMC Member Williams Speaks,,,
7/16/2020 19:30,EUR,Low Impact Expected,Final CPI y/y,,,
7/17/2020 9:00,EUR,Low Impact Expected,Final Core CPI y/y,,,
7/20/2020 6:00,EUR,Low Impact Expected,German PPI m/m,,,
7/21/2020 21:00,USD,High Impact Expected,President Trump Speaks,,,
7/22/2020 13:15,EUR,High Impact Expected,ECB President Lagarde Speaks,,,
7/22/2020 21:30,USD,Medium Impact Expected,President Trump Speaks,,,
7/23/2020 21:00,USD,Medium Impact Expected,President Trump Speaks,,,
7/28/2020 13:30,USD,High Impact Expected,Fed Announcement,,,
7/29/2020 18:00,USD,High Impact Expected,FOMC Statement,,,
7/29/2020 18:30,USD,High Impact Expected,FOMC Press Conference,,,
7/29/2020 19:30,EUR,Low Impact Expected,ECB Economic Bulletin,,,
7/29/2020 19:30,EUR,Low Impact Expected,Spanish Flash CPI y/y,,,
7/30/2020 19:29,EUR,Low Impact Expected,German Prelim CPI m/m,,,
7/30/2020 19:30,EUR,Low Impact Expected,Italian Prelim CPI m/m,,,
7/30/2020 19:30,EUR,Low Impact Expected,French Prelim CPI m/m,,,
7/30/2020 19:30,EUR,Low Impact Expected,CPI Flash Estimate y/y,,,
7/31/2020 9:00,EUR,Low Impact Expected,Core CPI Flash Estimate y/y,,,
8/4/2020 9:00,EUR,Low Impact Expected,PPI m/m,,,
8/5/2020 21:00,USD,Low Impact Expected,FOMC Member Mester Speaks,,,
8/6/2020 14:00,USD,Low Impact Expected,FOMC Member Kaplan Speaks,,,
8/10/2020 19:30,USD,Low Impact Expected,PPI m/m,,,
8/11/2020 12:30,USD,Low Impact Expected,Core PPI m/m,,,
8/11/2020 19:30,USD,High Impact Expected,CPI y/y,,,
8/11/2020 19:30,USD,High Impact Expected,CPI m/m,,,
8/12/2020 12:30,USD,High Impact Expected,Core CPI m/m,,,
8/12/2020 15:00,USD,Low Impact Expected,FOMC Member Kaplan Speaks,,,
8/13/2020 6:00,EUR,Low Impact Expected,German Final CPI m/m,,,
8/14/2020 6:45,EUR,Low Impact Expected,French Final CPI m/m,,,
8/18/2020 19:30,EUR,Low Impact Expected,Final CPI y/y,,,
8/19/2020 9:00,EUR,Low Impact Expected,Final Core CPI y/y,,,
8/19/2020 18:00,USD,Medium Impact Expected,FOMC Meeting Minutes,,,
8/19/2020 19:30,EUR,Low Impact Expected,German PPI m/m,,,
8/20/2020 11:30,EUR,Low Impact Expected,ECB Monetary Policy Meeting Accounts,,,
8/20/2020 12:30,USD,Medium Impact Expected,Philly Fed Manufacturing Index,,,
8/27/2020 13:10,USD,High Impact Expected,Fed Chair Powell Speaks,,,
8/27/2020 19:30,EUR,Low Impact Expected,French Prelim CPI m/m,,,
8/31/2020 7:00,EUR,Low Impact Expected,Spanish Flash CPI y/y,,,
8/31/2020 9:00,EUR,Low Impact Expected,Italian Prelim CPI m/m,,,
8/31/2020 13:00,USD,Low Impact Expected,FOMC Member Clarida Speaks,,,
8/31/2020 19:29,EUR,Low Impact Expected,German Prelim CPI m/m,,,
8/31/2020 19:30,EUR,Low Impact Expected,CPI Flash Estimate y/y,,,
9/1/2020 9:00,EUR,Low Impact Expected,Core CPI Flash Estimate y/y,,,
9/1/2020 17:00,USD,Low Impact Expected,FOMC Member Brainard Speaks,,,
9/1/2020 19:30,USD,Low Impact Expected,FOMC Member Williams Speaks,,,
9/2/2020 9:00,EUR,Low Impact Expected,PPI m/m,,,
9/2/2020 16:00,USD,Low Impact Expected,FOMC Member Mester Speaks,,,
9/9/2020 19:30,USD,Medium Impact Expected,PPI m/m,,,
9/9/2020 19:30,USD,Medium Impact Expected,Core PPI m/m,,,
9/10/2020 12:30,EUR,High Impact Expected,ECB Press Conference,,,
9/10/2020 17:00,EUR,Medium Impact Expected,ECB President Lagarde Speaks,,,
9/10/2020 19:30,USD,High Impact Expected,CPI y/y,,,
9/10/2020 19:30,USD,Medium Impact Expected,Core CPI m/m,,,
9/10/2020 19:30,USD,Medium Impact Expected,CPI m/m,,,
9/11/2020 6:00,EUR,Low Impact Expected,German Final CPI m/m,,,
9/11/2020 8:00,EUR,Low Impact Expected,German Buba President Weidmann Speaks,,,
9/13/2020 9:30,EUR,Medium Impact Expected,ECB President Lagarde Speaks,,,
9/15/2020 6:45,EUR,Low Impact Expected,French Final CPI m/m,,,
9/15/2020 19:30,USD,High Impact Expected,FOMC Statement,,,
9/16/2020 18:00,USD,High Impact Expected,FOMC Economic Projections,,,
9/16/2020 18:30,USD,High Impact Expected,FOMC Press Conference,,,
9/16/2020 19:30,EUR,Low Impact Expected,Final CPI y/y,,,
9/17/2020 9:00,EUR,Low Impact Expected,Final Core CPI y/y,,,
9/17/2020 12:30,USD,Medium Impact Expected,Philly Fed Manufacturing Index,,,
9/18/2020 6:00,EUR,Low Impact Expected,German PPI m/m,,,
9/21/2020 12:20,EUR,High Impact Expected,ECB President Lagarde Speaks,,,
9/21/2020 14:00,USD,High Impact Expected,Fed Chair Powell Speaks,,,
9/21/2020 16:00,USD,Low Impact Expected,FOMC Member Brainard Speaks,,,
9/21/2020 22:00,USD,Low Impact Expected,FOMC Member Williams Speaks,,,
9/22/2020 14:30,USD,High Impact Expected,Fed Chair Powell Testifies,,,
9/23/2020 13:00,USD,Low Impact Expected,FOMC Member Mester Speaks,,,
9/23/2020 14:00,USD,High Impact Expected,Fed Chair Powell Testifies,,,
9/23/2020 18:00,USD,Low Impact Expected,FOMC Member Quarles Speaks,,,
9/23/2020 20:30,USD,High Impact Expected,Fed Chair Powell Testifies,,,
9/23/2020 20:30,USD,High Impact Expected,Treasury Sec Mnuchin Speaks,,,
9/24/2020 8:00,EUR,Low Impact Expected,ECB Economic Bulletin,,,
9/24/2020 18:00,USD,Low Impact Expected,FOMC Member Williams Speaks,,,
9/25/2020 19:10,USD,Low Impact Expected,FOMC Member Williams Speaks,,,
9/28/2020 13:45,EUR,High Impact Expected,ECB President Lagarde Speaks,,,
9/28/2020 18:00,USD,Low Impact Expected,FOMC Member Mester Speaks,,,
9/28/2020 20:30,USD,Low Impact Expected,FOMC Member Williams Speaks,,,
9/29/2020 7:00,EUR,Low Impact Expected,Spanish Flash CPI y/y,,,
9/29/2020 13:15,USD,Low Impact Expected,FOMC Member Williams Speaks,,,
9/29/2020 13:30,USD,Low Impact Expected,FOMC Member Harker Speaks,,,
9/29/2020 15:40,USD,Low Impact Expected,FOMC Member Clarida Speaks,,,
9/29/2020 17:00,USD,Low Impact Expected,FOMC Member Quarles Speaks,,,
9/29/2020 19:00,USD,Low Impact Expected,FOMC Member Quarles Speaks,,,
9/29/2020 20:29,EUR,Low Impact Expected,German Prelim CPI m/m,,,
9/29/2020 20:30,EUR,Low Impact Expected,French Prelim CPI m/m,,,
9/30/2020 7:20,EUR,High Impact Expected,ECB President Lagarde Speaks,,,
9/30/2020 9:00,EUR,Low Impact Expected,Italian Prelim CPI m/m,,,
9/30/2020 15:00,USD,Low Impact Expected,FOMC Member Kashkari Speaks,,,
9/30/2020 17:40,USD,Low Impact Expected,FOMC Member Bowman Speaks,,,
10/1/2020 9:00,EUR,Low Impact Expected,PPI m/m,,,
10/1/2020 15:00,USD,Low Impact Expected,FOMC Member Williams Speaks,,,
10/1/2020 19:00,USD,Low Impact Expected,FOMC Member Bowman Speaks,,,
10/1/2020 20:30,EUR,Low Impact Expected,CPI Flash Estimate y/y,,,
10/2/2020 9:00,EUR,Low Impact Expected,Core CPI Flash Estimate y/y,,,
10/2/2020 13:00,USD,Low Impact Expected,FOMC Member Harker Speaks,,,
10/6/2020 8:35,EUR,Medium Impact Expected,ECB President Lagarde Speaks,,,
10/6/2020 13:00,EUR,Medium Impact Expected,ECB President Lagarde Speaks,,,
10/6/2020 14:40,USD,High Impact Expected,Fed Chair Powell Speaks,,,
10/6/2020 15:45,USD,Low Impact Expected,FOMC Member Harker Speaks,,,
10/6/2020 20:30,USD,Low Impact Expected,FOMC Member Williams Speaks,,,
10/6/2020 22:00,USD,Medium Impact Expected,FOMC Member Kaplan Speaks,,,
10/7/2020 12:10,EUR,Medium Impact Expected,ECB President Lagarde Speaks,,,
10/7/2020 18:00,USD,High Impact Expected,FOMC Meeting Minutes,,,
10/7/2020 18:40,USD,Low Impact Expected,FOMC Member Kashkari Speaks,,,
10/8/2020 11:30,EUR,Low Impact Expected,ECB Monetary Policy Meeting Accounts,,,
10/12/2020 20:30,USD,Medium Impact Expected,CPI m/m,,,
10/12/2020 20:30,USD,Medium Impact Expected,Core CPI m/m,,,
10/13/2020 5:59,EUR,Low Impact Expected,German Final CPI m/m,,,
10/13/2020 12:30,USD,High Impact Expected,CPI y/y,,,
10/13/2020 20:30,USD,Medium Impact Expected,PPI m/m,,,
10/13/2020 20:30,USD,Low Impact Expected,FOMC Member Quarles Speaks,,,
10/13/2020 20:30,USD,Low Impact Expected,FOMC Member Clarida Speaks,,,
10/14/2020 8:00,EUR,Medium Impact Expected,ECB President Lagarde Speaks,,,
10/14/2020 12:30,USD,Medium Impact Expected,Core PPI m/m,,,
10/14/2020 19:00,USD,Low Impact Expected,FOMC Member Quarles Speaks,,,
10/14/2020 20:30,USD,Low Impact Expected,FOMC Member Quarles Speaks,,,
10/14/2020 20:30,USD,Low Impact Expected,FOMC Member Kaplan Speaks,,,
10/14/2020 22:00,USD,Low Impact Expected,FOMC Member Kaplan Speaks,,,
10/15/2020 6:45,EUR,Low Impact Expected,French Final CPI m/m,,,
10/15/2020 12:30,USD,Medium Impact Expected,Philly Fed Manufacturing Index,,,
10/15/2020 16:00,EUR,Medium Impact Expected,ECB President Lagarde Speaks,,,
10/15/2020 20:30,EUR,Low Impact Expected,Final CPI y/y,,,
10/15/2020 21:00,USD,Low Impact Expected,FOMC Member Kashkari Speaks,,,
10/16/2020 9:00,EUR,Low Impact Expected,Final Core CPI y/y,,,
10/18/2020 13:05,EUR,Medium Impact Expected,ECB President Lagarde Speaks,,,
10/19/2020 12:00,USD,High Impact Expected,Fed Chair Powell Speaks,,,
10/19/2020 12:45,EUR,Medium Impact Expected,ECB President Lagarde Speaks,,,
10/19/2020 15:45,USD,Low Impact Expected,FOMC Member Clarida Speaks,,,
10/19/2020 19:00,USD,Low Impact Expected,FOMC Member Harker Speaks,,,
10/19/2020 20:30,EUR,Low Impact Expected,German PPI m/m,,,
10/19/2020 20:30,USD,Low Impact Expected,FOMC Member Williams Speaks,,,
10/20/2020 14:50,USD,Low Impact Expected,FOMC Member Quarles Speaks,,,
10/21/2020 7:30,EUR,Medium Impact Expected,ECB President Lagarde Speaks,,,
10/21/2020 12:50,USD,Low Impact Expected,FOMC Member Brainard Speaks,,,
10/21/2020 14:00,USD,Low Impact Expected,FOMC Member Mester Speaks,,,
10/28/2020 22:00,USD,Low Impact Expected,FOMC Member Kaplan Speaks,,,
10/29/2020 8:00,EUR,Low Impact Expected,Spanish Flash CPI y/y,,,
10/29/2020 13:30,EUR,High Impact Expected,ECB Press Conference,,,
10/29/2020 20:29,EUR,Low Impact Expected,German Prelim CPI m/m,,,
10/29/2020 20:30,EUR,Low Impact Expected,CPI Flash Estimate y/y,,,
10/30/2020 7:45,EUR,Low Impact Expected,French Prelim CPI m/m,,,
10/30/2020 9:58,EUR,Low Impact Expected,Italian Prelim CPI m/m,,,
10/30/2020 10:00,EUR,Low Impact Expected,Core CPI Flash Estimate y/y,,,
10/30/2020 14:30,EUR,Low Impact Expected,German Buba President Weidmann Speaks,,,
10/30/2020 15:00,USD,High Impact Expected,Fed Announcement,,,
11/4/2020 10:00,EUR,Low Impact Expected,PPI m/m,,,
11/4/2020 20:30,EUR,Low Impact Expected,German Buba President Weidmann Speaks,,,
11/5/2020 19:00,USD,High Impact Expected,FOMC Statement,,,
11/5/2020 19:30,USD,High Impact Expected,FOMC Press Conference,,,
11/9/2020 9:25,EUR,Medium Impact Expected,ECB President Lagarde Speaks,,,
11/9/2020 18:30,USD,Low Impact Expected,FOMC Member Mester Speaks,,,
11/10/2020 17:00,USD,Low Impact Expected,FOMC Member Kaplan Speaks,,,
11/10/2020 19:30,USD,Low Impact Expected,FOMC Member Quarles Speaks,,,
11/10/2020 22:00,USD,Low Impact Expected,FOMC Member Brainard Speaks,,,
11/11/2020 13:00,EUR,Medium Impact Expected,ECB President Lagarde Speaks,,,
11/11/2020 20:30,USD,Medium Impact Expected,CPI m/m,,,
11/11/2020 20:30,USD,Medium Impact Expected,Core CPI m/m,,,
11/11/2020 20:30,USD,High Impact Expected,Fed Chair Powell Speaks,,,
11/12/2020 7:00,EUR,Low Impact Expected,German Final CPI m/m,,,
11/12/2020 9:00,EUR,Low Impact Expected,ECB Economic Bulletin,,,
11/12/2020 13:30,USD,High Impact Expected,CPI y/y,,,
11/12/2020 16:45,EUR,High Impact Expected,ECB President Lagarde Speaks,,,
11/12/2020 20:30,USD,Medium Impact Expected,PPI m/m,,,
11/13/2020 7:45,EUR,Low Impact Expected,French Final CPI m/m,,,
11/13/2020 10:00,EUR,Low Impact Expected,German Buba President Weidmann Speaks,,,
11/13/2020 13:30,USD,Medium Impact Expected,Core PPI m/m,,,
11/16/2020 13:00,EUR,Medium Impact Expected,ECB President Lagarde Speaks,,,
11/16/2020 19:00,USD,Low Impact Expected,FOMC Member Clarida Speaks,,,
11/16/2020 20:30,USD,Low Impact Expected,FOMC Member Brainard Speaks,,,
11/16/2020 21:00,USD,Low Impact Expected,FOMC Financial Stability Report,,,
11/17/2020 16:00,EUR,Medium Impact Expected,ECB President Lagarde Speaks,,,
11/17/2020 18:00,USD,High Impact Expected,Fed Chair Powell Speaks,,,
11/17/2020 20:30,EUR,Low Impact Expected,Final CPI y/y,,,
11/18/2020 10:00,EUR,Low Impact Expected,Final Core CPI y/y,,,
11/18/2020 17:15,USD,Low Impact Expected,FOMC Member Williams Speaks,,,
11/18/2020 20:30,USD,Medium Impact Expected,Philly Fed Manufacturing Index,,,
11/19/2020 8:00,EUR,Medium Impact Expected,ECB President Lagarde Speaks,,,
11/19/2020 15:00,EUR,Medium Impact Expected,ECB President Lagarde Speaks,,,
11/19/2020 20:30,USD,Low Impact Expected,FOMC Member Kaplan Speaks,,,
11/20/2020 7:00,EUR,Low Impact Expected,German PPI m/m,,,
11/20/2020 8:15,EUR,Medium Impact Expected,ECB President Lagarde Speaks,,,
11/25/2020 9:30,EUR,Medium Impact Expected,ECB Financial Stability Review,,,
11/25/2020 19:00,USD,High Impact Expected,FOMC Meeting Minutes,,,
11/26/2020 12:30,EUR,Low Impact Expected,ECB Monetary Policy Meeting Accounts,,,
11/26/2020 20:30,EUR,Low Impact Expected,French Prelim CPI m/m,,,
11/29/2020 20:30,EUR,Low Impact Expected,Italian Prelim CPI m/m,,,
11/29/2020 20:30,EUR,Low Impact Expected,Spanish Flash CPI y/y,,,
11/30/2020 10:00,EUR,Medium Impact Expected,ECB President Lagarde Speaks,,,
11/30/2020 20:29,EUR,Low Impact Expected,German Prelim CPI m/m,,,
11/30/2020 20:30,EUR,Low Impact Expected,CPI Flash Estimate y/y,,,
11/30/2020 20:30,USD,Low Impact Expected,FOMC Member Brainard Speaks,,,
12/1/2020 10:00,EUR,Low Impact Expected,Core CPI Flash Estimate y/y,,,
12/1/2020 15:00,USD,High Impact Expected,Fed Chair Powell Testifies,,,
12/1/2020 17:00,EUR,Medium Impact Expected,ECB President Lagarde Speaks,,,
12/1/2020 20:30,USD,Low Impact Expected,FOMC Member Harker Speaks,,,
12/2/2020 10:00,EUR,Low Impact Expected,PPI m/m,,,
12/2/2020 14:00,USD,Low Impact Expected,FOMC Member Quarles Speaks,,,
12/2/2020 15:00,USD,High Impact Expected,Fed Chair Powell Testifies,,,
12/2/2020 18:00,USD,Low Impact Expected,FOMC Member Williams Speaks,,,
12/3/2020 20:30,USD,Low Impact Expected,FOMC Member Bowman Speaks,,,
12/9/2020 20:30,USD,Medium Impact Expected,CPI m/m,,,
12/9/2020 20:30,USD,High Impact Expected,CPI y/y,,,
12/9/2020 20:30,USD,Medium Impact Expected,Core CPI m/m,,,
12/10/2020 13:30,EUR,High Impact Expected,ECB Press Conference,,,
12/10/2020 20:30,USD,Medium Impact Expected,Core PPI m/m,,,
12/10/2020 20:30,USD,Medium Impact Expected,PPI m/m,,,
12/11/2020 7:00,EUR,Low Impact Expected,German Final CPI m/m,,,
12/15/2020 7:45,EUR,Low Impact Expected,French Final CPI m/m,,,
12/15/2020 20:30,USD,High Impact Expected,FOMC Statement,,,
12/16/2020 19:00,USD,High Impact Expected,FOMC Economic Projections,,,
12/16/2020 19:30,USD,High Impact Expected,FOMC Press Conference,,,
12/16/2020 20:30,EUR,Low Impact Expected,Final CPI y/y,,,
12/17/2020 10:00,EUR,Low Impact Expected,Final Core CPI y/y,,,
12/17/2020 13:29,USD,Medium Impact Expected,Philly Fed Manufacturing Index,,,
12/18/2020 7:00,EUR,Low Impact Expected,German PPI m/m,,,
12/18/2020 16:10,USD,Low Impact Expected,FOMC Member Brainard Speaks,,,
12/29/2020 20:30,EUR,Low Impact Expected,Spanish Flash CPI y/y,,,
1/3/2021 20:30,USD,Low Impact Expected,FOMC Member Evans Speaks,,,
1/3/2021 20:30,USD,Low Impact Expected,FOMC Member Bostic Speaks,,,
1/5/2021 20:45,USD,Low Impact Expected,FOMC Member Evans Speaks,,,
1/6/2021 7:45,EUR,Low Impact Expected,French Prelim CPI m/m,,,
1/6/2021 10:00,EUR,Low Impact Expected,PPI m/m,,,
1/6/2021 19:00,USD,High Impact Expected,FOMC Meeting Minutes,,,
1/6/2021 20:29,EUR,Low Impact Expected,German Prelim CPI m/m,,,
1/6/2021 20:30,EUR,Low Impact Expected,CPI Flash Estimate y/y,,,
1/6/2021 20:30,EUR,Low Impact Expected,Italian Prelim CPI m/m,,,
1/7/2021 9:00,EUR,Low Impact Expected,ECB Economic Bulletin,,,
1/7/2021 10:00,EUR,Low Impact Expected,Core CPI Flash Estimate y/y,,,
1/7/2021 18:00,USD,Low Impact Expected,FOMC Member Evans Speaks,,,
1/8/2021 16:00,USD,Low Impact Expected,FOMC Member Clarida Speaks,,,
1/11/2021 17:00,USD,Low Impact Expected,FOMC Member Bostic Speaks,,,
1/12/2021 14:35,USD,Low Impact Expected,FOMC Member Brainard Speaks,,,
1/12/2021 20:30,USD,Medium Impact Expected,CPI m/m,,,
1/12/2021 20:30,USD,Medium Impact Expected,Core CPI m/m,,,
1/13/2021 9:00,EUR,Medium Impact Expected,ECB President Lagarde Speaks,,,
1/13/2021 13:30,USD,High Impact Expected,CPI y/y,,,
1/13/2021 18:00,USD,Low Impact Expected,FOMC Member Brainard Speaks,,,
1/13/2021 20:00,USD,Low Impact Expected,FOMC Member Clarida Speaks,,,
1/14/2021 12:30,EUR,Low Impact Expected,ECB Monetary Policy Meeting Accounts,,,
1/14/2021 17:30,USD,High Impact Expected,Fed Chair Powell Speaks,,,
1/14/2021 20:30,USD,Low Impact Expected,Core PPI m/m,,,
1/14/2021 20:30,USD,Low Impact Expected,PPI m/m,,,
1/15/2021 0:15,USD,High Impact Expected,President Biden Speaks,,,
1/15/2021 7:45,EUR,Low Impact Expected,French Final CPI m/m,,,
1/19/2021 7:00,EUR,Low Impact Expected,German Final CPI m/m,,,
1/19/2021 20:30,EUR,Low Impact Expected,Final CPI y/y,,,
1/20/2021 7:00,EUR,Low Impact Expected,German PPI m/m,,,
1/20/2021 10:00,EUR,Low Impact Expected,Final Core CPI y/y,,,
1/20/2021 16:52,USD,High Impact Expected,President Biden Speaks,,,
1/20/2021 20:30,USD,Medium Impact Expected,Philly Fed Manufacturing Index,,,
1/20/2021 20:30,EUR,High Impact Expected,ECB Press Conference,,,
1/25/2021 8:45,EUR,Medium Impact Expected,ECB President Lagarde Speaks,,,
1/25/2021 16:15,EUR,Medium Impact Expected,ECB President Lagarde Speaks,,,
1/27/2021 19:00,USD,High Impact Expected,FOMC Statement,,,
1/27/2021 19:30,USD,High Impact Expected,FOMC Press Conference,,,
1/28/2021 20:29,EUR,Low Impact Expected,German Prelim CPI m/m,,,
1/28/2021 20:30,EUR,Low Impact Expected,Spanish Flash CPI y/y,,,
2/1/2021 19:00,USD,Low Impact Expected,FOMC Member Bostic Speaks,,,
2/2/2021 7:45,EUR,Low Impact Expected,French Prelim CPI m/m,,,
2/2/2021 20:30,EUR,Low Impact Expected,Italian Prelim CPI m/m,,,
2/2/2021 20:30,EUR,Low Impact Expected,CPI Flash Estimate y/y,,,
2/2/2021 20:30,EUR,Low Impact Expected,PPI m/m,,,
2/3/2021 10:00,EUR,Low Impact Expected,Core CPI Flash Estimate y/y,,,
2/3/2021 22:00,USD,Low Impact Expected,FOMC Member Evans Speaks,,,
2/4/2021 9:00,EUR,Low Impact Expected,ECB Economic Bulletin,,,
2/4/2021 19:00,USD,Low Impact Expected,FOMC Member Daly Speaks,,,
2/9/2021 20:30,USD,Medium Impact Expected,Core CPI m/m,,,
2/9/2021 20:30,USD,High Impact Expected,CPI y/y,,,
2/10/2021 7:00,EUR,Low Impact Expected,German Final CPI m/m,,,
2/10/2021 13:30,USD,High Impact Expected,CPI m/m,,,
2/10/2021 19:00,USD,High Impact Expected,Fed Chair Powell Speaks,,,
2/16/2021 16:10,USD,Low Impact Expected,FOMC Member Bowman Speaks,,,
2/16/2021 20:00,USD,Low Impact Expected,FOMC Member Daly Speaks,,,
2/16/2021 20:30,USD,Low Impact Expected,Core PPI m/m,,,
2/16/2021 20:30,USD,Low Impact Expected,PPI m/m,,,
2/17/2021 14:00,USD,Low Impact Expected,FOMC Member Barkin Speaks,,,
2/17/2021 19:00,USD,Medium Impact Expected,FOMC Meeting Minutes,,,
2/18/2021 12:30,EUR,Low Impact Expected,ECB Monetary Policy Meeting Accounts,,,
2/18/2021 13:00,USD,Low Impact Expected,FOMC Member Brainard Speaks,,,
2/18/2021 13:29,USD,Medium Impact Expected,Philly Fed Manufacturing Index,,,
2/19/2021 7:00,EUR,Low Impact Expected,German PPI m/m,,,
2/19/2021 7:45,EUR,Low Impact Expected,French Final CPI m/m,,,
2/19/2021 13:00,USD,Low Impact Expected,FOMC Member Barkin Speaks,,,
2/19/2021 16:00,USD,Low Impact Expected,Fed Monetary Policy Report,,,
2/22/2021 14:30,EUR,Medium Impact Expected,ECB President Lagarde Speaks,,,
2/22/2021 20:30,USD,Low Impact Expected,FOMC Member Bowman Speaks,,,
2/22/2021 20:30,EUR,Low Impact Expected,Final CPI y/y,,,
2/23/2021 10:00,EUR,Low Impact Expected,Final Core CPI y/y,,,
2/23/2021 15:00,USD,High Impact Expected,Fed Chair Powell Testifies,,,
2/23/2021 20:30,USD,Low Impact Expected,FOMC Member Brainard Speaks,,,
2/24/2021 15:00,USD,High Impact Expected,Fed Chair Powell Testifies,,,
2/24/2021 18:00,USD,Low Impact Expected,FOMC Member Clarida Speaks,,,
2/24/2021 20:30,USD,Low Impact Expected,FOMC Member Bostic Speaks,,,
2/24/2021 21:00,USD,Low Impact Expected,FOMC Member Clarida Speaks,,,
2/25/2021 16:10,USD,Low Impact Expected,FOMC Member Quarles Speaks,,,
2/25/2021 17:00,USD,Low Impact Expected,FOMC Member Bostic Speaks,,,
2/25/2021 20:30,EUR,Low Impact Expected,French Prelim CPI m/m,,,
2/25/2021 20:30,EUR,Low Impact Expected,Spanish Flash CPI y/y,,,
3/1/2021 10:00,EUR,Low Impact Expected,Italian Prelim CPI m/m,,,
3/1/2021 14:00,USD,Low Impact Expected,FOMC Member Williams Speaks,,,
3/1/2021 14:05,USD,Low Impact Expected,FOMC Member Brainard Speaks,,,
3/1/2021 16:10,EUR,Medium Impact Expected,ECB President Lagarde Speaks,,,
3/1/2021 20:29,EUR,Low Impact Expected,German Prelim CPI m/m,,,
3/1/2021 20:30,EUR,Low Impact Expected,CPI Flash Estimate y/y,,,
3/2/2021 10:00,EUR,Low Impact Expected,Core CPI Flash Estimate y/y,,,
3/2/2021 18:00,USD,Low Impact Expected,FOMC Member Brainard Speaks,,,
3/2/2021 19:00,USD,Low Impact Expected,FOMC Member Daly Speaks,,,
3/3/2021 10:00,EUR,Low Impact Expected,PPI m/m,,,
3/3/2021 18:00,USD,Low Impact Expected,FOMC Member Evans Speaks,,,
3/4/2021 17:05,USD,High Impact Expected,Fed Chair Powell Speaks,,,
3/9/2021 20:30,USD,High Impact Expected,CPI m/m,,,
3/10/2021 12:30,USD,High Impact Expected,CPI y/y,,,
3/10/2021 13:30,USD,High Impact Expected,Core CPI m/m,,,
3/11/2021 13:30,EUR,High Impact Expected,ECB Press Conference,,,
3/11/2021 20:30,USD,Low Impact Expected,Core PPI m/m,,,
3/11/2021 20:30,USD,Low Impact Expected,PPI m/m,,,
3/12/2021 7:00,EUR,Low Impact Expected,German Final CPI m/m,,,
3/16/2021 7:45,EUR,Low Impact Expected,French Final CPI m/m,,,
3/16/2021 20:30,EUR,Low Impact Expected,Final CPI y/y,,,
3/16/2021 20:30,USD,High Impact Expected,FOMC Statement,,,
3/17/2021 10:00,EUR,Low Impact Expected,Final Core CPI y/y,,,
3/17/2021 18:00,USD,High Impact Expected,FOMC Economic Projections,,,
3/17/2021 18:30,USD,High Impact Expected,FOMC Press Conference,,,
3/17/2021 20:30,USD,Medium Impact Expected,Philly Fed Manufacturing Index,,,
3/18/2021 8:00,EUR,Medium Impact Expected,ECB President Lagarde Speaks,,,
3/18/2021 11:00,EUR,Medium Impact Expected,ECB President Lagarde Speaks,,,
3/18/2021 15:55,USD,High Impact Expected,Fed Chair Powell Speaks,,,
3/18/2021 20:30,USD,High Impact Expected,Fed Announcement,,,
3/19/2021 7:00,EUR,Low Impact Expected,German PPI m/m,,,
3/21/2021 19:30,USD,Low Impact Expected,FOMC Member Barkin Speaks,,,
3/21/2021 19:30,USD,High Impact Expected,Fed Chair Powell Speaks,,,
3/22/2021 13:00,EUR,Low Impact Expected,German Buba President Weidmann Speaks,,,
3/22/2021 17:00,USD,Low Impact Expected,FOMC Member Daly Speaks,,,
3/22/2021 17:30,USD,Low Impact Expected,FOMC Member Quarles Speaks,,,
3/22/2021 23:15,USD,Low Impact Expected,FOMC Member Bowman Speaks,,,
3/23/2021 14:10,USD,Low Impact Expected,FOMC Member Bostic Speaks,,,
3/23/2021 16:00,USD,High Impact Expected,Fed Chair Powell Testifies,,,
3/23/2021 17:25,USD,Low Impact Expected,FOMC Member Brainard Speaks,,,
3/23/2021 18:45,USD,Low Impact Expected,FOMC Member Williams Speaks,,,
3/23/2021 19:45,USD,Low Impact Expected,FOMC Member Brainard Speaks,,,
3/24/2021 14:00,USD,High Impact Expected,Fed Chair Powell Testifies,,,
3/24/2021 15:45,EUR,Medium Impact Expected,ECB President Lagarde Speaks,,,
3/24/2021 17:35,USD,Low Impact Expected,FOMC Member Williams Speaks,,,
3/24/2021 19:00,USD,Low Impact Expected,FOMC Member Daly Speaks,,,
3/24/2021 19:30,EUR,Low Impact Expected,German Buba President Weidmann Speaks,,,
3/24/2021 19:30,USD,Low Impact Expected,FOMC Member Williams Speaks,,,
3/24/2021 19:30,EUR,Medium Impact Expected,ECB President Lagarde Speaks,,,
3/24/2021 23:00,USD,Low Impact Expected,FOMC Member Evans Speaks,,,
3/25/2021 9:00,EUR,Low Impact Expected,ECB Economic Bulletin,,,
3/25/2021 14:10,USD,Low Impact Expected,FOMC Member Clarida Speaks,,,
3/25/2021 14:30,USD,Low Impact Expected,FOMC Member Williams Speaks,,,
3/25/2021 16:00,USD,Low Impact Expected,FOMC Member Bostic Speaks,,,
3/25/2021 17:00,USD,Low Impact Expected,FOMC Member Evans Speaks,,,
3/25/2021 23:00,USD,Low Impact Expected,FOMC Member Daly Speaks,,,
3/29/2021 15:00,USD,Low Impact Expected,FOMC Member Waller Speaks,,,
3/29/2021 19:30,EUR,Low Impact Expected,Spanish Flash CPI y/y,,,
3/30/2021 13:00,USD,Low Impact Expected,FOMC Member Quarles Speaks,,,
3/30/2021 16:00,USD,Low Impact Expected,FOMC Member Bostic Speaks,,,
3/30/2021 18:30,USD,Low Impact Expected,FOMC Member Williams Speaks,,,
3/30/2021 19:29,EUR,Low Impact Expected,German Prelim CPI m/m,,,
3/30/2021 19:30,EUR,Low Impact Expected,French Prelim CPI m/m,,,
3/30/2021 19:30,EUR,Low Impact Expected,Italian Prelim CPI m/m,,,
3/30/2021 19:30,EUR,Low Impact Expected,CPI Flash Estimate y/y,,,
3/31/2021 9:00,EUR,Low Impact Expected,Core CPI Flash Estimate y/y,,,
3/31/2021 20:20,USD,High Impact Expected,President Biden Speaks,,,
4/2/2021 15:00,USD,Low Impact Expected,FOMC Member Bostic Speaks,,,
4/5/2021 15:00,USD,High Impact Expected,Treasury Sec Yellen Speaks,,,
4/6/2021 19:30,USD,Low Impact Expected,FOMC Member Evans Speaks,,,
4/7/2021 16:00,USD,Low Impact Expected,FOMC Member Barkin Speaks,,,
4/7/2021 17:00,USD,Low Impact Expected,FOMC Member Daly Speaks,,,
4/7/2021 17:45,USD,High Impact Expected,President Biden Speaks,,,
4/7/2021 18:00,USD,High Impact Expected,FOMC Meeting Minutes,,,
4/8/2021 9:00,EUR,Low Impact Expected,PPI m/m,,,
4/8/2021 11:30,EUR,Low Impact Expected,ECB Monetary Policy Meeting Accounts,,,
4/8/2021 16:00,USD,High Impact Expected,Fed Chair Powell Speaks,,,
4/8/2021 19:30,USD,Low Impact Expected,PPI m/m,,,
4/9/2021 12:56,USD,Low Impact Expected,Core PPI m/m,,,
4/11/2021 23:00,USD,High Impact Expected,Fed Chair Powell Speaks,,,
4/12/2021 19:30,USD,High Impact Expected,CPI y/y,,,
4/12/2021 19:30,USD,High Impact Expected,CPI m/m,,,
4/13/2021 12:30,USD,High Impact Expected,Core CPI m/m,,,
4/13/2021 19:15,USD,Low Impact Expected,FOMC Member Bostic Speaks,,,
4/14/2021 14:00,EUR,Medium Impact Expected,ECB President Lagarde Speaks,,,
4/14/2021 16:00,USD,High Impact Expected,Fed Chair Powell Speaks,,,
4/14/2021 18:30,USD,Low Impact Expected,FOMC Member Williams Speaks,,,
4/14/2021 19:30,USD,Medium Impact Expected,Philly Fed Manufacturing Index,,,
4/14/2021 19:45,USD,Low Impact Expected,FOMC Member Clarida Speaks,,,
4/14/2021 20:00,USD,Low Impact Expected,FOMC Member Bostic Speaks,,,
4/15/2021 6:00,EUR,Low Impact Expected,German Final CPI m/m,,,
4/15/2021 6:45,EUR,Low Impact Expected,French Final CPI m/m,,,
4/15/2021 15:30,USD,Low Impact Expected,FOMC Member Bostic Speaks,,,
4/15/2021 18:00,USD,Low Impact Expected,FOMC Member Daly Speaks,,,
4/15/2021 19:30,EUR,Low Impact Expected,Final CPI y/y,,,
4/16/2021 9:00,EUR,Low Impact Expected,Final Core CPI y/y,,,
4/20/2021 6:00,EUR,Low Impact Expected,German PPI m/m,,,
4/21/2021 19:30,EUR,High Impact Expected,ECB Press Conference,,,
4/23/2021 14:35,EUR,Medium Impact Expected,ECB President Lagarde Speaks,,,
4/28/2021 14:00,EUR,Medium Impact Expected,ECB President Lagarde Speaks,,,
4/28/2021 18:00,USD,High Impact Expected,FOMC Statement,,,
4/28/2021 18:30,USD,High Impact Expected,FOMC Press Conference,,,
4/28/2021 19:30,USD,High Impact Expected,President Biden Speaks,,,
4/29/2021 7:00,EUR,Low Impact Expected,Spanish Flash CPI y/y,,,
4/29/2021 19:29,EUR,Low Impact Expected,German Prelim CPI m/m,,,
4/29/2021 19:30,EUR,Low Impact Expected,CPI Flash Estimate y/y,,,
4/29/2021 19:30,EUR,Low Impact Expected,Italian Prelim CPI m/m,,,
4/30/2021 6:45,EUR,Low Impact Expected,French Prelim CPI m/m,,,
4/30/2021 9:00,EUR,Low Impact Expected,Core CPI Flash Estimate y/y,,,
5/3/2021 18:10,USD,Low Impact Expected,FOMC Member Williams Speaks,,,
5/3/2021 18:20,USD,High Impact Expected,Fed Chair Powell Speaks,,,
5/4/2021 17:00,USD,Low Impact Expected,FOMC Member Daly Speaks,,,
5/5/2021 9:00,EUR,Low Impact Expected,PPI m/m,,,
5/5/2021 13:30,USD,Low Impact Expected,FOMC Member Evans Speaks,,,
5/5/2021 19:00,USD,Low Impact Expected,FOMC Member Evans Speaks,,,
5/6/2021 8:00,EUR,Low Impact Expected,ECB Economic Bulletin,,,
5/6/2021 11:15,EUR,Medium Impact Expected,ECB President Lagarde Speaks,,,
5/6/2021 13:00,USD,Low Impact Expected,FOMC Member Williams Speaks,,,
5/6/2021 17:00,USD,Low Impact Expected,FOMC Member Bostic Speaks,,,
5/6/2021 20:00,USD,Low Impact Expected,FOMC Financial Stability Report,,,
5/7/2021 10:00,EUR,Medium Impact Expected,ECB President Lagarde Speaks,,,
5/7/2021 13:00,USD,Low Impact Expected,FOMC Member Barkin Speaks,,,
5/7/2021 15:30,USD,Low Impact Expected,President Biden Speaks,,,
5/7/2021 16:30,USD,High Impact Expected,Treasury Sec Yellen Speaks,,,
5/10/2021 17:15,USD,Low Impact Expected,President Biden Speaks,,,
5/10/2021 18:00,USD,Low Impact Expected,FOMC Member Evans Speaks,,,
5/10/2021 19:30,USD,Low Impact Expected,FOMC Member Williams Speaks,,,
5/11/2021 16:00,USD,Low Impact Expected,FOMC Member Brainard Speaks,,,
5/11/2021 17:00,USD,Low Impact Expected,FOMC Member Daly Speaks,,,
5/11/2021 17:15,USD,Low Impact Expected,FOMC Member Bostic Speaks,,,
5/11/2021 19:30,USD,High Impact Expected,CPI y/y,,,
5/11/2021 19:30,USD,High Impact Expected,CPI m/m,,,
5/12/2021 6:00,EUR,Low Impact Expected,German Final CPI m/m,,,
5/12/2021 6:45,EUR,Low Impact Expected,French Final CPI m/m,,,
5/12/2021 12:30,USD,High Impact Expected,Core CPI m/m,,,
5/12/2021 13:00,USD,Low Impact Expected,FOMC Member Clarida Speaks,,,
5/12/2021 17:00,USD,Low Impact Expected,FOMC Member Bostic Speaks,,,
5/12/2021 19:30,USD,Low Impact Expected,PPI m/m,,,
5/12/2021 19:30,USD,Low Impact Expected,Core PPI m/m,,,
5/13/2021 14:00,USD,Low Impact Expected,FOMC Member Barkin Speaks,,,
5/13/2021 17:00,USD,Low Impact Expected,FOMC Member Waller Speaks,,,
5/14/2021 11:30,EUR,Low Impact Expected,ECB Monetary Policy Meeting Accounts,,,
5/16/2021 19:30,USD,Low Impact Expected,FOMC Member Clarida Speaks,,,
5/17/2021 14:05,USD,Low Impact Expected,FOMC Member Clarida Speaks,,,
5/17/2021 14:25,USD,Low Impact Expected,FOMC Member Bostic Speaks,,,
5/18/2021 16:30,USD,Low Impact Expected,FOMC Member Bostic Speaks,,,
5/18/2021 19:30,EUR,Low Impact Expected,Final CPI y/y,,,
5/19/2021 8:00,EUR,Medium Impact Expected,ECB Financial Stability Review,,,
5/19/2021 9:00,EUR,Low Impact Expected,Final Core CPI y/y,,,
5/19/2021 15:35,USD,Low Impact Expected,FOMC Member Bostic Speaks,,,
5/19/2021 18:00,USD,Medium Impact Expected,FOMC Meeting Minutes,,,
5/19/2021 19:30,USD,Medium Impact Expected,Philly Fed Manufacturing Index,,,
5/20/2021 6:00,EUR,Low Impact Expected,German PPI m/m,,,
5/20/2021 12:00,EUR,Low Impact Expected,ECB President Lagarde Speaks,,,
5/21/2021 11:00,EUR,Medium Impact Expected,ECB President Lagarde Speaks,,,
5/21/2021 17:30,USD,Low Impact Expected,FOMC Member Daly Speaks,,,
5/23/2021 19:30,USD,Low Impact Expected,FOMC Member Brainard Speaks,,,
5/24/2021 16:00,USD,Low Impact Expected,FOMC Member Bostic Speaks,,,
5/24/2021 19:30,USD,Low Impact Expected,FOMC Member Quarles Speaks,,,
5/25/2021 13:40,USD,Low Impact Expected,FOMC Member Evans Speaks,,,
5/26/2021 14:00,USD,Low Impact Expected,FOMC Member Quarles Speaks,,,
5/26/2021 19:00,USD,Low Impact Expected,FOMC Member Quarles Speaks,,,
5/27/2021 12:00,EUR,Low Impact Expected,German Buba President Weidmann Speaks,,,
5/27/2021 19:30,EUR,Low Impact Expected,French Prelim CPI m/m,,,
5/31/2021 7:00,EUR,Low Impact Expected,Spanish Flash CPI y/y,,,
5/31/2021 9:00,EUR,Low Impact Expected,Italian Prelim CPI m/m,,,
5/31/2021 19:29,EUR,Low Impact Expected,German Prelim CPI m/m,,,
5/31/2021 19:30,EUR,Low Impact Expected,CPI Flash Estimate y/y,,,
5/31/2021 19:30,USD,Low Impact Expected,FOMC Member Quarles Speaks,,,
6/1/2021 9:00,EUR,Low Impact Expected,Core CPI Flash Estimate y/y,,,
6/1/2021 18:00,USD,Medium Impact Expected,FOMC Member Brainard Speaks,,,
6/1/2021 19:30,USD,Low Impact Expected,FOMC Member Evans Speaks,,,
6/1/2021 19:30,EUR,Low Impact Expected,PPI m/m,,,
6/1/2021 19:30,USD,Low Impact Expected,FOMC Member Bostic Speaks,,,
6/2/2021 15:45,EUR,Low Impact Expected,German Buba President Weidmann Speaks,,,
6/3/2021 16:30,USD,Low Impact Expected,FOMC Member Bostic Speaks,,,
6/3/2021 19:05,USD,Low Impact Expected,FOMC Member Quarles Speaks,,,
6/3/2021 19:30,USD,High Impact Expected,Fed Chair Powell Speaks,,,
6/4/2021 11:00,EUR,Medium Impact Expected,ECB President Lagarde Speaks,,,
6/4/2021 14:38,USD,Low Impact Expected,President Biden Speaks,,,
6/9/2021 19:30,USD,High Impact Expected,CPI m/m,,,
6/9/2021 19:30,USD,High Impact Expected,Core CPI m/m,,,
6/9/2021 19:30,USD,High Impact Expected,CPI y/y,,,
6/10/2021 12:30,EUR,High Impact Expected,ECB Press Conference,,,
6/14/2021 19:30,USD,Medium Impact Expected,Core PPI m/m,,,
6/14/2021 19:30,USD,High Impact Expected,PPI m/m,,,
6/15/2021 6:00,EUR,Low Impact Expected,German Final CPI m/m,,,
6/15/2021 6:45,EUR,Low Impact Expected,French Final CPI m/m,,,
6/15/2021 19:30,USD,High Impact Expected,FOMC Statement,,,
6/16/2021 14:00,USD,High Impact Expected,Treasury Sec Yellen Speaks,,,
6/16/2021 18:00,USD,High Impact Expected,FOMC Economic Projections,,,
6/16/2021 18:30,USD,High Impact Expected,FOMC Press Conference,,,
6/16/2021 19:30,USD,Medium Impact Expected,Philly Fed Manufacturing Index,,,
6/16/2021 19:30,EUR,Low Impact Expected,Final CPI y/y,,,
6/17/2021 9:00,EUR,Low Impact Expected,Final Core CPI y/y,,,
6/18/2021 6:00,EUR,Low Impact Expected,German PPI m/m,,,
6/21/2021 12:30,EUR,Low Impact Expected,ECB President Lagarde Speaks,,,
6/21/2021 14:15,EUR,High Impact Expected,ECB President Lagarde Speaks,,,
6/21/2021 19:00,USD,Low Impact Expected,FOMC Member Williams Speaks,,,
6/22/2021 15:00,USD,Low Impact Expected,FOMC Member Daly Speaks,,,
6/22/2021 18:00,USD,High Impact Expected,Fed Chair Powell Testifies,,,
6/22/2021 19:30,USD,Low Impact Expected,FOMC Member Bowman Speaks,,,
6/23/2021 15:00,USD,Low Impact Expected,FOMC Member Bostic Speaks,,,
6/23/2021 16:00,EUR,Low Impact Expected,ECB President Lagarde Speaks,,,
6/23/2021 19:30,EUR,Low Impact Expected,ECB Economic Bulletin,,,
6/24/2021 13:30,USD,Low Impact Expected,FOMC Member Bostic Speaks,,,
6/24/2021 15:00,USD,Low Impact Expected,FOMC Member Williams Speaks,,,
6/28/2021 12:00,EUR,Low Impact Expected,German Buba President Weidmann Speaks,,,
6/28/2021 13:00,USD,Low Impact Expected,FOMC Member Williams Speaks,,,
6/28/2021 16:00,USD,Low Impact Expected,FOMC Member Barkin Speaks,,,
6/28/2021 17:10,USD,Low Impact Expected,FOMC Member Quarles Speaks,,,
6/29/2021 7:00,EUR,Low Impact Expected,Spanish Flash CPI y/y,,,
6/29/2021 13:00,USD,Low Impact Expected,FOMC Member Barkin Speaks,,,
6/29/2021 13:40,EUR,Medium Impact Expected,ECB President Lagarde Speaks,,,
6/29/2021 16:00,EUR,Low Impact Expected,German Buba President Weidmann Speaks,,,
6/29/2021 19:29,EUR,Low Impact Expected,German Prelim CPI m/m,,,
6/29/2021 19:30,EUR,Low Impact Expected,French Prelim CPI m/m,,,
6/29/2021 19:30,EUR,Low Impact Expected,Italian Prelim CPI m/m,,,
6/29/2021 19:30,EUR,Low Impact Expected,Core CPI Flash Estimate y/y,,,
6/30/2021 9:00,EUR,Medium Impact Expected,CPI Flash Estimate y/y,,,
6/30/2021 12:00,USD,Low Impact Expected,FOMC Member Bostic Speaks,,,
6/30/2021 17:00,USD,Low Impact Expected,FOMC Member Barkin Speaks,,,
7/1/2021 7:00,EUR,Medium Impact Expected,ECB President Lagarde Speaks,,,
7/1/2021 19:30,EUR,Medium Impact Expected,ECB President Lagarde Speaks,,,
7/2/2021 9:00,EUR,Low Impact Expected,PPI m/m,,,
7/7/2021 18:00,USD,High Impact Expected,FOMC Meeting Minutes,,,
7/7/2021 19:30,USD,Low Impact Expected,FOMC Member Bostic Speaks,,,
7/8/2021 12:30,EUR,Medium Impact Expected,ECB President Lagarde Speaks,,,
7/9/2021 10:00,EUR,Medium Impact Expected,ECB President Lagarde Speaks,,,
7/9/2021 11:30,EUR,Low Impact Expected,ECB Monetary Policy Meeting Accounts,,,
7/9/2021 15:00,USD,Low Impact Expected,Fed Monetary Policy Report,,,
7/11/2021 12:10,EUR,Low Impact Expected,ECB President Lagarde Speaks,,,
7/11/2021 13:20,USD,Low Impact Expected,FOMC Member Quarles Speaks,,,
7/12/2021 13:30,USD,Low Impact Expected,FOMC Member Williams Speaks,,,
7/12/2021 19:30,USD,High Impact Expected,CPI m/m,,,
7/12/2021 19:30,USD,High Impact Expected,CPI y/y,,,
7/13/2021 6:00,EUR,Low Impact Expected,German Final CPI m/m,,,
7/13/2021 6:45,EUR,Low Impact Expected,French Final CPI m/m,,,
7/13/2021 12:30,USD,High Impact Expected,Core CPI m/m,,,
7/13/2021 16:00,USD,Low Impact Expected,FOMC Member Bostic Speaks,,,
7/13/2021 18:30,USD,Low Impact Expected,FOMC Member Bostic Speaks,,,
7/13/2021 19:30,USD,Medium Impact Expected,Core PPI m/m,,,
7/13/2021 19:30,USD,High Impact Expected,PPI m/m,,,
7/14/2021 16:00,USD,High Impact Expected,Fed Chair Powell Testifies,,,
7/14/2021 19:30,USD,High Impact Expected,Fed Chair Powell Testifies,,,
7/15/2021 12:30,USD,Medium Impact Expected,Philly Fed Manufacturing Index,,,
7/15/2021 15:00,USD,Low Impact Expected,FOMC Member Evans Speaks,,,
7/15/2021 19:30,EUR,Low Impact Expected,Final CPI y/y,,,
7/16/2021 9:00,EUR,Low Impact Expected,Final Core CPI y/y,,,
7/19/2021 15:30,USD,Low Impact Expected,President Biden Speaks,,,
7/19/2021 19:30,EUR,Low Impact Expected,German PPI m/m,,,
7/22/2021 12:30,EUR,High Impact Expected,ECB Press Conference,,,
7/28/2021 18:00,USD,High Impact Expected,FOMC Statement,,,
7/28/2021 18:30,USD,High Impact Expected,FOMC Press Conference,,,
7/29/2021 7:00,EUR,Low Impact Expected,Spanish Flash CPI y/y,,,
7/29/2021 11:30,EUR,Low Impact Expected,ECB Monetary Policy Meeting Accounts,,,
7/29/2021 19:29,EUR,Low Impact Expected,German Prelim CPI m/m,,,
7/29/2021 19:30,EUR,Low Impact Expected,CPI Flash Estimate y/y,,,
7/29/2021 19:30,EUR,Low Impact Expected,Italian Prelim CPI m/m,,,
7/30/2021 6:45,EUR,Low Impact Expected,French Prelim CPI m/m,,,
7/30/2021 9:00,EUR,Low Impact Expected,Core CPI Flash Estimate y/y,,,
7/31/2021 0:30,USD,Low Impact Expected,FOMC Member Brainard Speaks,,,
8/3/2021 9:00,EUR,Low Impact Expected,PPI m/m,,,
8/3/2021 18:00,USD,Low Impact Expected,FOMC Member Bowman Speaks,,,
8/3/2021 19:30,USD,Low Impact Expected,FOMC Member Clarida Speaks,,,
8/5/2021 8:00,EUR,Low Impact Expected,ECB Economic Bulletin,,,
8/5/2021 14:00,USD,Medium Impact Expected,FOMC Member Waller Speaks,,,
8/6/2021 14:30,USD,Low Impact Expected,President Biden Speaks,,,
8/9/2021 14:00,USD,Medium Impact Expected,FOMC Member Bostic Speaks,,,
8/9/2021 16:00,USD,Medium Impact Expected,FOMC Member Barkin Speaks,,,
8/10/2021 19:30,USD,Medium Impact Expected,FOMC Member Bostic Speaks,,,
8/10/2021 19:30,USD,High Impact Expected,CPI m/m,,,
8/10/2021 19:30,USD,High Impact Expected,CPI y/y,,,
8/11/2021 6:00,EUR,Low Impact Expected,German Final CPI m/m,,,
8/11/2021 12:30,USD,High Impact Expected,Core CPI m/m,,,
8/11/2021 19:30,USD,Medium Impact Expected,Core PPI m/m,,,
8/12/2021 12:30,USD,High Impact Expected,PPI m/m,,,
8/13/2021 6:45,EUR,Low Impact Expected,French Final CPI m/m,,,
8/16/2021 19:45,USD,Low Impact Expected,President Biden Speaks,,,
8/17/2021 17:30,USD,High Impact Expected,Fed Chair Powell Speaks,,,
8/17/2021 19:30,EUR,Low Impact Expected,Final CPI y/y,,,
8/18/2021 9:00,EUR,Low Impact Expected,Final Core CPI y/y,,,
8/18/2021 18:00,USD,High Impact Expected,FOMC Meeting Minutes,,,
8/19/2021 12:30,USD,Medium Impact Expected,Philly Fed Manufacturing Index,,,
8/20/2021 6:00,EUR,Low Impact Expected,German PPI m/m,,,
8/26/2021 11:30,EUR,Low Impact Expected,ECB Monetary Policy Meeting Accounts,,,
8/26/2021 21:00,USD,Low Impact Expected,President Biden Speaks,,,
8/27/2021 14:00,USD,High Impact Expected,Fed Chair Powell Speaks,,,
8/29/2021 19:30,EUR,Low Impact Expected,Spanish Flash CPI y/y,,,
8/30/2021 19:29,EUR,Low Impact Expected,German Prelim CPI m/m,,,
8/30/2021 19:30,EUR,Low Impact Expected,French Prelim CPI m/m,,,
8/30/2021 19:30,EUR,Low Impact Expected,Italian Prelim CPI m/m,,,
8/30/2021 19:30,EUR,Low Impact Expected,CPI Flash Estimate y/y,,,
8/31/2021 9:00,EUR,Low Impact Expected,Core CPI Flash Estimate y/y,,,
9/1/2021 12:00,EUR,Low Impact Expected,German Buba President Weidmann Speaks,,,
9/1/2021 16:00,USD,Medium Impact Expected,FOMC Member Bostic Speaks,,,
9/2/2021 9:00,EUR,Low Impact Expected,PPI m/m,,,
9/2/2021 17:00,USD,Medium Impact Expected,FOMC Member Bostic Speaks,,,
9/2/2021 19:00,USD,Medium Impact Expected,FOMC Member Daly Speaks,,,
9/3/2021 14:30,USD,Low Impact Expected,President Biden Speaks,,,
9/8/2021 17:10,USD,Medium Impact Expected,FOMC Member Williams Speaks,,,
9/8/2021 19:30,USD,Low Impact Expected,FOMC Member Evans Speaks,,,
9/9/2021 12:30,EUR,High Impact Expected,ECB Press Conference,,,
9/9/2021 15:05,USD,Low Impact Expected,FOMC Member Daly Speaks,,,
9/9/2021 17:00,USD,Low Impact Expected,FOMC Member Bowman Speaks,,,
9/9/2021 18:00,USD,Low Impact Expected,FOMC Member Williams Speaks,,,
9/9/2021 19:30,USD,High Impact Expected,PPI m/m,,,
9/9/2021 19:30,USD,Medium Impact Expected,Core PPI m/m,,,
9/10/2021 6:00,EUR,Low Impact Expected,German Final CPI m/m,,,
9/10/2021 9:30,EUR,Medium Impact Expected,ECB President Lagarde Speaks,,,
9/13/2021 19:30,USD,High Impact Expected,CPI y/y,,,
9/13/2021 19:30,USD,High Impact Expected,CPI m/m,,,
9/13/2021 19:30,USD,High Impact Expected,Core CPI m/m,,,
9/14/2021 7:35,EUR,Low Impact Expected,German Buba President Weidmann Speaks,,,
9/15/2021 6:45,EUR,Low Impact Expected,French Final CPI m/m,,,
9/15/2021 19:30,USD,Medium Impact Expected,Philly Fed Manufacturing Index,,,
9/16/2021 12:00,EUR,Medium Impact Expected,ECB President Lagarde Speaks,,,
9/16/2021 19:30,EUR,Low Impact Expected,Final CPI y/y,,,
9/17/2021 9:00,EUR,Low Impact Expected,Final Core CPI y/y,,,
9/20/2021 6:00,EUR,Low Impact Expected,German PPI m/m,,,
9/21/2021 20:30,USD,High Impact Expected,FOMC Statement,,,
9/22/2021 18:00,USD,High Impact Expected,FOMC Economic Projections,,,
9/22/2021 18:30,USD,High Impact Expected,FOMC Press Conference,,,
9/22/2021 20:30,EUR,Low Impact Expected,ECB Economic Bulletin,,,
9/24/2021 14:00,USD,High Impact Expected,Fed Chair Powell Speaks,,,
9/25/2021 11:00,USD,Medium Impact Expected,FOMC Member Williams Speaks,,,
9/27/2021 11:45,EUR,Medium Impact Expected,ECB President Lagarde Speaks,,,
9/27/2021 12:00,USD,Medium Impact Expected,FOMC Member Evans Speaks,,,
9/27/2021 13:00,USD,Low Impact Expected,FOMC Member Williams Speaks,,,
9/27/2021 16:00,USD,Medium Impact Expected,FOMC Member Williams Speaks,,,
9/27/2021 16:50,USD,Medium Impact Expected,FOMC Member Brainard Speaks,,,
9/28/2021 12:00,EUR,Low Impact Expected,ECB President Lagarde Speaks,,,
9/28/2021 13:00,USD,Low Impact Expected,FOMC Member Evans Speaks,,,
9/28/2021 14:00,USD,High Impact Expected,Fed Chair Powell Testifies,,,
9/28/2021 17:40,USD,Medium Impact Expected,FOMC Member Bowman Speaks,,,
9/28/2021 19:00,USD,Medium Impact Expected,FOMC Member Bostic Speaks,,,
9/28/2021 20:30,USD,High Impact Expected,Fed Chair Powell Speaks,,,
9/29/2021 7:00,EUR,Low Impact Expected,Spanish Flash CPI y/y,,,
9/29/2021 15:45,EUR,Medium Impact Expected,ECB President Lagarde Speaks,,,
9/29/2021 18:00,USD,Low Impact Expected,FOMC Member Bostic Speaks,,,
9/29/2021 20:30,USD,Medium Impact Expected,FOMC Member Williams Speaks,,,
9/29/2021 20:30,EUR,Low Impact Expected,French Prelim CPI m/m,,,
9/30/2021 9:00,EUR,Low Impact Expected,Italian Prelim CPI m/m,,,
9/30/2021 14:00,USD,High Impact Expected,Fed Chair Powell Testifies,,,
9/30/2021 15:00,USD,Medium Impact Expected,FOMC Member Bostic Speaks,,,
9/30/2021 16:30,USD,Medium Impact Expected,FOMC Member Evans Speaks,,,
9/30/2021 20:29,EUR,Low Impact Expected,German Prelim CPI m/m,,,
9/30/2021 20:30,EUR,Low Impact Expected,CPI Flash Estimate y/y,,,
10/1/2021 9:00,EUR,Low Impact Expected,Core CPI Flash Estimate y/y,,,
10/4/2021 15:15,USD,Low Impact Expected,President Biden Speaks,,,
10/5/2021 9:00,EUR,Low Impact Expected,PPI m/m,,,
10/5/2021 16:15,EUR,Medium Impact Expected,ECB President Lagarde Speaks,,,
10/5/2021 17:15,USD,Medium Impact Expected,FOMC Member Quarles Speaks,,,
10/6/2021 13:00,USD,Low Impact Expected,FOMC Member Bostic Speaks,,,
10/6/2021 15:30,USD,Low Impact Expected,FOMC Member Bostic Speaks,,,
10/7/2021 11:30,EUR,Low Impact Expected,ECB Monetary Policy Meeting Accounts,,,
10/7/2021 12:40,USD,Low Impact Expected,FOMC Member Williams Speaks,,,
10/7/2021 20:30,USD,Medium Impact Expected,Treasury Sec Yellen Speaks,,,
10/8/2021 12:05,EUR,Medium Impact Expected,ECB President Lagarde Speaks,,,
10/8/2021 15:30,USD,Low Impact Expected,President Biden Speaks,,,
10/11/2021 22:00,USD,Low Impact Expected,FOMC Member Evans Speaks,,,
10/12/2021 15:15,USD,Medium Impact Expected,FOMC Member Clarida Speaks,,,
10/12/2021 16:30,USD,Low Impact Expected,FOMC Member Bostic Speaks,,,
10/12/2021 20:30,USD,High Impact Expected,CPI y/y,,,
10/12/2021 20:30,USD,High Impact Expected,CPI m/m,,,
10/13/2021 6:00,EUR,Low Impact Expected,German Final CPI m/m,,,
10/13/2021 12:30,USD,High Impact Expected,Core CPI m/m,,,
10/13/2021 18:00,USD,High Impact Expected,FOMC Meeting Minutes,,,
10/13/2021 20:30,USD,High Impact Expected,PPI m/m,,,
10/13/2021 20:30,USD,Medium Impact Expected,Core PPI m/m,,,
10/13/2021 20:30,USD,Medium Impact Expected,FOMC Member Brainard Speaks,,,
10/13/2021 20:30,USD,Medium Impact Expected,FOMC Member Bowman Speaks,,,
10/14/2021 14:00,USD,Low Impact Expected,FOMC Member Bostic Speaks,,,
10/14/2021 17:00,USD,Medium Impact Expected,FOMC Member Barkin Speaks,,,
10/15/2021 6:45,EUR,Low Impact Expected,French Final CPI m/m,,,
10/15/2021 16:20,USD,Medium Impact Expected,FOMC Member Williams Speaks,,,
10/16/2021 14:00,EUR,Low Impact Expected,ECB President Lagarde Speaks,,,
10/18/2021 9:30,USD,Low Impact Expected,FOMC Member Quarles Speaks,,,
10/19/2021 15:00,USD,Low Impact Expected,FOMC Member Daly Speaks,,,
10/19/2021 17:15,USD,Medium Impact Expected,FOMC Member Bowman Speaks,,,
10/19/2021 18:50,USD,Low Impact Expected,FOMC Member Bostic Speaks,,,
10/19/2021 19:00,USD,Medium Impact Expected,FOMC Member Waller Speaks,,,
10/19/2021 20:30,EUR,Low Impact Expected,Final CPI y/y,,,
10/20/2021 6:00,EUR,Low Impact Expected,German PPI m/m,,,
10/20/2021 9:00,EUR,Low Impact Expected,Final Core CPI y/y,,,
10/20/2021 16:00,USD,Low Impact Expected,FOMC Member Evans Speaks,,,
10/20/2021 17:00,USD,Low Impact Expected,FOMC Member Quarles Speaks,,,
10/20/2021 20:30,USD,Medium Impact Expected,Philly Fed Manufacturing Index,,,
10/21/2021 13:00,USD,Medium Impact Expected,FOMC Member Waller Speaks,,,
10/22/2021 14:00,USD,Low Impact Expected,FOMC Member Daly Speaks,,,
10/22/2021 15:00,USD,High Impact Expected,Fed Chair Powell Speaks,,,
10/28/2021 7:00,EUR,Low Impact Expected,Spanish Flash CPI y/y,,,
10/28/2021 12:30,EUR,High Impact Expected,ECB Press Conference,,,
10/28/2021 15:15,USD,Low Impact Expected,President Biden Speaks,,,
10/28/2021 20:29,EUR,Low Impact Expected,German Prelim CPI m/m,,,
10/28/2021 20:30,EUR,Low Impact Expected,Italian Prelim CPI m/m,,,
10/28/2021 20:30,EUR,Low Impact Expected,CPI Flash Estimate y/y,,,
10/29/2021 6:45,EUR,Low Impact Expected,French Prelim CPI m/m,,,
10/29/2021 9:00,EUR,Low Impact Expected,Core CPI Flash Estimate y/y,,,
11/2/2021 20:30,USD,High Impact Expected,FOMC Statement,,,
11/3/2021 10:00,EUR,Medium Impact Expected,ECB President Lagarde Speaks,,,
11/3/2021 18:30,USD,High Impact Expected,FOMC Press Conference,,,
11/3/2021 20:30,EUR,Low Impact Expected,PPI m/m,,,
11/4/2021 13:00,EUR,Medium Impact Expected,ECB President Lagarde Speaks,,,
11/7/2021 20:30,USD,Medium Impact Expected,FOMC Member Bowman Speaks,,,
11/8/2021 14:00,USD,Medium Impact Expected,FOMC Member Clarida Speaks,,,
11/8/2021 15:30,USD,High Impact Expected,Fed Chair Powell Speaks,,,
11/8/2021 15:55,USD,Low Impact Expected,FOMC Member Williams Speaks,,,
11/8/2021 18:50,USD,Medium Impact Expected,FOMC Member Evans Speaks,,,
11/8/2021 20:30,USD,Medium Impact Expected,Core PPI m/m,,,
11/8/2021 21:00,USD,Low Impact Expected,FOMC Financial Stability Report,,,
11/9/2021 13:00,EUR,Medium Impact Expected,ECB President Lagarde Speaks,,,
11/9/2021 13:30,USD,High Impact Expected,PPI m/m,,,
11/9/2021 14:00,USD,High Impact Expected,Fed Chair Powell Speaks,,,
11/9/2021 16:35,USD,Low Impact Expected,FOMC Member Daly Speaks,,,
11/9/2021 20:30,USD,High Impact Expected,Core CPI m/m,,,
11/9/2021 20:30,USD,High Impact Expected,CPI y/y,,,
11/9/2021 20:30,USD,High Impact Expected,CPI m/m,,,
11/10/2021 7:00,EUR,Low Impact Expected,German Final CPI m/m,,,
11/10/2021 9:00,EUR,Low Impact Expected,German Buba President Weidmann Speaks,,,
11/11/2021 9:00,EUR,Low Impact Expected,ECB Economic Bulletin,,,
11/12/2021 17:10,USD,Medium Impact Expected,FOMC Member Williams Speaks,,,
11/15/2021 10:00,EUR,Medium Impact Expected,ECB President Lagarde Speaks,,,
11/15/2021 20:30,USD,Low Impact Expected,FOMC Member Bostic Speaks,,,
11/16/2021 0:45,USD,Low Impact Expected,President Biden Speaks,,,
11/16/2021 7:45,EUR,Low Impact Expected,French Final CPI m/m,,,
11/16/2021 16:10,EUR,Low Impact Expected,ECB President Lagarde Speaks,,,
11/16/2021 18:30,USD,Low Impact Expected,FOMC Member Barkin Speaks,,,
11/16/2021 20:30,EUR,Low Impact Expected,Final CPI y/y,,,
11/16/2021 20:30,USD,Low Impact Expected,FOMC Member Waller Speaks,,,
11/16/2021 20:30,USD,Low Impact Expected,FOMC Member Daly Speaks,,,
11/17/2021 1:20,EUR,Low Impact Expected,ECB President Lagarde Speaks,,,
11/17/2021 9:00,EUR,Medium Impact Expected,ECB Financial Stability Review,,,
11/17/2021 10:00,EUR,Low Impact Expected,Final Core CPI y/y,,,
11/17/2021 14:10,USD,Medium Impact Expected,FOMC Member Williams Speaks,,,
11/17/2021 16:00,USD,Low Impact Expected,FOMC Member Bowman Speaks,,,
11/17/2021 17:40,USD,Low Impact Expected,FOMC Member Daly Speaks,,,
11/17/2021 20:30,USD,Medium Impact Expected,Philly Fed Manufacturing Index,,,
11/17/2021 21:05,USD,Medium Impact Expected,FOMC Member Evans Speaks,,,
11/17/2021 21:10,USD,Low Impact Expected,FOMC Member Bostic Speaks,,,
11/18/2021 13:00,USD,Low Impact Expected,FOMC Member Bostic Speaks,,,
11/18/2021 14:30,USD,Medium Impact Expected,FOMC Member Williams Speaks,,,
11/18/2021 19:00,USD,Medium Impact Expected,FOMC Member Evans Speaks,,,
11/18/2021 20:30,USD,Low Impact Expected,FOMC Member Daly Speaks,,,
11/19/2021 7:00,EUR,Low Impact Expected,German PPI m/m,,,
11/19/2021 8:30,EUR,Medium Impact Expected,ECB President Lagarde Speaks,,,
11/19/2021 13:00,EUR,Low Impact Expected,German Buba President Weidmann Speaks,,,
11/19/2021 15:45,USD,Medium Impact Expected,FOMC Member Waller Speaks,,,
11/19/2021 17:15,USD,Medium Impact Expected,FOMC Member Clarida Speaks,,,
11/22/2021 18:20,USD,Low Impact Expected,President Biden Speaks,,,
11/24/2021 19:00,USD,High Impact Expected,FOMC Meeting Minutes,,,
11/25/2021 12:30,EUR,Low Impact Expected,ECB Monetary Policy Meeting Accounts,,,
11/25/2021 13:30,EUR,Medium Impact Expected,ECB President Lagarde Speaks,,,
11/25/2021 20:30,EUR,Medium Impact Expected,ECB President Lagarde Speaks,,,
11/29/2021 8:00,EUR,Low Impact Expected,Spanish Flash CPI y/y,,,
11/29/2021 17:15,EUR,Low Impact Expected,ECB President Lagarde Speaks,,,
11/29/2021 20:00,USD,Low Impact Expected,FOMC Member Williams Speaks,,,
11/29/2021 20:05,USD,Medium Impact Expected,Fed Chair Powell Speaks,,,
11/29/2021 20:29,EUR,Low Impact Expected,German Prelim CPI m/m,,,
11/29/2021 20:30,EUR,Low Impact Expected,French Prelim CPI m/m,,,
11/29/2021 20:30,EUR,Low Impact Expected,Italian Prelim CPI m/m,,,
11/29/2021 20:30,USD,Medium Impact Expected,Treasury Sec Yellen Speaks,,,
11/29/2021 20:30,USD,Low Impact Expected,FOMC Member Bowman Speaks,,,
11/29/2021 20:30,EUR,Low Impact Expected,CPI Flash Estimate y/y,,,
11/30/2021 10:00,EUR,Low Impact Expected,Core CPI Flash Estimate y/y,,,
11/30/2021 15:00,USD,High Impact Expected,Fed Chair Powell Testifies,,,
11/30/2021 15:30,USD,Low Impact Expected,FOMC Member Williams Speaks,,,
11/30/2021 18:00,USD,Medium Impact Expected,FOMC Member Clarida Speaks,,,
11/30/2021 20:30,USD,Medium Impact Expected,Treasury Sec Yellen Speaks,,,
12/1/2021 15:00,USD,High Impact Expected,Fed Chair Powell Testifies,,,
12/1/2021 20:30,USD,Low Impact Expected,FOMC Member Bostic Speaks,,,
12/1/2021 20:30,USD,Low Impact Expected,FOMC Member Bostic Speaks,,,
12/1/2021 20:30,USD,Low Impact Expected,FOMC Member Daly Speaks,,,
12/2/2021 10:00,EUR,Low Impact Expected,PPI m/m,,,
12/2/2021 14:00,USD,Medium Impact Expected,Treasury Sec Yellen Speaks,,,
12/2/2021 16:00,USD,Low Impact Expected,FOMC Member Quarles Speaks,,,
12/2/2021 16:30,USD,Medium Impact Expected,FOMC Member Barkin Speaks,,,
12/3/2021 8:30,EUR,Medium Impact Expected,ECB President Lagarde Speaks,,,
12/8/2021 8:15,EUR,Medium Impact Expected,ECB President Lagarde Speaks,,,
12/9/2021 20:30,USD,High Impact Expected,Core CPI m/m,,,
12/9/2021 20:30,USD,High Impact Expected,CPI y/y,,,
12/9/2021 20:30,USD,High Impact Expected,CPI m/m,,,
12/10/2021 7:00,EUR,Low Impact Expected,German Final CPI m/m,,,
12/10/2021 9:05,EUR,Medium Impact Expected,ECB President Lagarde Speaks,,,
12/13/2021 20:30,USD,Medium Impact Expected,Core PPI m/m,,,
12/14/2021 13:30,USD,High Impact Expected,PPI m/m,,,
12/14/2021 20:30,USD,High Impact Expected,FOMC Economic Projections,,,
12/14/2021 20:30,USD,High Impact Expected,FOMC Statement,,,
12/15/2021 7:45,EUR,Low Impact Expected,French Final CPI m/m,,,
12/15/2021 19:30,USD,High Impact Expected,FOMC Press Conference,,,
12/15/2021 20:30,USD,Medium Impact Expected,Philly Fed Manufacturing Index,,,
12/15/2021 20:30,EUR,High Impact Expected,ECB Press Conference,,,
12/16/2021 20:30,EUR,Low Impact Expected,Final CPI y/y,,,
12/17/2021 7:00,EUR,Low Impact Expected,German PPI m/m,,,
12/17/2021 10:00,EUR,Low Impact Expected,Final Core CPI y/y,,,
12/17/2021 18:00,USD,Medium Impact Expected,FOMC Member Waller Speaks,,,
12/29/2021 20:30,EUR,Low Impact Expected,Spanish Flash CPI y/y,,,
1/4/2022 7:45,EUR,Low Impact Expected,French Prelim CPI m/m,,,
1/5/2022 10:00,EUR,Low Impact Expected,Italian Prelim CPI m/m,,,
1/5/2022 19:00,USD,High Impact Expected,FOMC Meeting Minutes,,,
1/6/2022 10:00,EUR,Low Impact Expected,PPI m/m,,,
1/6/2022 20:29,EUR,Low Impact Expected,German Prelim CPI m/m,,,
1/6/2022 20:30,EUR,Low Impact Expected,CPI Flash Estimate y/y,,,
1/7/2022 10:00,EUR,Low Impact Expected,Core CPI Flash Estimate y/y,,,
1/11/2022 10:20,EUR,Medium Impact Expected,ECB President Lagarde Speaks,,,
1/11/2022 14:12,USD,Low Impact Expected,FOMC Member Mester Speaks,,,
1/11/2022 14:30,USD,Low Impact Expected,FOMC Member George Speaks,,,
1/11/2022 15:00,USD,High Impact Expected,Fed Chair Powell Testifies,,,
1/11/2022 20:30,USD,High Impact Expected,CPI y/y,,,
1/11/2022 20:30,USD,High Impact Expected,CPI m/m,,,
1/12/2022 13:30,USD,High Impact Expected,Core CPI m/m,,,
1/12/2022 20:30,USD,Medium Impact Expected,Core PPI m/m,,,
1/13/2022 9:00,EUR,Low Impact Expected,ECB Economic Bulletin,,,
1/13/2022 13:30,USD,High Impact Expected,PPI m/m,,,
1/13/2022 15:00,USD,Medium Impact Expected,FOMC Member Brainard Speaks,,,
1/14/2022 7:45,EUR,Low Impact Expected,French Final CPI m/m,,,
1/14/2022 13:15,EUR,Medium Impact Expected,ECB President Lagarde Speaks,,,
1/14/2022 16:00,USD,Low Impact Expected,FOMC Member Williams Speaks,,,
1/19/2022 7:00,EUR,Low Impact Expected,German Final CPI m/m,,,
1/19/2022 20:30,EUR,Low Impact Expected,Final CPI y/y,,,
1/20/2022 7:00,EUR,Low Impact Expected,German PPI m/m,,,
1/20/2022 10:00,EUR,Low Impact Expected,Final Core CPI y/y,,,
1/20/2022 12:30,EUR,Low Impact Expected,ECB Monetary Policy Meeting Accounts,,,
1/20/2022 13:30,USD,Medium Impact Expected,Philly Fed Manufacturing Index,,,
1/21/2022 12:30,EUR,Medium Impact Expected,ECB President Lagarde Speaks,,,
1/21/2022 16:30,USD,Medium Impact Expected,Treasury Sec Yellen Speaks,,,
1/25/2022 20:30,USD,High Impact Expected,FOMC Statement,,,
1/26/2022 19:30,USD,High Impact Expected,FOMC Press Conference,,,
1/31/2022 8:00,EUR,Low Impact Expected,Spanish Flash CPI y/y,,,
1/31/2022 17:40,USD,Medium Impact Expected,FOMC Member George Speaks,,,
1/31/2022 20:29,EUR,Low Impact Expected,German Prelim CPI m/m,,,
2/1/2022 7:45,EUR,Low Impact Expected,French Prelim CPI m/m,,,
2/1/2022 20:30,EUR,Low Impact Expected,CPI Flash Estimate y/y,,,
2/1/2022 20:30,EUR,Low Impact Expected,Italian Prelim CPI m/m,,,
2/2/2022 10:00,EUR,Low Impact Expected,Core CPI Flash Estimate y/y,,,
2/3/2022 10:00,EUR,Low Impact Expected,PPI m/m,,,
2/3/2022 13:30,EUR,High Impact Expected,ECB Press Conference,,,
2/4/2022 15:45,USD,Low Impact Expected,President Biden Speaks,,,
2/7/2022 15:45,EUR,Medium Impact Expected,ECB President Lagarde Speaks,,,
2/8/2022 20:30,USD,Medium Impact Expected,FOMC Member Mester Speaks,,,
2/8/2022 20:30,USD,Low Impact Expected,FOMC Member Bowman Speaks,,,
2/9/2022 20:30,USD,High Impact Expected,CPI y/y,,,
2/9/2022 20:30,USD,High Impact Expected,CPI m/m,,,
2/10/2022 13:30,USD,High Impact Expected,Core CPI m/m,,,
2/11/2022 7:00,EUR,Low Impact Expected,German Final CPI m/m,,,
2/14/2022 13:30,USD,High Impact Expected,FOMC Member Bullard Speaks,,,
2/14/2022 16:15,EUR,Medium Impact Expected,ECB President Lagarde Speaks,,,
2/14/2022 20:30,USD,Medium Impact Expected,Core PPI m/m,,,
2/15/2022 13:30,USD,High Impact Expected,PPI m/m,,,
2/15/2022 20:30,USD,Low Impact Expected,President Biden Speaks,,,
2/16/2022 19:00,USD,High Impact Expected,FOMC Meeting Minutes,,,
2/16/2022 20:30,USD,Medium Impact Expected,Philly Fed Manufacturing Index,,,
2/17/2022 9:00,EUR,Low Impact Expected,ECB Economic Bulletin,,,
2/17/2022 16:00,USD,Medium Impact Expected,FOMC Member Bullard Speaks,,,
2/17/2022 22:00,USD,Medium Impact Expected,FOMC Member Mester Speaks,,,
2/18/2022 7:45,EUR,Low Impact Expected,French Final CPI m/m,,,
2/18/2022 15:45,USD,Medium Impact Expected,FOMC Member Waller Speaks,,,
2/18/2022 16:00,USD,Low Impact Expected,FOMC Member Williams Speaks,,,
2/18/2022 18:30,USD,Medium Impact Expected,FOMC Member Brainard Speaks,,,
2/18/2022 21:00,USD,Low Impact Expected,President Biden Speaks,,,
2/21/2022 7:00,EUR,Low Impact Expected,German PPI m/m,,,
2/21/2022 16:15,USD,Low Impact Expected,FOMC Member Bowman Speaks,,,
2/22/2022 19:00,USD,Low Impact Expected,President Biden Speaks,,,
2/22/2022 20:30,EUR,Low Impact Expected,Final CPI y/y,,,
2/23/2022 10:00,EUR,Low Impact Expected,Final Core CPI y/y,,,
2/24/2022 17:00,USD,Medium Impact Expected,FOMC Member Mester Speaks,,,
2/24/2022 18:30,USD,Low Impact Expected,President Biden Speaks,,,
2/24/2022 20:30,EUR,Low Impact Expected,French Prelim CPI m/m,,,
2/25/2022 1:25,USD,Medium Impact Expected,FOMC Member Waller Speaks,,,
2/25/2022 14:00,EUR,Medium Impact Expected,ECB President Lagarde Speaks,,,
2/25/2022 16:00,USD,Low Impact Expected,Fed Monetary Policy Report,,,
2/27/2022 20:30,EUR,Low Impact Expected,Spanish Flash CPI y/y,,,
3/1/2022 10:00,EUR,Low Impact Expected,Italian Prelim CPI m/m,,,
3/1/2022 20:29,EUR,Low Impact Expected,German Prelim CPI m/m,,,
3/1/2022 20:30,EUR,Medium Impact Expected,CPI Flash Estimate y/y,,,
3/1/2022 20:30,USD,High Impact Expected,Fed Chair Powell Testifies,,,
3/2/2022 2:00,USD,Low Impact Expected,President Biden Speaks,,,
3/2/2022 10:00,EUR,Medium Impact Expected,Core CPI Flash Estimate y/y,,,
3/2/2022 14:30,USD,Medium Impact Expected,FOMC Member Bullard Speaks,,,
3/3/2022 10:00,EUR,Low Impact Expected,PPI m/m,,,
3/3/2022 12:30,EUR,Low Impact Expected,ECB Monetary Policy Meeting Accounts,,,
3/3/2022 15:00,USD,High Impact Expected,Fed Chair Powell Testifies,,,
3/3/2022 23:00,USD,Low Impact Expected,FOMC Member Williams Speaks,,,
3/8/2022 15:45,USD,Low Impact Expected,President Biden Speaks,,,
3/9/2022 20:30,USD,High Impact Expected,CPI m/m,,,
3/9/2022 20:30,USD,High Impact Expected,Core CPI m/m,,,
3/10/2022 12:30,USD,High Impact Expected,CPI y/y,,,
3/10/2022 13:30,EUR,High Impact Expected,ECB Press Conference,,,
3/11/2022 7:00,EUR,Low Impact Expected,German Final CPI m/m,,,
3/14/2022 20:30,USD,High Impact Expected,PPI m/m,,,
3/14/2022 20:30,USD,Medium Impact Expected,Core PPI m/m,,,
3/15/2022 7:45,EUR,Low Impact Expected,French Final CPI m/m,,,
3/15/2022 15:15,EUR,Medium Impact Expected,ECB President Lagarde Speaks,,,
3/15/2022 20:30,USD,High Impact Expected,FOMC Statement,,,
3/15/2022 20:30,USD,High Impact Expected,FOMC Economic Projections,,,
3/16/2022 16:30,USD,Low Impact Expected,President Biden Speaks,,,
3/16/2022 18:30,USD,High Impact Expected,FOMC Press Conference,,,
3/16/2022 20:30,EUR,Low Impact Expected,Final CPI y/y,,,
3/17/2022 9:30,EUR,Medium Impact Expected,ECB President Lagarde Speaks,,,
3/17/2022 10:00,EUR,Low Impact Expected,Final Core CPI y/y,,,
3/17/2022 12:30,USD,Medium Impact Expected,Philly Fed Manufacturing Index,,,
3/18/2022 18:00,USD,Low Impact Expected,FOMC Member Bowman Speaks,,,
3/21/2022 7:00,EUR,Low Impact Expected,German PPI m/m,,,
3/21/2022 7:30,EUR,Medium Impact Expected,ECB President Lagarde Speaks,,,
3/21/2022 16:30,USD,High Impact Expected,Fed Chair Powell Speaks,,,
3/22/2022 13:15,EUR,Medium Impact Expected,ECB President Lagarde Speaks,,,
3/22/2022 14:35,USD,Low Impact Expected,FOMC Member Williams Speaks,,,
3/22/2022 19:30,USD,High Impact Expected,Fed Chair Powell Speaks,,,
3/22/2022 21:00,USD,Medium Impact Expected,FOMC Member Mester Speaks,,,
3/23/2022 19:00,USD,Medium Impact Expected,FOMC Member Bullard Speaks,,,
3/24/2022 1:05,USD,Medium Impact Expected,FOMC Member Bullard Speaks,,,
3/24/2022 9:00,EUR,Low Impact Expected,ECB Economic Bulletin,,,
3/24/2022 13:10,USD,Medium Impact Expected,FOMC Member Waller Speaks,,,
3/24/2022 17:30,USD,Low Impact Expected,President Biden Speaks,,,
3/24/2022 19:30,USD,Low Impact Expected,FOMC Member Williams Speaks,,,
3/25/2022 16:00,USD,Low Impact Expected,FOMC Member Waller Speaks,,,
3/29/2022 13:00,USD,Low Impact Expected,FOMC Member Williams Speaks,,,
3/29/2022 19:30,EUR,Medium Impact Expected,ECB President Lagarde Speaks,,,
3/29/2022 19:30,EUR,Low Impact Expected,Spanish Flash CPI y/y,,,
3/30/2022 17:00,USD,Medium Impact Expected,FOMC Member George Speaks,,,
3/30/2022 19:29,EUR,Low Impact Expected,German Prelim CPI m/m,,,
3/30/2022 19:30,EUR,Low Impact Expected,French Prelim CPI m/m,,,
3/31/2022 9:00,EUR,Low Impact Expected,Italian Prelim CPI m/m,,,
3/31/2022 13:00,USD,Low Impact Expected,FOMC Member Williams Speaks,,,
3/31/2022 17:30,USD,Low Impact Expected,President Biden Speaks,,,
3/31/2022 19:30,EUR,Low Impact Expected,Core CPI Flash Estimate y/y,,,
4/1/2022 9:00,EUR,Medium Impact Expected,CPI Flash Estimate y/y,,,
4/1/2022 14:45,USD,Low Impact Expected,President Biden Speaks,,,
4/2/2022 17:00,USD,Low Impact Expected,FOMC Member Williams Speaks,,,
4/5/2022 14:05,USD,Medium Impact Expected,FOMC Member Brainard Speaks,,,
4/5/2022 18:00,USD,Low Impact Expected,FOMC Member Williams Speaks,,,
4/5/2022 19:30,USD,Medium Impact Expected,Treasury Sec Yellen Speaks,,,
4/6/2022 9:00,EUR,Low Impact Expected,PPI m/m,,,
4/6/2022 18:00,USD,High Impact Expected,FOMC Meeting Minutes,,,
4/7/2022 11:30,EUR,Low Impact Expected,ECB Monetary Policy Meeting Accounts,,,
4/7/2022 13:00,USD,Medium Impact Expected,FOMC Member Bullard Speaks,,,
4/7/2022 14:30,USD,Medium Impact Expected,Treasury Sec Yellen Speaks,,,
4/11/2022 13:30,USD,Low Impact Expected,FOMC Member Bowman Speaks,,,
4/11/2022 19:30,USD,High Impact Expected,CPI m/m,,,
4/11/2022 19:30,USD,High Impact Expected,CPI y/y,,,
4/12/2022 6:00,EUR,Low Impact Expected,German Final CPI m/m,,,
4/12/2022 12:30,USD,High Impact Expected,Core CPI m/m,,,
4/12/2022 16:10,USD,Medium Impact Expected,FOMC Member Brainard Speaks,,,
4/12/2022 19:30,USD,Medium Impact Expected,Core PPI m/m,,,
4/13/2022 12:30,USD,High Impact Expected,PPI m/m,,,
4/13/2022 19:30,EUR,High Impact Expected,ECB Press Conference,,,
4/14/2022 19:50,USD,Medium Impact Expected,FOMC Member Mester Speaks,,,
4/15/2022 6:45,EUR,Low Impact Expected,French Final CPI m/m,,,
4/18/2022 19:30,USD,Medium Impact Expected,FOMC Member Bullard Speaks,,,
4/19/2022 19:30,EUR,Low Impact Expected,German Buba President Nagel Speaks,,,
4/20/2022 6:00,EUR,Low Impact Expected,German PPI m/m,,,
4/20/2022 19:30,EUR,Low Impact Expected,Final CPI y/y,,,
4/20/2022 19:30,USD,High Impact Expected,Fed Chair Powell Speaks,,,
4/21/2022 9:00,EUR,Low Impact Expected,Final Core CPI y/y,,,
4/21/2022 12:30,USD,Medium Impact Expected,Philly Fed Manufacturing Index,,,
4/21/2022 15:00,USD,Medium Impact Expected,Fed Chair Powell Speaks,,,
4/21/2022 17:00,EUR,Medium Impact Expected,ECB President Lagarde Speaks,,,
4/22/2022 13:00,EUR,Medium Impact Expected,ECB President Lagarde Speaks,,,
4/27/2022 16:00,EUR,Medium Impact Expected,ECB President Lagarde Speaks,,,
4/28/2022 7:00,EUR,Low Impact Expected,Spanish Flash CPI y/y,,,
4/28/2022 8:00,EUR,Low Impact Expected,ECB Economic Bulletin,,,
4/28/2022 19:29,EUR,Low Impact Expected,German Prelim CPI m/m,,,
4/28/2022 19:30,EUR,Low Impact Expected,Italian Prelim CPI m/m,,,
4/28/2022 19:30,EUR,Low Impact Expected,Core CPI Flash Estimate y/y,,,
4/29/2022 6:45,EUR,Low Impact Expected,French Prelim CPI m/m,,,
4/29/2022 9:00,EUR,Medium Impact Expected,CPI Flash Estimate y/y,,,
5/3/2022 9:00,EUR,Low Impact Expected,PPI m/m,,,
5/3/2022 13:00,EUR,Medium Impact Expected,ECB President Lagarde Speaks,,,
5/3/2022 19:30,USD,High Impact Expected,FOMC Statement,,,
5/4/2022 15:00,USD,Low Impact Expected,President Biden Speaks,,,
5/4/2022 18:30,USD,High Impact Expected,FOMC Press Conference,,,
5/6/2022 9:30,EUR,Low Impact Expected,German Buba President Nagel Speaks,,,
5/6/2022 13:15,USD,Low Impact Expected,FOMC Member Williams Speaks,,,
5/6/2022 19:30,USD,Medium Impact Expected,FOMC Member Waller Speaks,,,
5/6/2022 23:15,USD,Medium Impact Expected,FOMC Member Bullard Speaks,,,
5/9/2022 20:00,USD,Low Impact Expected,FOMC Financial Stability Report,,,
5/10/2022 11:40,USD,Low Impact Expected,FOMC Member Williams Speaks,,,
5/10/2022 13:45,USD,Medium Impact Expected,Treasury Sec Yellen Speaks,,,
5/10/2022 14:00,EUR,Low Impact Expected,German Buba President Nagel Speaks,,,
5/10/2022 15:30,USD,Low Impact Expected,President Biden Speaks,,,
5/10/2022 17:00,USD,Medium Impact Expected,FOMC Member Waller Speaks,,,
5/10/2022 19:00,USD,Medium Impact Expected,FOMC Member Mester Speaks,,,
5/10/2022 19:30,USD,High Impact Expected,CPI m/m,,,
5/10/2022 19:30,USD,High Impact Expected,CPI y/y,,,
5/11/2022 6:00,EUR,Low Impact Expected,German Final CPI m/m,,,
5/11/2022 7:15,EUR,Low Impact Expected,German Buba President Nagel Speaks,,,
5/11/2022 8:00,EUR,Medium Impact Expected,ECB President Lagarde Speaks,,,
5/11/2022 12:30,USD,High Impact Expected,Core CPI m/m,,,
5/11/2022 17:15,USD,Low Impact Expected,President Biden Speaks,,,
5/11/2022 19:30,USD,Medium Impact Expected,Core PPI m/m,,,
5/12/2022 12:30,USD,High Impact Expected,PPI m/m,,,
5/12/2022 14:00,USD,Medium Impact Expected,Treasury Sec Yellen Speaks,,,
5/13/2022 6:45,EUR,Low Impact Expected,French Final CPI m/m,,,
5/13/2022 16:00,USD,Medium Impact Expected,FOMC Member Mester Speaks,,,
5/16/2022 12:55,USD,Low Impact Expected,FOMC Member Williams Speaks,,,
5/17/2022 12:00,USD,Medium Impact Expected,FOMC Member Bullard Speaks,,,
5/17/2022 17:30,EUR,Low Impact Expected,ECB President Lagarde Speaks,,,
5/17/2022 18:00,USD,High Impact Expected,Fed Chair Powell Speaks,,,
5/17/2022 18:30,USD,Medium Impact Expected,FOMC Member Mester Speaks,,,
5/17/2022 19:30,EUR,Low Impact Expected,Final CPI y/y,,,
5/18/2022 9:00,EUR,Low Impact Expected,Final Core CPI y/y,,,
5/18/2022 19:30,USD,Medium Impact Expected,Philly Fed Manufacturing Index,,,
5/19/2022 11:30,EUR,Low Impact Expected,ECB Monetary Policy Meeting Accounts,,,
5/20/2022 6:00,EUR,Low Impact Expected,German PPI m/m,,,
5/23/2022 14:15,EUR,Low Impact Expected,German Buba President Nagel Speaks,,,
5/23/2022 23:30,USD,Low Impact Expected,FOMC Member George Speaks,,,
5/24/2022 16:20,USD,Medium Impact Expected,Fed Chair Powell Speaks,,,
5/24/2022 18:00,EUR,Medium Impact Expected,ECB President Lagarde Speaks,,,
5/24/2022 19:30,EUR,Medium Impact Expected,ECB President Lagarde Speaks,,,
5/24/2022 19:30,EUR,Medium Impact Expected,ECB Financial Stability Review,,,
5/25/2022 16:15,USD,Low Impact Expected,FOMC Member Brainard Speaks,,,
5/25/2022 18:00,USD,High Impact Expected,FOMC Meeting Minutes,,,
5/26/2022 16:00,USD,Medium Impact Expected,FOMC Member Brainard Speaks,,,
5/27/2022 11:35,USD,Medium Impact Expected,FOMC Member Bullard Speaks,,,
5/29/2022 19:30,EUR,Low Impact Expected,Spanish Flash CPI y/y,,,
5/30/2022 15:00,USD,Medium Impact Expected,FOMC Member Waller Speaks,,,
5/30/2022 19:29,EUR,Low Impact Expected,German Prelim CPI m/m,,,
5/30/2022 19:30,EUR,Low Impact Expected,French Prelim CPI m/m,,,
5/30/2022 19:30,EUR,Low Impact Expected,Italian Prelim CPI m/m,,,
5/30/2022 19:30,EUR,Low Impact Expected,CPI Flash Estimate y/y,,,
5/31/2022 9:00,EUR,Low Impact Expected,Core CPI Flash Estimate y/y,,,
6/1/2022 11:00,EUR,Medium Impact Expected,ECB President Lagarde Speaks,,,
6/1/2022 15:30,USD,Low Impact Expected,FOMC Member Williams Speaks,,,
6/1/2022 17:00,USD,Medium Impact Expected,FOMC Member Bullard Speaks,,,
6/2/2022 9:00,EUR,Low Impact Expected,PPI m/m,,,
6/2/2022 17:00,USD,Medium Impact Expected,FOMC Member Mester Speaks,,,
6/2/2022 19:30,USD,Low Impact Expected,President Biden Speaks,,,
6/3/2022 14:30,USD,Medium Impact Expected,FOMC Member Brainard Speaks,,,
6/6/2022 19:30,USD,Medium Impact Expected,Treasury Sec Yellen Speaks,,,
6/9/2022 12:30,EUR,High Impact Expected,ECB Press Conference,,,
6/9/2022 19:30,USD,High Impact Expected,Core CPI m/m,,,
6/9/2022 19:30,USD,High Impact Expected,CPI m/m,,,
6/9/2022 19:30,USD,High Impact Expected,CPI y/y,,,
6/10/2022 13:45,EUR,Low Impact Expected,ECB President Lagarde Speaks,,,
6/10/2022 15:00,EUR,Low Impact Expected,German Buba President Nagel Speaks,,,
6/10/2022 17:45,USD,Low Impact Expected,President Biden Speaks,,,
6/13/2022 18:00,USD,Low Impact Expected,FOMC Member Brainard Speaks,,,
6/13/2022 19:30,USD,High Impact Expected,PPI m/m,,,
6/13/2022 19:30,USD,Medium Impact Expected,Core PPI m/m,,,
6/14/2022 6:02,EUR,Low Impact Expected,German Final CPI m/m,,,
6/14/2022 19:30,USD,High Impact Expected,FOMC Economic Projections,,,
6/14/2022 19:30,USD,High Impact Expected,FOMC Statement,,,
6/15/2022 6:45,EUR,Low Impact Expected,French Final CPI m/m,,,
6/15/2022 9:15,EUR,Low Impact Expected,German Buba President Nagel Speaks,,,
6/15/2022 16:20,EUR,Medium Impact Expected,ECB President Lagarde Speaks,,,
6/15/2022 18:30,USD,High Impact Expected,FOMC Press Conference,,,
6/15/2022 19:30,USD,Medium Impact Expected,Philly Fed Manufacturing Index,,,
6/16/2022 19:30,EUR,Low Impact Expected,Final CPI y/y,,,
6/17/2022 9:00,EUR,Low Impact Expected,Final Core CPI y/y,,,
6/17/2022 12:45,USD,High Impact Expected,Fed Chair Powell Speaks,,,
6/17/2022 15:00,USD,Low Impact Expected,Fed Monetary Policy Report,,,
6/18/2022 20:40,USD,Low Impact Expected,FOMC Member Waller Speaks,,,
6/20/2022 6:00,EUR,Low Impact Expected,German PPI m/m,,,
6/20/2022 13:00,EUR,Medium Impact Expected,ECB President Lagarde Speaks,,,
6/20/2022 15:00,EUR,Medium Impact Expected,ECB President Lagarde Speaks,,,
6/20/2022 16:45,USD,Medium Impact Expected,FOMC Member Bullard Speaks,,,
6/20/2022 17:00,EUR,Low Impact Expected,German Buba President Nagel Speaks,,,
6/21/2022 16:00,USD,Low Impact Expected,FOMC Member Mester Speaks,,,
6/22/2022 13:30,USD,High Impact Expected,Fed Chair Powell Testifies,,,
6/22/2022 18:00,USD,Low Impact Expected,President Biden Speaks,,,
6/23/2022 8:00,EUR,Low Impact Expected,ECB Economic Bulletin,,,
6/23/2022 14:00,USD,High Impact Expected,Fed Chair Powell Testifies,,,
6/23/2022 14:30,EUR,Low Impact Expected,German Buba President Nagel Speaks,,,
6/23/2022 19:30,USD,Medium Impact Expected,FOMC Member Bullard Speaks,,,
6/27/2022 17:30,EUR,Low Impact Expected,ECB President Lagarde Speaks,,,
6/28/2022 8:00,EUR,Medium Impact Expected,ECB President Lagarde Speaks,,,
6/28/2022 19:30,USD,High Impact Expected,Fed Chair Powell Speaks,,,
6/29/2022 7:00,EUR,Low Impact Expected,Spanish Flash CPI y/y,,,
6/29/2022 10:15,USD,Medium Impact Expected,FOMC Member Mester Speaks,,,
6/29/2022 13:00,EUR,High Impact Expected,ECB President Lagarde Speaks,,,
6/29/2022 15:00,EUR,Low Impact Expected,ECB President Lagarde Speaks,,,
6/29/2022 17:05,USD,Low Impact Expected,FOMC Member Bullard Speaks,,,
6/29/2022 19:29,EUR,Medium Impact Expected,German Prelim CPI m/m,,,
6/29/2022 19:30,EUR,Low Impact Expected,French Prelim CPI m/m,,,
6/30/2022 19:30,EUR,Medium Impact Expected,Core CPI Flash Estimate y/y,,,
6/30/2022 19:30,EUR,Low Impact Expected,Italian Prelim CPI m/m,,,
7/1/2022 9:00,EUR,High Impact Expected,CPI Flash Estimate y/y,,,
7/4/2022 9:00,EUR,Low Impact Expected,PPI m/m,,,
7/4/2022 14:00,EUR,Low Impact Expected,German Buba President Nagel Speaks,,,
7/5/2022 19:30,USD,Low Impact Expected,FOMC Member Williams Speaks,,,
7/6/2022 18:00,USD,High Impact Expected,FOMC Meeting Minutes,,,
7/6/2022 19:30,USD,Low Impact Expected,FOMC Member Waller Speaks,,,
7/7/2022 11:30,EUR,Medium Impact Expected,ECB Monetary Policy Meeting Accounts,,,
7/7/2022 17:00,USD,Medium Impact Expected,FOMC Member Bullard Speaks,,,
7/7/2022 17:30,EUR,Low Impact Expected,German Buba President Nagel Speaks,,,
7/8/2022 11:55,EUR,Medium Impact Expected,ECB President Lagarde Speaks,,,
7/8/2022 15:00,USD,Low Impact Expected,FOMC Member Williams Speaks,,,
7/11/2022 16:30,EUR,Low Impact Expected,German Buba President Nagel Speaks,,,
7/11/2022 18:05,USD,Low Impact Expected,FOMC Member Williams Speaks,,,
7/12/2022 9:30,EUR,Low Impact Expected,German Buba President Nagel Speaks,,,
7/12/2022 19:30,USD,High Impact Expected,CPI m/m,,,
7/12/2022 19:30,USD,High Impact Expected,CPI y/y,,,
7/13/2022 6:00,EUR,Low Impact Expected,German Final CPI m/m,,,
7/13/2022 6:45,EUR,Low Impact Expected,French Final CPI m/m,,,
7/13/2022 12:30,USD,High Impact Expected,Core CPI m/m,,,
7/13/2022 19:30,USD,High Impact Expected,PPI m/m,,,
7/13/2022 19:30,USD,Medium Impact Expected,Core PPI m/m,,,
7/14/2022 15:00,USD,Medium Impact Expected,FOMC Member Waller Speaks,,,
7/15/2022 13:00,USD,Medium Impact Expected,FOMC Member Bullard Speaks,,,
7/18/2022 19:30,EUR,Low Impact Expected,Final CPI y/y,,,
7/19/2022 9:00,EUR,Low Impact Expected,Final Core CPI y/y,,,
7/19/2022 18:35,USD,Medium Impact Expected,FOMC Member Brainard Speaks,,,
7/20/2022 6:00,EUR,Low Impact Expected,German PPI m/m,,,
7/20/2022 19:30,USD,Medium Impact Expected,Philly Fed Manufacturing Index,,,
7/21/2022 12:45,EUR,High Impact Expected,ECB Press Conference,,,
7/26/2022 19:30,USD,High Impact Expected,FOMC Statement,,,
7/27/2022 18:30,USD,High Impact Expected,FOMC Press Conference,,,
7/28/2022 16:58,USD,Low Impact Expected,President Biden Speaks,,,
7/28/2022 17:32,USD,Medium Impact Expected,Treasury Sec Yellen Speaks,,,
7/28/2022 18:38,USD,Low Impact Expected,President Biden Speaks,,,
7/28/2022 19:29,EUR,Low Impact Expected,German Prelim CPI m/m,,,
7/28/2022 19:30,EUR,Low Impact Expected,Spanish Flash CPI y/y,,,
7/28/2022 19:30,EUR,Medium Impact Expected,CPI Flash Estimate y/y,,,
7/28/2022 19:30,EUR,Low Impact Expected,Italian Prelim CPI m/m,,,
7/29/2022 6:45,EUR,Low Impact Expected,French Prelim CPI m/m,,,
7/29/2022 9:00,EUR,Medium Impact Expected,Core CPI Flash Estimate y/y,,,
8/2/2022 19:30,USD,Medium Impact Expected,FOMC Member Bullard Speaks,,,
8/3/2022 9:00,EUR,Low Impact Expected,PPI m/m,,,
8/4/2022 8:00,EUR,Low Impact Expected,ECB Economic Bulletin,,,
8/4/2022 16:00,USD,Medium Impact Expected,FOMC Member Mester Speaks,,,
8/9/2022 19:30,USD,High Impact Expected,CPI m/m,,,
8/9/2022 19:30,USD,High Impact Expected,CPI y/y,,,
8/10/2022 6:00,EUR,Low Impact Expected,German Final CPI m/m,,,
8/10/2022 12:30,USD,High Impact Expected,Core CPI m/m,,,
8/10/2022 19:30,USD,Medium Impact Expected,Core PPI m/m,,,
8/11/2022 12:30,USD,High Impact Expected,PPI m/m,,,
8/12/2022 6:45,EUR,Low Impact Expected,French Final CPI m/m,,,
8/15/2022 14:50,USD,Medium Impact Expected,FOMC Member Waller Speaks,,,
8/17/2022 13:30,USD,Low Impact Expected,FOMC Member Bowman Speaks,,,
8/17/2022 18:00,USD,High Impact Expected,FOMC Meeting Minutes,,,
8/17/2022 18:20,USD,Low Impact Expected,FOMC Member Bowman Speaks,,,
8/17/2022 19:30,EUR,Low Impact Expected,Final CPI y/y,,,
8/17/2022 19:30,USD,High Impact Expected,Philly Fed Manufacturing Index,,,
8/18/2022 9:00,EUR,Low Impact Expected,Final Core CPI y/y,,,
8/18/2022 17:20,USD,Medium Impact Expected,FOMC Member George Speaks,,,
8/19/2022 6:00,EUR,Low Impact Expected,German PPI m/m,,,
8/25/2022 11:30,EUR,Medium Impact Expected,ECB Monetary Policy Meeting Accounts,,,
8/26/2022 14:00,USD,High Impact Expected,Fed Chair Powell Speaks,,,
8/29/2022 18:15,USD,Medium Impact Expected,FOMC Member Brainard Speaks,,,
8/29/2022 19:30,EUR,Low Impact Expected,Spanish Flash CPI y/y,,,
8/30/2022 15:00,USD,Medium Impact Expected,FOMC Member Williams Speaks,,,
8/30/2022 19:29,EUR,High Impact Expected,German Prelim CPI m/m,,,
8/30/2022 19:30,EUR,Low Impact Expected,French Prelim CPI m/m,,,
8/30/2022 19:30,EUR,Medium Impact Expected,CPI Flash Estimate y/y,,,
8/31/2022 8:56,EUR,Low Impact Expected,Italian Prelim CPI m/m,,,
8/31/2022 9:00,EUR,Medium Impact Expected,Core CPI Flash Estimate y/y,,,
8/31/2022 12:00,USD,Medium Impact Expected,FOMC Member Mester Speaks,,,
9/2/2022 9:00,EUR,Low Impact Expected,PPI m/m,,,
9/6/2022 19:30,USD,Low Impact Expected,FOMC Member Barr Speaks,,,
9/6/2022 19:30,USD,Medium Impact Expected,FOMC Member Mester Speaks,,,
9/7/2022 16:40,USD,Medium Impact Expected,FOMC Member Brainard Speaks,,,
9/8/2022 12:45,EUR,High Impact Expected,ECB Press Conference,,,
9/8/2022 13:10,USD,High Impact Expected,Fed Chair Powell Speaks,,,
9/8/2022 19:30,USD,Medium Impact Expected,FOMC Member Waller Speaks,,,
9/9/2022 9:30,EUR,Medium Impact Expected,ECB President Lagarde Speaks,,,
9/9/2022 16:00,USD,Medium Impact Expected,FOMC Member George Speaks,,,
9/12/2022 19:30,USD,High Impact Expected,CPI m/m,,,
9/12/2022 19:30,USD,High Impact Expected,CPI y/y,,,
9/13/2022 6:00,EUR,Low Impact Expected,German Final CPI m/m,,,
9/13/2022 12:30,USD,High Impact Expected,Core CPI m/m,,,
9/13/2022 19:30,USD,Medium Impact Expected,Core PPI m/m,,,
9/13/2022 19:30,USD,High Impact Expected,PPI m/m,,,
9/14/2022 19:30,USD,Medium Impact Expected,Philly Fed Manufacturing Index,,,
9/15/2022 6:45,EUR,Low Impact Expected,French Final CPI m/m,,,
9/15/2022 19:30,EUR,Low Impact Expected,Final CPI y/y,,,
9/16/2022 9:00,EUR,Low Impact Expected,Final Core CPI y/y,,,
9/19/2022 19:30,EUR,Low Impact Expected,German PPI m/m,,,
9/20/2022 17:00,EUR,Medium Impact Expected,ECB President Lagarde Speaks,,,
9/20/2022 19:30,USD,High Impact Expected,FOMC Statement,,,
9/20/2022 19:30,USD,High Impact Expected,FOMC Economic Projections,,,
9/21/2022 18:30,USD,High Impact Expected,FOMC Press Conference,,,
9/21/2022 20:30,EUR,Low Impact Expected,ECB Economic Bulletin,,,
9/22/2022 20:30,EUR,Low Impact Expected,German Buba President Nagel Speaks,,,
9/23/2022 18:00,USD,High Impact Expected,Fed Chair Powell Speaks,,,
9/25/2022 20:30,EUR,High Impact Expected,ECB President Lagarde Speaks,,,
9/26/2022 7:00,EUR,Low Impact Expected,German Buba President Nagel Speaks,,,
9/26/2022 14:00,USD,Low Impact Expected,FOMC Member Collins Speaks,,,
9/26/2022 17:00,EUR,Low Impact Expected,German Buba President Nagel Speaks,,,
9/26/2022 20:00,USD,Medium Impact Expected,FOMC Member Mester Speaks,,,
9/26/2022 20:30,USD,High Impact Expected,Fed Chair Powell Speaks,,,
9/27/2022 11:30,EUR,Medium Impact Expected,ECB President Lagarde Speaks,,,
9/27/2022 13:55,USD,Medium Impact Expected,FOMC Member Bullard Speaks,,,
9/28/2022 7:15,EUR,Medium Impact Expected,ECB President Lagarde Speaks,,,
9/28/2022 14:10,USD,Medium Impact Expected,FOMC Member Bullard Speaks,,,
9/28/2022 14:15,USD,Medium Impact Expected,Fed Chair Powell Speaks,,,
9/28/2022 15:00,USD,Low Impact Expected,FOMC Member Bowman Speaks,,,
9/29/2022 7:00,EUR,Low Impact Expected,Spanish Flash CPI y/y,,,
9/29/2022 13:30,USD,Medium Impact Expected,FOMC Member Bullard Speaks,,,
9/29/2022 17:00,USD,Medium Impact Expected,FOMC Member Mester Speaks,,,
9/29/2022 20:29,EUR,Low Impact Expected,German Prelim CPI m/m,,,
9/29/2022 20:30,EUR,Low Impact Expected,French Prelim CPI m/m,,,
9/29/2022 20:30,EUR,Medium Impact Expected,CPI Flash Estimate y/y,,,
9/29/2022 20:30,EUR,Low Impact Expected,Italian Prelim CPI m/m,,,
9/30/2022 9:00,EUR,Medium Impact Expected,Core CPI Flash Estimate y/y,,,
9/30/2022 13:00,USD,Medium Impact Expected,FOMC Member Brainard Speaks,,,
9/30/2022 15:00,USD,Low Impact Expected,FOMC Member Bowman Speaks,,,
9/30/2022 20:15,USD,Low Impact Expected,FOMC Member Williams Speaks,,,
10/2/2022 20:30,USD,Medium Impact Expected,Treasury Sec Yellen Speaks,,,
10/3/2022 19:00,USD,High Impact Expected,Fed Chair Powell Speaks,,,
10/3/2022 19:10,USD,Low Impact Expected,FOMC Member Williams Speaks,,,
10/4/2022 9:00,EUR,Low Impact Expected,PPI m/m,,,
10/4/2022 13:00,USD,Low Impact Expected,FOMC Member Williams Speaks,,,
10/4/2022 13:15,USD,Medium Impact Expected,FOMC Member Mester Speaks,,,
10/4/2022 15:00,EUR,Medium Impact Expected,ECB President Lagarde Speaks,,,
10/4/2022 15:45,USD,Low Impact Expected,FOMC Member Jefferson Speaks,,,
10/6/2022 11:30,EUR,Medium Impact Expected,ECB Monetary Policy Meeting Accounts,,,
10/6/2022 17:00,USD,Low Impact Expected,FOMC Member Cook Speaks,,,
10/6/2022 20:30,USD,Low Impact Expected,FOMC Member Williams Speaks,,,
10/6/2022 21:00,USD,Medium Impact Expected,FOMC Member Waller Speaks,,,
10/6/2022 22:30,USD,Medium Impact Expected,FOMC Member Mester Speaks,,,
10/10/2022 17:35,USD,Medium Impact Expected,FOMC Member Brainard Speaks,,,
10/11/2022 16:00,USD,Medium Impact Expected,FOMC Member Mester Speaks,,,
10/11/2022 20:30,USD,Medium Impact Expected,Core PPI m/m,,,
10/12/2022 12:30,USD,High Impact Expected,PPI m/m,,,
10/12/2022 13:30,EUR,Medium Impact Expected,ECB President Lagarde Speaks,,,
10/12/2022 17:45,USD,Low Impact Expected,FOMC Member Barr Speaks,,,
10/12/2022 18:00,USD,High Impact Expected,FOMC Meeting Minutes,,,
10/12/2022 20:30,USD,High Impact Expected,CPI y/y,,,
10/12/2022 20:30,USD,High Impact Expected,CPI m/m,,,
10/12/2022 22:30,USD,Low Impact Expected,FOMC Member Bowman Speaks,,,
10/13/2022 6:00,EUR,Low Impact Expected,German Final CPI m/m,,,
10/13/2022 12:30,USD,High Impact Expected,Core CPI m/m,,,
10/14/2022 6:45,EUR,Low Impact Expected,French Final CPI m/m,,,
10/14/2022 14:30,USD,Low Impact Expected,FOMC Member Cook Speaks,,,
10/14/2022 16:15,USD,Medium Impact Expected,FOMC Member Waller Speaks,,,
10/15/2022 12:00,EUR,Low Impact Expected,German Buba President Nagel Speaks,,,
10/15/2022 17:15,USD,Medium Impact Expected,FOMC Member Bullard Speaks,,,
10/17/2022 19:00,EUR,Low Impact Expected,German Buba President Nagel Speaks,,,
10/18/2022 20:30,EUR,Low Impact Expected,Final CPI y/y,,,
10/19/2022 9:00,EUR,Low Impact Expected,Final Core CPI y/y,,,
10/19/2022 20:30,EUR,Low Impact Expected,German PPI m/m,,,
10/19/2022 22:30,USD,Medium Impact Expected,FOMC Member Bullard Speaks,,,
10/20/2022 12:30,USD,High Impact Expected,Philly Fed Manufacturing Index,,,
10/20/2022 16:30,USD,Low Impact Expected,FOMC Member Cook Speaks,,,
10/20/2022 17:30,USD,Low Impact Expected,FOMC Member Jefferson Speaks,,,
10/20/2022 17:45,USD,Low Impact Expected,FOMC Member Cook Speaks,,,
10/20/2022 18:05,USD,Low Impact Expected,FOMC Member Bowman Speaks,,,
10/21/2022 13:10,USD,Low Impact Expected,FOMC Member Williams Speaks,,,
10/24/2022 15:00,USD,Medium Impact Expected,Treasury Sec Yellen Speaks,,,
10/25/2022 17:55,USD,Medium Impact Expected,FOMC Member Waller Speaks,,,
10/27/2022 12:45,EUR,High Impact Expected,ECB Press Conference,,,
10/27/2022 20:30,EUR,Low Impact Expected,Spanish Flash CPI y/y,,,
10/28/2022 6:45,EUR,Low Impact Expected,French Prelim CPI m/m,,,
10/28/2022 9:00,EUR,Low Impact Expected,Italian Prelim CPI m/m,,,
10/28/2022 20:29,EUR,Low Impact Expected,German Prelim CPI m/m,,,
10/30/2022 20:30,EUR,Medium Impact Expected,CPI Flash Estimate y/y,,,
10/31/2022 10:00,EUR,Medium Impact Expected,Core CPI Flash Estimate y/y,,,
10/31/2022 20:30,USD,Low Impact Expected,President Biden Speaks,,,
11/1/2022 20:30,USD,High Impact Expected,FOMC Statement,,,
11/2/2022 18:00,EUR,Low Impact Expected,German Buba President Nagel Speaks,,,
11/2/2022 18:30,USD,High Impact Expected,FOMC Press Conference,,,
11/3/2022 8:00,EUR,Low Impact Expected,German Buba President Nagel Speaks,,,
11/3/2022 8:05,EUR,Medium Impact Expected,ECB President Lagarde Speaks,,,
11/3/2022 20:30,USD,Medium Impact Expected,FOMC Member Collins Speaks,,,
11/4/2022 8:30,EUR,Low Impact Expected,German Buba President Nagel Speaks,,,
11/4/2022 9:30,EUR,Medium Impact Expected,ECB President Lagarde Speaks,,,
11/4/2022 10:00,EUR,Low Impact Expected,PPI m/m,,,
11/4/2022 20:00,USD,Low Impact Expected,FOMC Financial Stability Report,,,
11/7/2022 8:40,EUR,Medium Impact Expected,ECB President Lagarde Speaks,,,
11/7/2022 20:30,USD,Low Impact Expected,FOMC Member Mester Speaks,,,
11/7/2022 20:40,USD,Low Impact Expected,FOMC Member Collins Speaks,,,
11/8/2022 8:00,EUR,Low Impact Expected,German Buba President Nagel Speaks,,,
11/9/2022 8:00,USD,Low Impact Expected,FOMC Member Williams Speaks,,,
11/9/2022 20:30,USD,High Impact Expected,CPI y/y,,,
11/9/2022 20:30,USD,High Impact Expected,CPI m/m,,,
11/10/2022 7:00,USD,Medium Impact Expected,FOMC Member Waller Speaks,,,
11/10/2022 9:00,EUR,Low Impact Expected,ECB Economic Bulletin,,,
11/10/2022 13:30,USD,High Impact Expected,Core CPI m/m,,,
11/10/2022 17:30,USD,Medium Impact Expected,FOMC Member Mester Speaks,,,
11/10/2022 18:30,USD,Medium Impact Expected,FOMC Member George Speaks,,,
11/11/2022 7:00,EUR,Low Impact Expected,German Final CPI m/m,,,
11/11/2022 17:30,EUR,Low Impact Expected,German Buba President Nagel Speaks,,,
11/13/2022 20:30,USD,Low Impact Expected,FOMC Member Waller Speaks,,,
11/13/2022 20:30,USD,Medium Impact Expected,FOMC Member Brainard Speaks,,,
11/14/2022 20:30,USD,High Impact Expected,PPI m/m,,,
11/14/2022 20:30,USD,Medium Impact Expected,Core PPI m/m,,,
11/15/2022 7:45,EUR,Low Impact Expected,French Final CPI m/m,,,
11/15/2022 14:00,USD,Low Impact Expected,FOMC Member Cook Speaks,,,
11/15/2022 15:00,USD,Low Impact Expected,FOMC Member Barr Speaks,,,
11/15/2022 20:30,USD,Low Impact Expected,FOMC Member Barr Speaks,,,
11/16/2022 9:00,EUR,Medium Impact Expected,ECB Financial Stability Review,,,
11/16/2022 14:50,USD,Low Impact Expected,FOMC Member Williams Speaks,,,
11/16/2022 15:00,EUR,Medium Impact Expected,ECB President Lagarde Speaks,,,
11/16/2022 19:35,USD,Low Impact Expected,FOMC Member Waller Speaks,,,
11/16/2022 20:30,EUR,Low Impact Expected,Final CPI y/y,,,
11/17/2022 10:00,EUR,Low Impact Expected,Final Core CPI y/y,,,
11/17/2022 13:00,USD,Medium Impact Expected,FOMC Member Bullard Speaks,,,
11/17/2022 13:30,USD,High Impact Expected,Philly Fed Manufacturing Index,,,
11/17/2022 14:15,USD,Low Impact Expected,FOMC Member Bowman Speaks,,,
11/17/2022 14:40,USD,Medium Impact Expected,FOMC Member Mester Speaks,,,
11/17/2022 15:40,USD,Low Impact Expected,FOMC Member Jefferson Speaks,,,
11/18/2022 8:30,EUR,Medium Impact Expected,ECB President Lagarde Speaks,,,
11/18/2022 13:00,EUR,Low Impact Expected,German Buba President Nagel Speaks,,,
11/21/2022 7:00,EUR,Low Impact Expected,German PPI m/m,,,
11/21/2022 17:30,EUR,Low Impact Expected,German Buba President Nagel Speaks,,,
11/21/2022 20:30,USD,Medium Impact Expected,FOMC Member George Speaks,,,
11/22/2022 16:00,USD,Medium Impact Expected,FOMC Member Mester Speaks,,,
11/22/2022 18:00,EUR,Low Impact Expected,German Buba President Nagel Speaks,,,
11/22/2022 19:15,USD,Medium Impact Expected,FOMC Member Bullard Speaks,,,
11/22/2022 20:30,USD,High Impact Expected,FOMC Meeting Minutes,,,
11/24/2022 12:30,EUR,Low Impact Expected,ECB Monetary Policy Meeting Accounts,,,
11/27/2022 20:30,USD,Low Impact Expected,FOMC Member Williams Speaks,,,
11/28/2022 14:00,EUR,Medium Impact Expected,ECB President Lagarde Speaks,,,
11/28/2022 17:00,USD,Medium Impact Expected,FOMC Member Bullard Speaks,,,
11/28/2022 17:10,EUR,Low Impact Expected,German Buba President Nagel Speaks,,,
11/28/2022 20:30,EUR,Low Impact Expected,Spanish Flash CPI y/y,,,
11/29/2022 20:29,EUR,Medium Impact Expected,German Prelim CPI m/m,,,
11/29/2022 20:30,EUR,Low Impact Expected,French Prelim CPI m/m,,,
11/29/2022 20:30,EUR,Medium Impact Expected,CPI Flash Estimate y/y,,,
11/29/2022 20:30,EUR,Low Impact Expected,Italian Prelim CPI m/m,,,
11/30/2022 10:00,EUR,Medium Impact Expected,Core CPI Flash Estimate y/y,,,
11/30/2022 17:35,USD,Low Impact Expected,FOMC Member Cook Speaks,,,
11/30/2022 18:30,USD,High Impact Expected,Fed Chair Powell Speaks,,,
11/30/2022 20:30,USD,Low Impact Expected,FOMC Member Bowman Speaks,,,
12/1/2022 20:00,USD,Low Impact Expected,FOMC Member Barr Speaks,,,
12/1/2022 20:30,EUR,Low Impact Expected,German Buba President Nagel Speaks,,,
12/1/2022 20:30,EUR,Medium Impact Expected,ECB President Lagarde Speaks,,,
12/2/2022 10:00,EUR,Low Impact Expected,PPI m/m,,,
12/4/2022 20:30,EUR,Medium Impact Expected,ECB President Lagarde Speaks,,,
12/8/2022 12:00,EUR,Medium Impact Expected,ECB President Lagarde Speaks,,,
12/8/2022 20:30,USD,High Impact Expected,Core PPI m/m,,,
12/8/2022 20:30,USD,High Impact Expected,PPI m/m,,,
12/12/2022 20:30,USD,High Impact Expected,CPI m/m,,,
12/12/2022 20:30,USD,High Impact Expected,CPI y/y,,,
12/13/2022 7:00,EUR,Low Impact Expected,German Final CPI m/m,,,
12/13/2022 13:30,USD,High Impact Expected,Core CPI m/m,,,
12/13/2022 20:30,USD,High Impact Expected,FOMC Statement,,,
12/13/2022 20:30,USD,High Impact Expected,FOMC Economic Projections,,,
12/14/2022 19:30,USD,High Impact Expected,FOMC Press Conference,,,
12/14/2022 20:30,USD,Medium Impact Expected,Philly Fed Manufacturing Index,,,
12/15/2022 7:45,EUR,Low Impact Expected,French Final CPI m/m,,,
12/15/2022 13:45,EUR,High Impact Expected,ECB Press Conference,,,
12/15/2022 20:30,EUR,Low Impact Expected,Final CPI y/y,,,
12/16/2022 10:00,EUR,Low Impact Expected,Final Core CPI y/y,,,
12/19/2022 20:30,EUR,Low Impact Expected,German PPI m/m,,,
12/29/2022 20:30,EUR,Low Impact Expected,Spanish Flash CPI y/y,,,
1/3/2023 20:29,EUR,Low Impact Expected,German Prelim CPI m/m,,,
1/4/2023 7:45,EUR,Low Impact Expected,French Prelim CPI m/m,,,
1/4/2023 19:00,USD,High Impact Expected,FOMC Meeting Minutes,,,
1/4/2023 20:30,EUR,Low Impact Expected,Italian Prelim CPI m/m,,,
1/5/2023 10:00,EUR,Low Impact Expected,PPI m/m,,,
1/5/2023 20:30,EUR,Medium Impact Expected,CPI Flash Estimate y/y,,,
1/6/2023 10:00,EUR,Medium Impact Expected,Core CPI Flash Estimate y/y,,,
1/6/2023 16:15,USD,Low Impact Expected,FOMC Member Cook Speaks,,,
1/10/2023 14:00,USD,High Impact Expected,Fed Chair Powell Speaks,,,
1/11/2023 20:30,USD,High Impact Expected,CPI m/m,,,
1/11/2023 20:30,USD,High Impact Expected,CPI y/y,,,
1/12/2023 9:00,EUR,Low Impact Expected,ECB Economic Bulletin,,,
1/12/2023 12:30,USD,Low Impact Expected,FOMC Member Harker Speaks,,,
1/12/2023 13:30,USD,High Impact Expected,Core CPI m/m,,,
1/13/2023 7:45,EUR,Low Impact Expected,French Final CPI m/m,,,
1/17/2023 7:00,EUR,Low Impact Expected,German Final CPI m/m,,,
1/17/2023 20:00,USD,Low Impact Expected,FOMC Member Williams Speaks,,,
1/17/2023 20:30,USD,High Impact Expected,PPI m/m,,,
1/17/2023 20:30,USD,High Impact Expected,Core PPI m/m,,,
1/17/2023 20:30,EUR,Low Impact Expected,Final CPI y/y,,,
1/18/2023 10:00,EUR,Low Impact Expected,Final Core CPI y/y,,,
1/18/2023 20:15,USD,Low Impact Expected,FOMC Member Harker Speaks,,,
1/18/2023 20:30,USD,Medium Impact Expected,Philly Fed Manufacturing Index,,,
1/18/2023 22:00,USD,Low Impact Expected,FOMC Member Logan Speaks,,,
1/19/2023 10:30,EUR,Medium Impact Expected,ECB President Lagarde Speaks,,,
1/19/2023 12:30,EUR,Low Impact Expected,ECB Monetary Policy Meeting Accounts,,,
1/19/2023 18:15,USD,Medium Impact Expected,FOMC Member Brainard Speaks,,,
1/19/2023 23:35,USD,Low Impact Expected,FOMC Member Williams Speaks,,,
1/20/2023 7:00,EUR,Low Impact Expected,German PPI m/m,,,
1/20/2023 10:00,EUR,Medium Impact Expected,ECB President Lagarde Speaks,,,
1/20/2023 14:00,USD,Low Impact Expected,FOMC Member Harker Speaks,,,
1/20/2023 18:00,USD,Medium Impact Expected,FOMC Member Waller Speaks,,,
1/23/2023 18:10,EUR,Medium Impact Expected,ECB President Lagarde Speaks,,,
1/26/2023 19:45,USD,Low Impact Expected,President Biden Speaks,,,
1/29/2023 20:30,EUR,Low Impact Expected,Spanish Flash CPI y/y,,,
1/31/2023 7:45,EUR,Low Impact Expected,French Prelim CPI m/m,,,
1/31/2023 20:30,EUR,Medium Impact Expected,CPI Flash Estimate y/y,,,
1/31/2023 20:30,USD,High Impact Expected,FOMC Statement,,,
1/31/2023 20:30,EUR,Low Impact Expected,Italian Prelim CPI m/m,,,
2/1/2023 10:00,EUR,Medium Impact Expected,Core CPI Flash Estimate y/y,,,
2/1/2023 19:30,USD,High Impact Expected,FOMC Press Conference,,,
2/2/2023 13:45,EUR,High Impact Expected,ECB Press Conference,,,
2/3/2023 10:00,EUR,Low Impact Expected,PPI m/m,,,
2/7/2023 17:40,USD,High Impact Expected,Fed Chair Powell Speaks,,,
2/7/2023 19:00,USD,Low Impact Expected,FOMC Member Barr Speaks,,,
2/7/2023 20:30,USD,Low Impact Expected,FOMC Member Barr Speaks,,,
2/8/2023 2:00,USD,Low Impact Expected,President Biden Speaks,,,
2/8/2023 14:15,USD,High Impact Expected,FOMC Member Williams Speaks,,,
2/8/2023 18:45,USD,Medium Impact Expected,FOMC Member Waller Speaks,,,
2/9/2023 17:00,EUR,Low Impact Expected,German Buba President Nagel Speaks,,,
2/9/2023 20:29,EUR,Low Impact Expected,German Prelim CPI m/m,,,
2/10/2023 17:30,USD,Medium Impact Expected,FOMC Member Waller Speaks,,,
2/10/2023 21:00,USD,Low Impact Expected,FOMC Member Harker Speaks,,,
2/13/2023 13:00,USD,Low Impact Expected,FOMC Member Bowman Speaks,,,
2/13/2023 20:30,USD,High Impact Expected,CPI m/m,,,
2/13/2023 20:30,USD,High Impact Expected,CPI y/y,,,
2/14/2023 13:30,USD,High Impact Expected,Core CPI m/m,,,
2/14/2023 16:00,USD,Low Impact Expected,FOMC Member Logan Speaks,,,
2/14/2023 18:00,USD,Low Impact Expected,FOMC Member Harker Speaks,,,
2/14/2023 19:05,USD,Low Impact Expected,FOMC Member Williams Speaks,,,
2/15/2023 17:15,EUR,Medium Impact Expected,ECB President Lagarde Speaks,,,
2/15/2023 20:30,USD,Medium Impact Expected,Philly Fed Manufacturing Index,,,
2/15/2023 20:30,USD,High Impact Expected,PPI m/m,,,
2/16/2023 9:00,EUR,Low Impact Expected,ECB Economic Bulletin,,,
2/16/2023 13:00,EUR,Low Impact Expected,German Buba President Nagel Speaks,,,
2/16/2023 13:30,USD,High Impact Expected,Core PPI m/m,,,
2/16/2023 21:00,USD,Low Impact Expected,FOMC Member Cook Speaks,,,
2/17/2023 7:00,EUR,Low Impact Expected,German PPI m/m,,,
2/17/2023 7:45,EUR,Low Impact Expected,French Final CPI m/m,,,
2/17/2023 14:45,USD,Low Impact Expected,FOMC Member Bowman Speaks,,,
2/18/2023 16:30,EUR,Low Impact Expected,German Buba President Nagel Speaks,,,
2/22/2023 7:00,EUR,Low Impact Expected,German Final CPI m/m,,,
2/22/2023 19:00,USD,High Impact Expected,FOMC Meeting Minutes,,,
2/22/2023 20:30,EUR,Low Impact Expected,Final CPI y/y,,,
2/22/2023 22:30,USD,Low Impact Expected,FOMC Member Williams Speaks,,,
2/23/2023 10:00,EUR,Low Impact Expected,Final Core CPI y/y,,,
2/24/2023 15:15,USD,Low Impact Expected,FOMC Member Jefferson Speaks,,,
2/27/2023 15:30,USD,Low Impact Expected,FOMC Member Jefferson Speaks,,,
2/27/2023 20:30,EUR,Low Impact Expected,French Prelim CPI m/m,,,
2/27/2023 20:30,EUR,Low Impact Expected,Spanish Flash CPI y/y,,,
2/28/2023 19:30,USD,Low Impact Expected,FOMC Member Goolsbee Speaks,,,
3/1/2023 10:00,EUR,Low Impact Expected,German Buba President Nagel Speaks,,,
3/1/2023 14:00,USD,Low Impact Expected,FOMC Member Kashkari Speaks,,,
3/1/2023 20:29,EUR,Low Impact Expected,German Prelim CPI m/m,,,
3/1/2023 20:30,EUR,Low Impact Expected,Italian Prelim CPI m/m,,,
3/1/2023 20:30,EUR,Medium Impact Expected,CPI Flash Estimate y/y,,,
3/2/2023 10:00,EUR,Medium Impact Expected,Core CPI Flash Estimate y/y,,,
3/2/2023 12:30,EUR,Low Impact Expected,ECB Monetary Policy Meeting Accounts,,,
3/2/2023 20:30,USD,Low Impact Expected,FOMC Member Logan Speaks,,,
3/2/2023 21:00,USD,Medium Impact Expected,FOMC Member Waller Speaks,,,
3/2/2023 23:00,USD,Low Impact Expected,FOMC Member Kashkari Speaks,,,
3/3/2023 10:00,EUR,Low Impact Expected,PPI m/m,,,
3/3/2023 16:00,USD,Low Impact Expected,Fed Monetary Policy Report,,,
3/7/2023 15:00,USD,High Impact Expected,Fed Chair Powell Testifies,,,
3/7/2023 20:30,USD,High Impact Expected,Fed Chair Powell Testifies,,,
3/8/2023 10:00,EUR,Medium Impact Expected,ECB President Lagarde Speaks,,,
3/9/2023 15:00,USD,Low Impact Expected,FOMC Member Barr Speaks,,,
3/10/2023 7:00,EUR,Low Impact Expected,German Final CPI m/m,,,
3/12/2023 22:20,USD,High Impact Expected,Fed Announcement,,,
3/13/2023 20:30,USD,High Impact Expected,CPI m/m,,,
3/13/2023 20:30,USD,High Impact Expected,CPI y/y,,,
3/13/2023 20:30,USD,High Impact Expected,Core CPI m/m,,,
3/14/2023 20:30,USD,High Impact Expected,PPI m/m,,,
3/14/2023 20:30,USD,High Impact Expected,Core PPI m/m,,,
3/14/2023 21:20,USD,Low Impact Expected,FOMC Member Bowman Speaks,,,
3/15/2023 7:45,EUR,Low Impact Expected,French Final CPI m/m,,,
3/15/2023 20:30,USD,Medium Impact Expected,Philly Fed Manufacturing Index,,,
3/16/2023 13:45,EUR,High Impact Expected,ECB Press Conference,,,
3/16/2023 14:00,USD,Medium Impact Expected,Treasury Sec Yellen Speaks,,,
3/16/2023 20:30,EUR,Low Impact Expected,Final CPI y/y,,,
3/17/2023 10:00,EUR,Low Impact Expected,Final Core CPI y/y,,,
3/19/2023 21:00,USD,High Impact Expected,Fed Announcement,,,
3/20/2023 7:00,EUR,Low Impact Expected,German PPI m/m,,,
3/20/2023 14:00,EUR,Medium Impact Expected,ECB President Lagarde Speaks,,,
3/20/2023 20:30,EUR,Medium Impact Expected,ECB President Lagarde Speaks,,,
3/20/2023 20:30,USD,Medium Impact Expected,Treasury Sec Yellen Speaks,,,
3/21/2023 19:30,USD,High Impact Expected,FOMC Statement,,,
3/21/2023 19:30,USD,Medium Impact Expected,Treasury Sec Yellen Speaks,,,
3/21/2023 19:30,USD,High Impact Expected,FOMC Economic Projections,,,
3/22/2023 7:45,EUR,Medium Impact Expected,ECB President Lagarde Speaks,,,
3/22/2023 16:00,EUR,Low Impact Expected,German Buba President Nagel Speaks,,,
3/22/2023 17:30,USD,High Impact Expected,FOMC Press Conference,,,
3/23/2023 18:00,USD,Medium Impact Expected,Treasury Sec Yellen Speaks,,,
3/24/2023 8:15,EUR,Low Impact Expected,German Buba President Nagel Speaks,,,
3/27/2023 8:30,EUR,Low Impact Expected,German Buba President Nagel Speaks,,,
3/27/2023 19:30,USD,Low Impact Expected,FOMC Member Barr Speaks,,,
3/27/2023 19:30,EUR,Low Impact Expected,German Buba President Nagel Speaks,,,
3/27/2023 20:00,USD,Low Impact Expected,FOMC Member Jefferson Speaks,,,
3/28/2023 12:00,EUR,Medium Impact Expected,ECB President Lagarde Speaks,,,
3/28/2023 19:30,USD,Low Impact Expected,FOMC Member Barr Speaks,,,
3/29/2023 19:30,EUR,Medium Impact Expected,Spanish Flash CPI y/y,,,
3/30/2023 7:00,EUR,Low Impact Expected,ECB Economic Bulletin,,,
3/30/2023 16:00,USD,Low Impact Expected,FOMC Member Kashkari Speaks,,,
3/30/2023 18:45,USD,Medium Impact Expected,Treasury Sec Yellen Speaks,,,
3/30/2023 19:29,EUR,High Impact Expected,German Prelim CPI m/m,,,
3/30/2023 19:30,EUR,Low Impact Expected,French Prelim CPI m/m,,,
3/30/2023 19:30,EUR,Low Impact Expected,Italian Prelim CPI m/m,,,
3/30/2023 19:30,EUR,Medium Impact Expected,CPI Flash Estimate y/y,,,
3/31/2023 8:00,EUR,Medium Impact Expected,Core CPI Flash Estimate y/y,,,
3/31/2023 14:00,EUR,Medium Impact Expected,ECB President Lagarde Speaks,,,
3/31/2023 18:05,USD,Low Impact Expected,FOMC Member Williams Speaks,,,
3/31/2023 20:45,USD,Low Impact Expected,FOMC Member Cook Speaks,,,
4/1/2023 1:00,USD,Medium Impact Expected,FOMC Member Waller Speaks,,,
4/3/2023 19:15,USD,Low Impact Expected,FOMC Member Cook Speaks,,,
4/4/2023 8:00,EUR,Low Impact Expected,PPI m/m,,,
4/4/2023 16:30,USD,Low Impact Expected,FOMC Member Cook Speaks,,,
4/10/2023 19:15,USD,Low Impact Expected,FOMC Member Williams Speaks,,,
4/11/2023 16:30,USD,Low Impact Expected,FOMC Member Goolsbee Speaks,,,
4/11/2023 19:30,USD,High Impact Expected,CPI y/y,,,
4/11/2023 19:30,USD,High Impact Expected,CPI m/m,,,
4/11/2023 21:00,USD,Medium Impact Expected,FOMC Member Harker Speaks,,,
4/11/2023 22:30,USD,Low Impact Expected,FOMC Member Kashkari Speaks,,,
4/12/2023 11:30,USD,High Impact Expected,Core CPI m/m,,,
4/12/2023 17:00,USD,High Impact Expected,FOMC Meeting Minutes,,,
4/12/2023 19:30,USD,High Impact Expected,PPI m/m,,,
4/13/2023 5:00,EUR,Low Impact Expected,German Final CPI m/m,,,
4/13/2023 10:45,EUR,Low Impact Expected,German Buba President Nagel Speaks,,,
4/13/2023 11:30,USD,High Impact Expected,Core PPI m/m,,,
4/13/2023 17:00,EUR,Low Impact Expected,German Buba President Nagel Speaks,,,
4/14/2023 5:45,EUR,Low Impact Expected,French Final CPI m/m,,,
4/14/2023 11:45,USD,Medium Impact Expected,FOMC Member Waller Speaks,,,
4/14/2023 17:15,EUR,Low Impact Expected,German Buba President Nagel Speaks,,,
4/17/2023 14:00,EUR,Medium Impact Expected,ECB President Lagarde Speaks,,,
4/18/2023 16:00,USD,Low Impact Expected,FOMC Member Bowman Speaks,,,
4/18/2023 19:30,EUR,Low Impact Expected,Final CPI y/y,,,
4/19/2023 8:00,EUR,Low Impact Expected,Final Core CPI y/y,,,
4/19/2023 19:30,USD,Low Impact Expected,FOMC Member Goolsbee Speaks,,,
4/19/2023 19:30,USD,Medium Impact Expected,Philly Fed Manufacturing Index,,,
4/19/2023 22:00,USD,Low Impact Expected,FOMC Member Williams Speaks,,,
4/20/2023 5:00,EUR,Low Impact Expected,German PPI m/m,,,
4/20/2023 10:30,EUR,Low Impact Expected,ECB Monetary Policy Meeting Accounts,,,
4/20/2023 11:15,EUR,Medium Impact Expected,ECB President Lagarde Speaks,,,
4/20/2023 13:15,USD,Medium Impact Expected,Treasury Sec Yellen Speaks,,,
4/20/2023 15:00,USD,Medium Impact Expected,FOMC Member Waller Speaks,,,
4/20/2023 18:00,USD,Low Impact Expected,FOMC Member Bowman Speaks,,,
4/20/2023 22:45,USD,Medium Impact Expected,FOMC Member Harker Speaks,,,
4/21/2023 19:35,USD,Low Impact Expected,FOMC Member Cook Speaks,,,
4/27/2023 19:30,EUR,Medium Impact Expected,Spanish Flash CPI y/y,,,
4/28/2023 5:45,EUR,Low Impact Expected,French Prelim CPI m/m,,,
4/28/2023 19:29,EUR,High Impact Expected,German Prelim CPI m/m,,,
5/1/2023 19:30,EUR,Low Impact Expected,Italian Prelim CPI m/m,,,
5/1/2023 19:30,EUR,Medium Impact Expected,CPI Flash Estimate y/y,,,
5/2/2023 8:00,EUR,Medium Impact Expected,Core CPI Flash Estimate y/y,,,
5/2/2023 19:30,USD,High Impact Expected,FOMC Statement,,,
5/3/2023 17:30,USD,High Impact Expected,FOMC Press Conference,,,
5/4/2023 8:00,EUR,Low Impact Expected,PPI m/m,,,
5/4/2023 11:45,EUR,High Impact Expected,ECB Press Conference,,,
5/5/2023 16:00,USD,Low Impact Expected,FOMC Member Cook Speaks,,,
5/8/2023 19:00,USD,Low Impact Expected,FOMC Financial Stability Report,,,
5/9/2023 11:30,USD,Low Impact Expected,FOMC Member Jefferson Speaks,,,
5/9/2023 15:05,USD,Low Impact Expected,FOMC Member Williams Speaks,,,
5/9/2023 19:30,USD,High Impact Expected,Core CPI m/m,,,
5/9/2023 19:30,USD,High Impact Expected,CPI y/y,,,
5/9/2023 19:30,USD,High Impact Expected,CPI m/m,,,
5/10/2023 5:00,EUR,Low Impact Expected,German Final CPI m/m,,,
5/10/2023 19:30,USD,High Impact Expected,PPI m/m,,,
5/11/2023 11:00,EUR,Medium Impact Expected,ECB President Lagarde Speaks,,,
5/11/2023 11:30,USD,High Impact Expected,Core PPI m/m,,,
5/11/2023 12:00,USD,Low Impact Expected,FOMC Member Kashkari Speaks,,,
5/11/2023 13:15,USD,Medium Impact Expected,FOMC Member Waller Speaks,,,
5/12/2023 5:45,EUR,Low Impact Expected,French Final CPI m/m,,,
5/12/2023 6:00,USD,Low Impact Expected,FOMC Member Bowman Speaks,,,
5/12/2023 22:45,USD,Low Impact Expected,FOMC Member Jefferson Speaks,,,
5/14/2023 19:30,USD,Low Impact Expected,FOMC Member Goolsbee Speaks,,,
5/15/2023 11:10,EUR,Low Impact Expected,German Buba President Nagel Speaks,,,
5/15/2023 12:15,USD,Low Impact Expected,FOMC Member Kashkari Speaks,,,
5/15/2023 19:30,USD,Low Impact Expected,FOMC Member Barr Speaks,,,
5/15/2023 20:00,USD,Low Impact Expected,FOMC Member Cook Speaks,,,
5/16/2023 13:00,EUR,Medium Impact Expected,ECB President Lagarde Speaks,,,
5/16/2023 15:15,USD,Low Impact Expected,FOMC Member Williams Speaks,,,
5/16/2023 17:30,USD,Low Impact Expected,FOMC Member Goolsbee Speaks,,,
5/16/2023 19:30,EUR,Low Impact Expected,Final CPI y/y,,,
5/16/2023 22:00,USD,Low Impact Expected,FOMC Member Goolsbee Speaks,,,
5/17/2023 8:00,EUR,Low Impact Expected,Final Core CPI y/y,,,
5/17/2023 19:30,USD,Medium Impact Expected,Philly Fed Manufacturing Index,,,
5/18/2023 11:45,USD,Low Impact Expected,FOMC Member Logan Speaks,,,
5/18/2023 12:05,USD,Low Impact Expected,FOMC Member Jefferson Speaks,,,
5/18/2023 12:30,USD,Low Impact Expected,FOMC Member Barr Speaks,,,
5/19/2023 5:00,EUR,Low Impact Expected,German PPI m/m,,,
5/19/2023 7:00,EUR,Low Impact Expected,ECB Economic Bulletin,,,
5/19/2023 11:45,USD,Low Impact Expected,FOMC Member Williams Speaks,,,
5/19/2023 12:00,USD,Low Impact Expected,FOMC Member Bowman Speaks,,,
5/19/2023 14:00,USD,High Impact Expected,Fed Chair Powell Speaks,,,
5/19/2023 18:00,EUR,Medium Impact Expected,ECB President Lagarde Speaks,,,
5/22/2023 12:45,USD,Low Impact Expected,Cleveland Fed Inflation Expectations,,,
5/23/2023 12:00,USD,Low Impact Expected,FOMC Member Logan Speaks,,,
5/23/2023 16:50,EUR,Low Impact Expected,German Buba President Nagel Speaks,,,
5/24/2023 13:05,USD,Medium Impact Expected,Treasury Sec Yellen Speaks,,,
5/24/2023 17:00,USD,High Impact Expected,FOMC Meeting Minutes,,,
5/25/2023 9:30,EUR,Low Impact Expected,German Buba President Nagel Speaks,,,
5/29/2023 19:30,EUR,Medium Impact Expected,Spanish Flash CPI y/y,,,
5/30/2023 19:30,EUR,Medium Impact Expected,ECB Financial Stability Review,,,
5/30/2023 19:30,EUR,Low Impact Expected,French Prelim CPI m/m,,,
5/31/2023 8:00,EUR,Low Impact Expected,Italian Prelim CPI m/m,,,
5/31/2023 11:50,USD,Low Impact Expected,FOMC Member Bowman Speaks,,,
5/31/2023 15:30,USD,Medium Impact Expected,FOMC Member Harker Speaks,,,
5/31/2023 16:30,USD,Low Impact Expected,FOMC Member Jefferson Speaks,,,
5/31/2023 19:29,EUR,High Impact Expected,German Prelim CPI m/m,,,
5/31/2023 19:30,EUR,Medium Impact Expected,Core CPI Flash Estimate y/y,,,
6/1/2023 8:00,EUR,High Impact Expected,CPI Flash Estimate y/y,,,
6/1/2023 8:30,EUR,Medium Impact Expected,ECB President Lagarde Speaks,,,
6/1/2023 10:30,EUR,Low Impact Expected,ECB Monetary Policy Meeting Accounts,,,
6/1/2023 16:00,USD,Medium Impact Expected,FOMC Member Harker Speaks,,,
6/5/2023 8:00,EUR,Low Impact Expected,PPI m/m,,,
6/5/2023 12:00,EUR,Medium Impact Expected,ECB President Lagarde Speaks,,,
6/5/2023 13:00,EUR,Low Impact Expected,German Buba President Nagel Speaks,,,
6/12/2023 19:30,USD,High Impact Expected,CPI y/y,,,
6/12/2023 19:30,USD,High Impact Expected,CPI m/m,,,
6/13/2023 5:00,EUR,Low Impact Expected,German Final CPI m/m,,,
6/13/2023 11:30,USD,High Impact Expected,Core CPI m/m,,,
6/13/2023 19:30,USD,High Impact Expected,FOMC Economic Projections,,,
6/13/2023 19:30,USD,High Impact Expected,PPI m/m,,,
6/13/2023 19:30,USD,High Impact Expected,FOMC Statement,,,
6/14/2023 11:30,USD,High Impact Expected,Core PPI m/m,,,
6/14/2023 17:30,USD,High Impact Expected,FOMC Press Conference,,,
6/14/2023 19:30,USD,Medium Impact Expected,Philly Fed Manufacturing Index,,,
6/14/2023 19:30,EUR,Low Impact Expected,German Buba President Nagel Speaks,,,
6/15/2023 5:45,EUR,Low Impact Expected,French Final CPI m/m,,,
6/15/2023 11:45,EUR,High Impact Expected,ECB Press Conference,,,
6/15/2023 19:30,EUR,Low Impact Expected,Final CPI y/y,,,
6/16/2023 6:00,EUR,Low Impact Expected,German Buba President Nagel Speaks,,,
6/16/2023 8:00,EUR,Low Impact Expected,Final Core CPI y/y,,,
6/16/2023 10:45,USD,Medium Impact Expected,FOMC Member Waller Speaks,,,
6/16/2023 14:00,USD,Low Impact Expected,Fed Monetary Policy Report,,,
6/19/2023 19:30,EUR,Low Impact Expected,German PPI m/m,,,
6/20/2023 14:45,USD,Low Impact Expected,FOMC Member Williams Speaks,,,
6/20/2023 19:30,USD,Low Impact Expected,FOMC Member Jefferson Speaks,,,
6/20/2023 19:30,USD,Low Impact Expected,FOMC Member Cook Speaks,,,
6/21/2023 12:45,EUR,Low Impact Expected,German Buba President Nagel Speaks,,,
6/21/2023 13:00,USD,High Impact Expected,Fed Chair Powell Testifies,,,
6/21/2023 15:40,USD,Low Impact Expected,FOMC Member Goolsbee Speaks,,,
6/21/2023 19:30,USD,High Impact Expected,Fed Chair Powell Testifies,,,
6/21/2023 19:30,USD,Medium Impact Expected,FOMC Member Waller Speaks,,,
6/22/2023 11:05,EUR,Low Impact Expected,German Buba President Nagel Speaks,,,
6/22/2023 12:55,USD,Low Impact Expected,FOMC Member Bowman Speaks,,,
6/23/2023 5:45,EUR,Medium Impact Expected,ECB President Lagarde Speaks,,,
6/25/2023 12:45,USD,Low Impact Expected,FOMC Member Williams Speaks,,,
6/26/2023 16:30,EUR,Medium Impact Expected,ECB President Lagarde Speaks,,,
6/27/2023 7:00,EUR,Medium Impact Expected,ECB President Lagarde Speaks,,,
6/27/2023 19:30,USD,High Impact Expected,Fed Chair Powell Speaks,,,
6/28/2023 8:00,EUR,Low Impact Expected,Italian Prelim CPI m/m,,,
6/28/2023 12:30,EUR,Medium Impact Expected,ECB President Lagarde Speaks,,,
6/28/2023 14:00,EUR,Medium Impact Expected,ECB President Lagarde Speaks,,,
6/29/2023 5:30,USD,High Impact Expected,Fed Chair Powell Speaks,,,
6/29/2023 6:00,EUR,Medium Impact Expected,Spanish Flash CPI y/y,,,
6/29/2023 7:00,EUR,Low Impact Expected,ECB Economic Bulletin,,,
6/29/2023 19:29,EUR,High Impact Expected,German Prelim CPI m/m,,,
6/29/2023 19:30,EUR,Low Impact Expected,French Prelim CPI m/m,,,
6/29/2023 19:30,EUR,Medium Impact Expected,CPI Flash Estimate y/y,,,
6/30/2023 8:00,EUR,Medium Impact Expected,Core CPI Flash Estimate y/y,,,
7/5/2023 8:00,EUR,Low Impact Expected,PPI m/m,,,
7/5/2023 17:00,USD,High Impact Expected,FOMC Meeting Minutes,,,
7/5/2023 19:00,USD,Low Impact Expected,FOMC Member Williams Speaks,,,
7/6/2023 11:45,USD,Low Impact Expected,FOMC Member Logan Speaks,,,
7/7/2023 11:00,EUR,Low Impact Expected,German Buba President Nagel Speaks,,,
7/7/2023 15:45,EUR,Medium Impact Expected,ECB President Lagarde Speaks,,,
7/9/2023 19:30,USD,Low Impact Expected,FOMC Member Barr Speaks,,,
7/10/2023 15:00,EUR,Low Impact Expected,German Buba President Nagel Speaks,,,
7/11/2023 5:00,EUR,Low Impact Expected,German Final CPI m/m,,,
7/11/2023 19:30,USD,High Impact Expected,CPI m/m,,,
7/11/2023 19:30,USD,High Impact Expected,CPI y/y,,,
7/12/2023 11:30,USD,High Impact Expected,Core CPI m/m,,,
7/12/2023 12:45,USD,Low Impact Expected,FOMC Member Kashkari Speaks,,,
7/12/2023 19:30,USD,High Impact Expected,PPI m/m,,,
7/13/2023 5:45,EUR,Low Impact Expected,French Final CPI m/m,,,
7/13/2023 10:30,EUR,Low Impact Expected,ECB Monetary Policy Meeting Accounts,,,
7/13/2023 11:30,USD,High Impact Expected,Core PPI m/m,,,
7/13/2023 21:45,USD,Medium Impact Expected,FOMC Member Waller Speaks,,,
7/17/2023 7:15,EUR,Medium Impact Expected,ECB President Lagarde Speaks,,,
7/17/2023 19:30,USD,Low Impact Expected,FOMC Member Barr Speaks,,,
7/18/2023 19:30,EUR,Low Impact Expected,Final CPI y/y,,,
7/19/2023 8:00,EUR,Low Impact Expected,Final Core CPI y/y,,,
7/19/2023 19:30,USD,Medium Impact Expected,Philly Fed Manufacturing Index,,,
7/19/2023 19:30,EUR,Low Impact Expected,German PPI m/m,,,
7/25/2023 19:30,USD,High Impact Expected,FOMC Statement,,,
7/26/2023 17:30,USD,High Impact Expected,FOMC Press Conference,,,
7/27/2023 11:45,EUR,High Impact Expected,ECB Press Conference,,,
7/27/2023 19:30,EUR,Medium Impact Expected,Spanish Flash CPI y/y,,,
7/28/2023 5:45,EUR,Low Impact Expected,French Prelim CPI m/m,,,
7/28/2023 19:29,EUR,High Impact Expected,German Prelim CPI m/m,,,
7/30/2023 19:30,EUR,Medium Impact Expected,CPI Flash Estimate y/y,,,
7/30/2023 19:30,EUR,Low Impact Expected,Italian Prelim CPI m/m,,,
7/31/2023 8:00,EUR,Medium Impact Expected,Core CPI Flash Estimate y/y,,,
7/31/2023 19:30,USD,Low Impact Expected,FOMC Member Goolsbee Speaks,,,
8/3/2023 8:00,EUR,Low Impact Expected,PPI m/m,,,
8/7/2023 11:30,USD,Low Impact Expected,FOMC Member Bowman Speaks,,,
8/8/2023 5:00,EUR,Low Impact Expected,German Final CPI m/m,,,
8/8/2023 11:15,USD,Medium Impact Expected,FOMC Member Harker Speaks,,,
8/9/2023 19:30,USD,High Impact Expected,CPI m/m,,,
8/9/2023 19:30,USD,High Impact Expected,CPI y/y,,,
8/10/2023 7:00,EUR,Low Impact Expected,ECB Economic Bulletin,,,
8/10/2023 11:30,USD,High Impact Expected,Core CPI m/m,,,
8/10/2023 19:15,USD,Medium Impact Expected,FOMC Member Harker Speaks,,,
8/10/2023 19:30,USD,High Impact Expected,PPI m/m,,,
8/11/2023 5:45,EUR,Low Impact Expected,French Final CPI m/m,,,
8/11/2023 11:30,USD,High Impact Expected,Core PPI m/m,,,
8/14/2023 12:45,USD,Low Impact Expected,Cleveland Fed Inflation Expectations,,,
8/15/2023 14:00,USD,Low Impact Expected,FOMC Member Kashkari Speaks,,,
8/16/2023 17:00,USD,High Impact Expected,FOMC Meeting Minutes,,,
8/16/2023 19:30,USD,Medium Impact Expected,Philly Fed Manufacturing Index,,,
8/17/2023 19:30,EUR,Low Impact Expected,Final CPI y/y,,,
8/18/2023 8:00,EUR,Low Impact Expected,Final Core CPI y/y,,,
8/21/2023 5:00,EUR,Low Impact Expected,German PPI m/m,,,
8/22/2023 17:30,USD,Low Impact Expected,FOMC Member Goolsbee Speaks,,,
8/22/2023 17:32,USD,Low Impact Expected,FOMC Member Bowman Speaks,,,
8/22/2023 18:30,USD,Low Impact Expected,FOMC Member Goolsbee Speaks,,,
8/24/2023 15:00,USD,Medium Impact Expected,FOMC Member Harker Speaks,,,
8/25/2023 13:05,USD,High Impact Expected,Fed Chair Powell Speaks,,,
8/25/2023 14:00,USD,Medium Impact Expected,FOMC Member Harker Speaks,,,
8/25/2023 14:30,USD,Medium Impact Expected,FOMC Member Harker Speaks,,,
8/25/2023 15:30,USD,Low Impact Expected,FOMC Member Goolsbee Speaks,,,
8/25/2023 17:00,USD,Low Impact Expected,FOMC Member Goolsbee Speaks,,,
8/25/2023 18:00,EUR,High Impact Expected,ECB President Lagarde Speaks,,,
8/28/2023 11:00,EUR,Low Impact Expected,German Buba President Nagel Speaks,,,
8/29/2023 19:30,EUR,High Impact Expected,Spanish Flash CPI y/y,,,
8/30/2023 19:29,EUR,High Impact Expected,German Prelim CPI m/m,,,
8/30/2023 19:30,EUR,Medium Impact Expected,CPI Flash Estimate y/y,,,
8/30/2023 19:30,EUR,Low Impact Expected,French Prelim CPI m/m,,,
8/30/2023 19:30,EUR,Low Impact Expected,Italian Prelim CPI m/m,,,
8/31/2023 8:00,EUR,Medium Impact Expected,Core CPI Flash Estimate y/y,,,
8/31/2023 10:30,EUR,Low Impact Expected,ECB Monetary Policy Meeting Accounts,,,
9/4/2023 12:00,EUR,Low Impact Expected,German Buba President Nagel Speaks,,,
9/4/2023 12:30,EUR,Medium Impact Expected,ECB President Lagarde Speaks,,,
9/5/2023 8:00,EUR,Low Impact Expected,PPI m/m,,,
9/6/2023 18:00,USD,Low Impact Expected,FOMC Member Logan Speaks,,,
9/6/2023 19:30,USD,Medium Impact Expected,FOMC Member Harker Speaks,,,
9/7/2023 14:45,USD,Low Impact Expected,FOMC Member Goolsbee Speaks,,,
9/7/2023 18:30,USD,Low Impact Expected,FOMC Member Williams Speaks,,,
9/7/2023 19:55,USD,Low Impact Expected,FOMC Member Bowman Speaks,,,
9/7/2023 22:05,USD,Low Impact Expected,FOMC Member Logan Speaks,,,
9/8/2023 5:00,EUR,Low Impact Expected,German Final CPI m/m,,,
9/8/2023 12:00,USD,Low Impact Expected,FOMC Member Barr Speaks,,,
9/12/2023 19:30,USD,High Impact Expected,CPI y/y,,,
9/12/2023 19:30,USD,High Impact Expected,CPI m/m,,,
9/13/2023 11:30,USD,High Impact Expected,Core CPI m/m,,,
9/13/2023 19:30,USD,High Impact Expected,Core PPI m/m,,,
9/13/2023 19:30,USD,High Impact Expected,PPI m/m,,,
9/14/2023 11:45,EUR,High Impact Expected,ECB Press Conference,,,
9/15/2023 5:45,EUR,Low Impact Expected,French Final CPI m/m,,,
9/15/2023 8:45,EUR,Medium Impact Expected,ECB President Lagarde Speaks,,,
9/18/2023 19:30,EUR,Low Impact Expected,Final CPI y/y,,,
9/19/2023 8:00,EUR,Low Impact Expected,Final Core CPI y/y,,,
9/19/2023 19:30,USD,High Impact Expected,FOMC Economic Projections,,,
9/19/2023 19:30,USD,High Impact Expected,FOMC Statement,,,
9/20/2023 5:00,EUR,Low Impact Expected,German PPI m/m,,,
9/20/2023 17:30,USD,High Impact Expected,FOMC Press Conference,,,
9/20/2023 19:30,USD,Medium Impact Expected,Philly Fed Manufacturing Index,,,
9/20/2023 19:30,EUR,Low Impact Expected,German Buba President Nagel Speaks,,,
9/21/2023 13:00,EUR,Medium Impact Expected,ECB President Lagarde Speaks,,,
9/22/2023 12:50,USD,Low Impact Expected,FOMC Member Cook Speaks,,,
9/22/2023 17:00,USD,Low Impact Expected,FOMC Member Kashkari Speaks,,,
9/25/2023 13:00,EUR,Medium Impact Expected,ECB President Lagarde Speaks,,,
9/25/2023 22:00,USD,Low Impact Expected,FOMC Member Kashkari Speaks,,,
9/26/2023 17:30,USD,Low Impact Expected,FOMC Member Bowman Speaks,,,
9/27/2023 12:00,USD,Low Impact Expected,FOMC Member Kashkari Speaks,,,
9/28/2023 7:00,EUR,High Impact Expected,Spanish Flash CPI y/y,,,
9/28/2023 13:00,USD,Low Impact Expected,FOMC Member Goolsbee Speaks,,,
9/28/2023 14:03,EUR,Low Impact Expected,ECB Economic Bulletin,,,
9/28/2023 17:00,USD,Low Impact Expected,FOMC Member Cook Speaks,,,
9/28/2023 20:00,USD,High Impact Expected,Fed Chair Powell Speaks,,,
9/28/2023 20:29,EUR,High Impact Expected,German Prelim CPI m/m,,,
9/28/2023 20:30,EUR,Low Impact Expected,Italian Prelim CPI m/m,,,
9/28/2023 20:30,EUR,Low Impact Expected,French Prelim CPI m/m,,,
9/28/2023 20:30,EUR,Medium Impact Expected,CPI Flash Estimate y/y,,,
9/29/2023 7:40,EUR,Medium Impact Expected,ECB President Lagarde Speaks,,,
9/29/2023 9:00,EUR,Medium Impact Expected,Core CPI Flash Estimate y/y,,,
10/1/2023 20:30,USD,Medium Impact Expected,FOMC Member Harker Speaks,,,
10/1/2023 20:30,USD,High Impact Expected,Fed Chair Powell Speaks,,,
10/2/2023 17:00,USD,Low Impact Expected,FOMC Member Barr Speaks,,,
10/3/2023 20:30,USD,Low Impact Expected,FOMC Member Goolsbee Speaks,,,
10/4/2023 8:15,EUR,Medium Impact Expected,ECB President Lagarde Speaks,,,
10/4/2023 9:00,EUR,Low Impact Expected,PPI m/m,,,
10/4/2023 14:25,USD,Low Impact Expected,FOMC Member Bowman Speaks,,,
10/4/2023 16:00,EUR,Medium Impact Expected,ECB President Lagarde Speaks,,,
10/5/2023 13:00,EUR,Low Impact Expected,German Buba President Nagel Speaks,,,
10/5/2023 15:00,EUR,Low Impact Expected,German Buba President Nagel Speaks,,,
10/5/2023 16:15,USD,Low Impact Expected,FOMC Member Barr Speaks,,,
10/6/2023 16:00,USD,Medium Impact Expected,FOMC Member Waller Speaks,,,
10/6/2023 16:21,USD,Low Impact Expected,President Biden Speaks,,,
10/9/2023 13:00,USD,Low Impact Expected,FOMC Member Logan Speaks,,,
10/9/2023 13:15,USD,Low Impact Expected,FOMC Member Barr Speaks,,,
10/9/2023 16:50,USD,Low Impact Expected,FOMC Member Jefferson Speaks,,,
10/10/2023 12:00,EUR,Medium Impact Expected,ECB President Lagarde Speaks,,,
10/10/2023 17:00,USD,Medium Impact Expected,FOMC Member Waller Speaks,,,
10/10/2023 19:00,USD,Low Impact Expected,FOMC Member Kashkari Speaks,,,
10/10/2023 20:30,USD,High Impact Expected,PPI m/m,,,
10/10/2023 20:30,USD,High Impact Expected,Core PPI m/m,,,
10/11/2023 6:00,EUR,Low Impact Expected,German Final CPI m/m,,,
10/11/2023 8:15,USD,Low Impact Expected,FOMC Member Bowman Speaks,,,
10/11/2023 14:15,USD,Medium Impact Expected,FOMC Member Waller Speaks,,,
10/11/2023 18:00,USD,High Impact Expected,FOMC Meeting Minutes,,,
10/11/2023 20:30,USD,High Impact Expected,CPI y/y,,,
10/11/2023 20:30,USD,High Impact Expected,CPI m/m,,,
10/12/2023 11:30,EUR,Low Impact Expected,ECB Monetary Policy Meeting Accounts,,,
10/12/2023 12:30,USD,High Impact Expected,Core CPI m/m,,,
10/12/2023 20:30,USD,Medium Impact Expected,FOMC Member Harker Speaks,,,
10/12/2023 20:30,EUR,Low Impact Expected,French Final CPI m/m,,,
10/13/2023 6:45,EUR,Low Impact Expected,German Buba President Nagel Speaks,,,
10/13/2023 13:00,EUR,Medium Impact Expected,ECB President Lagarde Speaks,,,
10/14/2023 12:00,EUR,Low Impact Expected,German Buba President Nagel Speaks,,,
10/14/2023 15:10,EUR,Medium Impact Expected,ECB President Lagarde Speaks,,,
10/15/2023 20:30,USD,Medium Impact Expected,FOMC Member Harker Speaks,,,
10/16/2023 20:30,USD,Medium Impact Expected,FOMC Member Harker Speaks,,,
10/17/2023 12:00,USD,Low Impact Expected,FOMC Member Williams Speaks,,,
10/17/2023 13:20,USD,Low Impact Expected,FOMC Member Bowman Speaks,,,
10/17/2023 17:00,EUR,Low Impact Expected,German Buba President Nagel Speaks,,,
10/17/2023 20:30,EUR,Low Impact Expected,Final CPI y/y,,,
10/18/2023 9:00,EUR,Low Impact Expected,Final Core CPI y/y,,,
10/18/2023 16:00,USD,Medium Impact Expected,FOMC Member Waller Speaks,,,
10/18/2023 16:30,USD,Low Impact Expected,FOMC Member Williams Speaks,,,
10/18/2023 17:00,USD,Low Impact Expected,FOMC Member Bowman Speaks,,,
10/18/2023 19:15,USD,Medium Impact Expected,FOMC Member Harker Speaks,,,
10/18/2023 20:30,USD,Medium Impact Expected,Philly Fed Manufacturing Index,,,
10/18/2023 22:55,USD,Low Impact Expected,FOMC Member Cook Speaks,,,
10/19/2023 13:00,USD,Low Impact Expected,FOMC Member Jefferson Speaks,,,
10/19/2023 16:00,USD,High Impact Expected,Fed Chair Powell Speaks,,,
10/19/2023 17:20,USD,Low Impact Expected,FOMC Member Goolsbee Speaks,,,
10/19/2023 17:30,USD,Low Impact Expected,FOMC Member Barr Speaks,,,
10/19/2023 20:30,USD,Low Impact Expected,FOMC Financial Stability Report,,,
10/19/2023 21:30,USD,Medium Impact Expected,FOMC Member Harker Speaks,,,
10/19/2023 23:00,USD,Low Impact Expected,FOMC Member Logan Speaks,,,
10/20/2023 6:00,EUR,Low Impact Expected,German PPI m/m,,,
10/20/2023 13:00,USD,Medium Impact Expected,FOMC Member Harker Speaks,,,
10/23/2023 20:30,EUR,Low Impact Expected,ECB President Lagarde Speaks,,,
10/25/2023 17:00,EUR,Medium Impact Expected,ECB President Lagarde Speaks,,,
10/25/2023 20:35,USD,High Impact Expected,Fed Chair Powell Speaks,,,
10/26/2023 12:45,EUR,High Impact Expected,ECB Press Conference,,,
10/26/2023 13:00,USD,Medium Impact Expected,FOMC Member Waller Speaks,,,
10/27/2023 13:00,USD,Low Impact Expected,FOMC Member Barr Speaks,,,
10/29/2023 20:30,EUR,High Impact Expected,Spanish Flash CPI y/y,,,
10/30/2023 20:29,EUR,High Impact Expected,German Prelim CPI m/m,,,
10/30/2023 20:30,EUR,Medium Impact Expected,CPI Flash Estimate y/y,,,
10/30/2023 20:30,EUR,Low Impact Expected,Italian Prelim CPI m/m,,,
10/31/2023 7:45,EUR,Low Impact Expected,French Prelim CPI m/m,,,
10/31/2023 10:00,EUR,Medium Impact Expected,Core CPI Flash Estimate y/y,,,
10/31/2023 16:00,EUR,Low Impact Expected,German Buba President Nagel Speaks,,,
10/31/2023 20:30,USD,High Impact Expected,FOMC Statement,,,
11/1/2023 18:30,USD,High Impact Expected,FOMC Press Conference,,,
11/3/2023 12:00,USD,Low Impact Expected,FOMC Member Barr Speaks,,,
11/3/2023 19:30,USD,Low Impact Expected,FOMC Member Barr Speaks,,,
11/6/2023 16:00,USD,Low Impact Expected,FOMC Member Cook Speaks,,,
11/6/2023 18:00,EUR,Low Impact Expected,German Buba President Nagel Speaks,,,
11/6/2023 23:00,USD,Low Impact Expected,FOMC Member Kashkari Speaks,,,
11/7/2023 10:00,EUR,Low Impact Expected,PPI m/m,,,
11/7/2023 12:30,USD,Low Impact Expected,FOMC Member Kashkari Speaks,,,
11/7/2023 13:00,USD,Low Impact Expected,FOMC Member Goolsbee Speaks,,,
11/7/2023 14:15,USD,Low Impact Expected,FOMC Member Barr Speaks,,,
11/7/2023 15:00,USD,Medium Impact Expected,FOMC Member Waller Speaks,,,
11/7/2023 18:25,USD,Low Impact Expected,FOMC Member Logan Speaks,,,
11/7/2023 19:30,EUR,Low Impact Expected,German Buba President Nagel Speaks,,,
11/8/2023 7:00,EUR,Low Impact Expected,German Final CPI m/m,,,
11/8/2023 10:15,USD,Low Impact Expected,FOMC Member Cook Speaks,,,
11/8/2023 14:15,USD,High Impact Expected,Fed Chair Powell Speaks,,,
11/8/2023 18:40,USD,Low Impact Expected,FOMC Member Williams Speaks,,,
11/8/2023 19:00,USD,Low Impact Expected,FOMC Member Barr Speaks,,,
11/8/2023 21:45,USD,Low Impact Expected,FOMC Member Jefferson Speaks,,,
11/9/2023 9:00,EUR,Low Impact Expected,ECB Economic Bulletin,,,
11/9/2023 17:30,EUR,Medium Impact Expected,ECB President Lagarde Speaks,,,
11/9/2023 19:00,USD,High Impact Expected,Fed Chair Powell Speaks,,,
11/9/2023 20:30,USD,Low Impact Expected,FOMC Member Logan Speaks,,,
11/10/2023 12:30,EUR,Medium Impact Expected,ECB President Lagarde Speaks,,,
11/10/2023 15:20,EUR,Low Impact Expected,German Buba President Nagel Speaks,,,
11/13/2023 13:50,USD,Low Impact Expected,FOMC Member Cook Speaks,,,
11/13/2023 14:45,USD,Low Impact Expected,Cleveland Fed Inflation Expectations,,,
11/13/2023 20:30,USD,High Impact Expected,CPI m/m,,,
11/13/2023 20:30,USD,High Impact Expected,CPI y/y,,,
11/14/2023 10:30,USD,Low Impact Expected,FOMC Member Jefferson Speaks,,,
11/14/2023 13:30,USD,High Impact Expected,Core CPI m/m,,,
11/14/2023 15:00,USD,Low Impact Expected,FOMC Member Barr Speaks,,,
11/14/2023 17:45,USD,Low Impact Expected,FOMC Member Goolsbee Speaks,,,
11/14/2023 20:30,USD,High Impact Expected,Core PPI m/m,,,
11/14/2023 20:30,USD,High Impact Expected,PPI m/m,,,
11/15/2023 7:45,EUR,Low Impact Expected,French Final CPI m/m,,,
11/15/2023 14:30,USD,Low Impact Expected,FOMC Member Barr Speaks,,,
11/15/2023 20:30,USD,Medium Impact Expected,Philly Fed Manufacturing Index,,,
11/16/2023 11:30,EUR,Low Impact Expected,ECB President Lagarde Speaks,,,
11/16/2023 12:10,USD,Low Impact Expected,FOMC Member Barr Speaks,,,
11/16/2023 14:25,USD,Low Impact Expected,FOMC Member Williams Speaks,,,
11/16/2023 15:30,USD,Low Impact Expected,FOMC Member Waller Speaks,,,
11/16/2023 15:35,USD,Low Impact Expected,FOMC Member Barr Speaks,,,
11/16/2023 17:00,USD,Low Impact Expected,FOMC Member Cook Speaks,,,
11/16/2023 20:30,EUR,Low Impact Expected,Final CPI y/y,,,
11/17/2023 8:30,EUR,Medium Impact Expected,ECB President Lagarde Speaks,,,
11/17/2023 10:00,EUR,Low Impact Expected,Final Core CPI y/y,,,
11/17/2023 13:00,EUR,Low Impact Expected,German Buba President Nagel Speaks,,,
11/17/2023 14:45,USD,Low Impact Expected,FOMC Member Goolsbee Speaks,,,
11/20/2023 7:00,EUR,Low Impact Expected,German PPI m/m,,,
11/21/2023 16:15,EUR,Medium Impact Expected,ECB President Lagarde Speaks,,,
11/21/2023 19:00,USD,High Impact Expected,FOMC Meeting Minutes,,,
11/21/2023 20:00,USD,Low Impact Expected,Treasury Sec Yellen Speaks,,,
11/22/2023 9:00,EUR,Medium Impact Expected,ECB Financial Stability Review,,,
11/22/2023 16:00,EUR,Low Impact Expected,German Buba President Nagel Speaks,,,
11/23/2023 12:30,EUR,Low Impact Expected,ECB Monetary Policy Meeting Accounts,,,
11/23/2023 20:30,EUR,Low Impact Expected,German Buba President Nagel Speaks,,,
11/24/2023 10:00,EUR,Low Impact Expected,ECB President Lagarde Speaks,,,
11/25/2023 11:15,EUR,Low Impact Expected,German Buba President Nagel Speaks,,,
11/27/2023 14:00,EUR,Medium Impact Expected,ECB President Lagarde Speaks,,,
11/27/2023 20:30,USD,Low Impact Expected,FOMC Member Goolsbee Speaks,,,
11/28/2023 8:00,EUR,Low Impact Expected,German Buba President Nagel Speaks,,,
11/28/2023 15:05,USD,Medium Impact Expected,FOMC Member Waller Speaks,,,
11/28/2023 15:45,USD,Low Impact Expected,FOMC Member Bowman Speaks,,,
11/28/2023 16:00,EUR,Low Impact Expected,ECB President Lagarde Speaks,,,
11/28/2023 18:05,USD,Low Impact Expected,FOMC Member Barr Speaks,,,
11/28/2023 20:30,USD,Low Impact Expected,FOMC Member Barr Speaks,,,
11/29/2023 8:00,EUR,High Impact Expected,Spanish Flash CPI y/y,,,
11/29/2023 20:29,EUR,High Impact Expected,German Prelim CPI m/m,,,
11/29/2023 20:30,EUR,Medium Impact Expected,ECB President Lagarde Speaks,,,
11/29/2023 20:30,EUR,Low Impact Expected,Italian Prelim CPI m/m,,,
11/29/2023 20:30,EUR,Medium Impact Expected,CPI Flash Estimate y/y,,,
11/29/2023 20:30,EUR,Low Impact Expected,French Prelim CPI m/m,,,
11/30/2023 10:00,EUR,Medium Impact Expected,Core CPI Flash Estimate y/y,,,
11/30/2023 14:15,USD,Low Impact Expected,FOMC Member Williams Speaks,,,
11/30/2023 17:00,EUR,Low Impact Expected,German Buba President Nagel Speaks,,,
11/30/2023 20:30,USD,Low Impact Expected,FOMC Member Cook Speaks,,,
11/30/2023 20:30,USD,Low Impact Expected,FOMC Member Barr Speaks,,,
11/30/2023 20:30,USD,Low Impact Expected,FOMC Member Goolsbee Speaks,,,
12/1/2023 11:30,EUR,Medium Impact Expected,ECB President Lagarde Speaks,,,
12/1/2023 16:00,USD,High Impact Expected,Fed Chair Powell Speaks,,,
12/1/2023 19:00,USD,High Impact Expected,Fed Chair Powell Speaks,,,
12/4/2023 14:00,EUR,Medium Impact Expected,ECB President Lagarde Speaks,,,
12/5/2023 10:00,EUR,Low Impact Expected,PPI m/m,,,
12/5/2023 20:30,EUR,Low Impact Expected,German Buba President Nagel Speaks,,,
12/8/2023 7:00,EUR,Low Impact Expected,German Final CPI m/m,,,
12/11/2023 20:30,USD,High Impact Expected,CPI y/y,,,
12/11/2023 20:30,USD,High Impact Expected,CPI m/m,,,
12/12/2023 13:30,USD,High Impact Expected,Core CPI m/m,,,
12/12/2023 20:30,USD,High Impact Expected,PPI m/m,,,
12/12/2023 20:30,USD,High Impact Expected,FOMC Economic Projections,,,
12/12/2023 20:30,USD,High Impact Expected,FOMC Statement,,,
12/13/2023 13:30,USD,High Impact Expected,Core PPI m/m,,,
12/13/2023 19:30,USD,High Impact Expected,FOMC Press Conference,,,
12/14/2023 13:45,EUR,High Impact Expected,ECB Press Conference,,,
12/15/2023 7:45,EUR,Low Impact Expected,French Final CPI m/m,,,
12/18/2023 20:30,EUR,Low Impact Expected,Final CPI y/y,,,
12/19/2023 10:00,EUR,Low Impact Expected,Final Core CPI y/y,,,
12/19/2023 14:30,USD,Medium Impact Expected,FOMC Member Barkin Speaks,,,
12/19/2023 17:30,USD,Low Impact Expected,FOMC Member Bostic Speaks,,,
12/19/2023 20:30,EUR,Low Impact Expected,German PPI m/m,,,
12/19/2023 23:00,USD,Low Impact Expected,FOMC Member Goolsbee Speaks,,,
12/20/2023 17:00,USD,Low Impact Expected,FOMC Member Goolsbee Speaks,,,
12/20/2023 20:30,USD,Medium Impact Expected,Philly Fed Manufacturing Index,,,
12/28/2023 20:30,EUR,Medium Impact Expected,Spanish Flash CPI y/y,,,
1/3/2024 13:30,USD,Medium Impact Expected,FOMC Member Barkin Speaks,,,
1/3/2024 19:00,USD,High Impact Expected,FOMC Meeting Minutes,,,
1/4/2024 7:45,EUR,Low Impact Expected,French Prelim CPI m/m,,,
1/4/2024 20:29,EUR,High Impact Expected,German Prelim CPI m/m,,,
1/4/2024 20:30,EUR,Low Impact Expected,PPI m/m,,,
1/4/2024 20:30,EUR,Low Impact Expected,Italian Prelim CPI m/m,,,
1/4/2024 20:30,EUR,Medium Impact Expected,CPI Flash Estimate y/y,,,
1/5/2024 10:00,EUR,Medium Impact Expected,Core CPI Flash Estimate y/y,,,
1/5/2024 18:30,USD,Medium Impact Expected,FOMC Member Barkin Speaks,,,
1/8/2024 17:30,USD,Low Impact Expected,FOMC Member Bostic Speaks,,,
1/9/2024 17:00,USD,Low Impact Expected,FOMC Member Barr Speaks,,,
1/10/2024 20:15,USD,Low Impact Expected,FOMC Member Williams Speaks,,,
1/10/2024 20:30,USD,High Impact Expected,CPI m/m,,,
1/10/2024 20:30,USD,High Impact Expected,CPI y/y,,,
1/11/2024 9:00,EUR,Low Impact Expected,ECB Economic Bulletin,,,
1/11/2024 13:30,USD,High Impact Expected,Core CPI m/m,,,
1/11/2024 20:30,USD,High Impact Expected,PPI m/m,,,
1/11/2024 20:30,EUR,Low Impact Expected,French Final CPI m/m,,,
1/12/2024 13:30,USD,High Impact Expected,Core PPI m/m,,,
1/16/2024 7:00,EUR,Low Impact Expected,German Final CPI m/m,,,
1/16/2024 16:00,USD,Low Impact Expected,FOMC Member Waller Speaks,,,
1/16/2024 20:30,USD,Low Impact Expected,FOMC Member Bowman Speaks,,,
1/16/2024 20:30,EUR,Low Impact Expected,Final CPI y/y,,,
1/17/2024 10:00,EUR,Low Impact Expected,Final Core CPI y/y,,,
1/17/2024 14:00,USD,Low Impact Expected,FOMC Member Barr Speaks,,,
1/17/2024 15:15,EUR,Medium Impact Expected,ECB President Lagarde Speaks,,,
1/17/2024 18:30,EUR,Low Impact Expected,German Buba President Nagel Speaks,,,
1/17/2024 20:00,USD,Low Impact Expected,FOMC Member Williams Speaks,,,
1/17/2024 20:30,USD,Low Impact Expected,FOMC Member Bostic Speaks,,,
1/17/2024 20:30,USD,Medium Impact Expected,Philly Fed Manufacturing Index,,,
1/18/2024 12:30,EUR,Low Impact Expected,ECB Monetary Policy Meeting Accounts,,,
1/18/2024 15:15,EUR,Medium Impact Expected,ECB President Lagarde Speaks,,,
1/18/2024 17:05,USD,Low Impact Expected,FOMC Member Bostic Speaks,,,
1/19/2024 7:00,EUR,Low Impact Expected,German PPI m/m,,,
1/19/2024 10:00,EUR,Medium Impact Expected,ECB President Lagarde Speaks,,,
1/19/2024 21:15,USD,Low Impact Expected,FOMC Member Daly Speaks,,,
1/25/2024 13:45,EUR,High Impact Expected,ECB Press Conference,,,
1/29/2024 20:30,EUR,Medium Impact Expected,Spanish Flash CPI y/y,,,
1/30/2024 15:30,EUR,Low Impact Expected,German Buba President Nagel Speaks,,,
1/30/2024 20:30,USD,High Impact Expected,FOMC Statement,,,
1/31/2024 7:45,EUR,Low Impact Expected,French Prelim CPI m/m,,,
1/31/2024 19:30,USD,High Impact Expected,FOMC Press Conference,,,
1/31/2024 20:29,EUR,High Impact Expected,German Prelim CPI m/m,,,
1/31/2024 20:30,EUR,Medium Impact Expected,CPI Flash Estimate y/y,,,
1/31/2024 20:30,EUR,Low Impact Expected,Italian Prelim CPI m/m,,,
2/1/2024 8:00,EUR,Medium Impact Expected,ECB President Lagarde Speaks,,,
2/1/2024 10:00,EUR,Medium Impact Expected,Core CPI Flash Estimate y/y,,,
2/4/2024 20:30,USD,High Impact Expected,Fed Chair Powell Speaks,,,
2/5/2024 10:00,EUR,Low Impact Expected,PPI m/m,,,
2/5/2024 19:00,USD,Low Impact Expected,FOMC Member Bostic Speaks,,,
2/6/2024 17:00,USD,Medium Impact Expected,FOMC Member Mester Speaks,,,
2/7/2024 16:00,USD,Medium Impact Expected,FOMC Member Kugler Speaks,,,
2/7/2024 17:30,USD,Medium Impact Expected,FOMC Member Barkin Speaks,,,
2/7/2024 19:00,USD,Low Impact Expected,FOMC Member Bowman Speaks,,,
2/7/2024 20:30,USD,Medium Impact Expected,FOMC Member Barkin Speaks,,,
2/8/2024 9:00,EUR,Low Impact Expected,ECB Economic Bulletin,,,
2/8/2024 17:05,USD,Medium Impact Expected,FOMC Member Barkin Speaks,,,
2/8/2024 20:30,EUR,Low Impact Expected,German Final CPI m/m,,,
2/9/2024 10:30,EUR,Low Impact Expected,German Buba President Nagel Speaks,,,
2/12/2024 14:20,USD,Low Impact Expected,FOMC Member Bowman Speaks,,,
2/12/2024 14:45,USD,Low Impact Expected,Cleveland Fed Inflation Expectations,,,
2/12/2024 17:00,USD,Medium Impact Expected,FOMC Member Barkin Speaks,,,
2/12/2024 20:30,USD,High Impact Expected,CPI m/m,,,
2/12/2024 20:30,USD,High Impact Expected,CPI y/y,,,
2/13/2024 13:30,USD,High Impact Expected,Core CPI m/m,,,
2/14/2024 17:00,EUR,Low Impact Expected,German Buba President Nagel Speaks,,,
2/14/2024 20:30,USD,Medium Impact Expected,Philly Fed Manufacturing Index,,,
2/14/2024 20:30,EUR,Medium Impact Expected,ECB President Lagarde Speaks,,,
2/14/2024 21:00,USD,Low Impact Expected,FOMC Member Barr Speaks,,,
2/15/2024 18:00,EUR,Low Impact Expected,German Buba President Nagel Speaks,,,
2/15/2024 18:15,USD,Medium Impact Expected,FOMC Member Waller Speaks,,,
2/15/2024 20:30,USD,High Impact Expected,PPI m/m,,,
2/15/2024 20:30,USD,High Impact Expected,Core PPI m/m,,,
2/16/2024 0:00,USD,Low Impact Expected,FOMC Member Bostic Speaks,,,
2/16/2024 7:45,EUR,Low Impact Expected,French Final CPI m/m,,,
2/16/2024 14:10,USD,Low Impact Expected,FOMC Member Barr Speaks,,,
2/16/2024 17:45,USD,Low Impact Expected,FOMC Member Daly Speaks,,,
2/21/2024 13:00,USD,Low Impact Expected,FOMC Member Bostic Speaks,,,
2/21/2024 14:10,USD,Medium Impact Expected,FOMC Member Barkin Speaks,,,
2/21/2024 18:00,USD,Low Impact Expected,FOMC Member Bowman Speaks,,,
2/21/2024 19:00,USD,High Impact Expected,FOMC Meeting Minutes,,,
2/21/2024 20:30,USD,Low Impact Expected,FOMC Member Jefferson Speaks,,,
2/21/2024 20:30,EUR,Low Impact Expected,Final CPI y/y,,,
2/22/2024 10:00,EUR,Low Impact Expected,Final Core CPI y/y,,,
2/22/2024 12:30,EUR,Low Impact Expected,ECB Monetary Policy Meeting Accounts,,,
2/22/2024 22:00,USD,Low Impact Expected,FOMC Member Cook Speaks,,,
2/23/2024 0:35,USD,Medium Impact Expected,FOMC Member Waller Speaks,,,
2/23/2024 10:00,EUR,Low Impact Expected,German Buba President Nagel Speaks,,,
2/26/2024 16:00,EUR,Medium Impact Expected,ECB President Lagarde Speaks,,,
2/27/2024 14:05,USD,Low Impact Expected,FOMC Member Barr Speaks,,,
2/28/2024 17:00,USD,Low Impact Expected,FOMC Member Bostic Speaks,,,
2/28/2024 17:45,USD,Low Impact Expected,FOMC Member Williams Speaks,,,
2/28/2024 20:30,EUR,Low Impact Expected,French Prelim CPI m/m,,,
2/28/2024 20:30,EUR,Medium Impact Expected,Spanish Flash CPI y/y,,,
2/29/2024 15:50,USD,Low Impact Expected,FOMC Member Bostic Speaks,,,
2/29/2024 18:15,USD,Medium Impact Expected,FOMC Member Mester Speaks,,,
2/29/2024 20:29,EUR,High Impact Expected,German Prelim CPI m/m,,,
2/29/2024 20:30,EUR,Low Impact Expected,Italian Prelim CPI m/m,,,
2/29/2024 20:30,EUR,Medium Impact Expected,CPI Flash Estimate y/y,,,
3/1/2024 1:10,USD,Low Impact Expected,FOMC Member Williams Speaks,,,
3/1/2024 10:00,EUR,Medium Impact Expected,Core CPI Flash Estimate y/y,,,
3/1/2024 15:15,USD,Medium Impact Expected,FOMC Member Waller Speaks,,,
3/1/2024 16:00,USD,Low Impact Expected,Fed Monetary Policy Report,,,
3/1/2024 17:15,USD,Low Impact Expected,FOMC Member Bostic Speaks,,,
3/1/2024 18:30,USD,Low Impact Expected,FOMC Member Daly Speaks,,,
3/1/2024 20:30,USD,Low Impact Expected,FOMC Member Kugler Speaks,,,
3/5/2024 10:00,EUR,Low Impact Expected,PPI m/m,,,
3/5/2024 17:00,USD,Low Impact Expected,FOMC Member Barr Speaks,,,
3/5/2024 20:30,USD,Low Impact Expected,FOMC Member Barr Speaks,,,
3/5/2024 20:30,USD,High Impact Expected,Fed Chair Powell Testifies,,,
3/6/2024 17:00,USD,Low Impact Expected,FOMC Member Daly Speaks,,,
3/7/2024 13:45,EUR,High Impact Expected,ECB Press Conference,,,
3/7/2024 15:00,USD,High Impact Expected,Fed Chair Powell Testifies,,,
3/7/2024 16:30,USD,Medium Impact Expected,FOMC Member Mester Speaks,,,
3/7/2024 20:30,EUR,Low Impact Expected,German PPI m/m,,,
3/8/2024 2:00,USD,Low Impact Expected,President Biden Speaks,,,
3/8/2024 12:00,USD,Low Impact Expected,FOMC Member Williams Speaks,,,
3/11/2024 20:30,USD,High Impact Expected,CPI m/m,,,
3/11/2024 20:30,USD,High Impact Expected,CPI y/y,,,
3/12/2024 7:00,EUR,Low Impact Expected,German Final CPI m/m,,,
3/12/2024 12:30,USD,High Impact Expected,Core CPI m/m,,,
3/13/2024 20:30,USD,High Impact Expected,PPI m/m,,,
3/13/2024 20:30,USD,High Impact Expected,Core PPI m/m,,,
3/15/2024 7:45,EUR,Low Impact Expected,French Final CPI m/m,,,
3/17/2024 20:30,EUR,Low Impact Expected,Final CPI y/y,,,
3/18/2024 10:00,EUR,Low Impact Expected,Final Core CPI y/y,,,
3/19/2024 20:30,USD,High Impact Expected,FOMC Statement,,,
3/19/2024 20:30,USD,High Impact Expected,FOMC Economic Projections,,,
3/20/2024 7:00,EUR,Low Impact Expected,German PPI m/m,,,
3/20/2024 8:45,EUR,Medium Impact Expected,ECB President Lagarde Speaks,,,
3/20/2024 16:30,EUR,Low Impact Expected,German Buba President Nagel Speaks,,,
3/20/2024 18:30,USD,High Impact Expected,FOMC Press Conference,,,
3/20/2024 19:30,USD,Medium Impact Expected,Philly Fed Manufacturing Index,,,
3/20/2024 19:30,EUR,Low Impact Expected,ECB Economic Bulletin,,,
3/21/2024 15:00,USD,Low Impact Expected,FOMC Member Barr Speaks,,,
3/21/2024 19:30,USD,High Impact Expected,Fed Chair Powell Speaks,,,
3/21/2024 19:30,EUR,Low Impact Expected,German Buba President Nagel Speaks,,,
3/22/2024 12:00,EUR,Low Impact Expected,German Buba President Nagel Speaks,,,
3/22/2024 15:15,USD,Low Impact Expected,FOMC Member Barr Speaks,,,
3/22/2024 19:00,USD,Low Impact Expected,FOMC Member Bostic Speaks,,,
3/25/2024 11:25,USD,Low Impact Expected,FOMC Member Bostic Speaks,,,
3/25/2024 13:30,USD,Low Impact Expected,FOMC Member Cook Speaks,,,
3/27/2024 7:00,EUR,Medium Impact Expected,Spanish Flash CPI y/y,,,
3/27/2024 21:00,USD,High Impact Expected,FOMC Member Waller Speaks,,,
3/28/2024 19:30,EUR,Low Impact Expected,French Prelim CPI m/m,,,
3/29/2024 9:00,EUR,Low Impact Expected,Italian Prelim CPI m/m,,,
3/29/2024 14:20,USD,Low Impact Expected,FOMC Member Daly Speaks,,,
3/29/2024 14:30,USD,High Impact Expected,Fed Chair Powell Speaks,,,
4/1/2024 21:50,USD,Low Impact Expected,FOMC Member Cook Speaks,,,
4/2/2024 13:10,USD,Low Impact Expected,FOMC Member Bowman Speaks,,,
4/2/2024 15:00,USD,Low Impact Expected,FOMC Member Williams Speaks,,,
4/2/2024 15:05,USD,Medium Impact Expected,FOMC Member Mester Speaks,,,
4/2/2024 16:30,USD,Low Impact Expected,FOMC Member Daly Speaks,,,
4/2/2024 19:29,EUR,High Impact Expected,German Prelim CPI m/m,,,
4/2/2024 19:30,USD,Low Impact Expected,FOMC Member Bowman Speaks,,,
4/2/2024 19:30,EUR,Medium Impact Expected,CPI Flash Estimate y/y,,,
4/3/2024 8:00,EUR,Medium Impact Expected,Core CPI Flash Estimate y/y,,,
4/3/2024 11:30,USD,Low Impact Expected,FOMC Member Bostic Speaks,,,
4/3/2024 15:10,USD,High Impact Expected,Fed Chair Powell Speaks,,,
4/3/2024 16:10,USD,Low Impact Expected,FOMC Member Barr Speaks,,,
4/3/2024 19:30,USD,Low Impact Expected,FOMC Member Kugler Speaks,,,
4/4/2024 8:00,EUR,Low Impact Expected,PPI m/m,,,
4/4/2024 10:30,EUR,Low Impact Expected,ECB Monetary Policy Meeting Accounts,,,
4/4/2024 15:15,USD,Medium Impact Expected,FOMC Member Barkin Speaks,,,
4/4/2024 17:00,USD,Medium Impact Expected,FOMC Member Mester Speaks,,,
4/4/2024 19:30,USD,Low Impact Expected,FOMC Member Kugler Speaks,,,
4/5/2024 12:15,USD,Low Impact Expected,FOMC Member Barkin Speaks,,,
4/5/2024 15:30,USD,Low Impact Expected,FOMC Member Bowman Speaks,,,
4/9/2024 19:30,USD,High Impact Expected,CPI m/m,,,
4/9/2024 19:30,USD,High Impact Expected,CPI y/y,,,
4/9/2024 19:30,USD,High Impact Expected,Core CPI m/m,,,
4/10/2024 11:45,USD,Low Impact Expected,FOMC Member Bowman Speaks,,,
4/10/2024 15:45,USD,Medium Impact Expected,FOMC Member Barkin Speaks,,,
4/10/2024 17:00,USD,High Impact Expected,FOMC Meeting Minutes,,,
4/10/2024 19:30,USD,Low Impact Expected,FOMC Member Williams Speaks,,,
4/10/2024 19:30,USD,High Impact Expected,PPI m/m,,,
4/11/2024 11:30,USD,High Impact Expected,Core PPI m/m,,,
4/11/2024 11:45,EUR,High Impact Expected,ECB Press Conference,,,
4/11/2024 13:00,USD,Medium Impact Expected,FOMC Member Barkin Speaks,,,
4/11/2024 16:30,USD,Low Impact Expected,FOMC Member Bostic Speaks,,,
4/12/2024 5:00,EUR,Low Impact Expected,German Final CPI m/m,,,
4/12/2024 5:45,EUR,Low Impact Expected,French Final CPI m/m,,,
4/12/2024 17:30,USD,Low Impact Expected,FOMC Member Bostic Speaks,,,
4/12/2024 18:30,USD,Low Impact Expected,FOMC Member Daly Speaks,,,
4/14/2024 19:30,USD,Low Impact Expected,FOMC Member Williams Speaks,,,
4/15/2024 19:30,USD,High Impact Expected,Fed Chair Powell Speaks,,,
4/15/2024 19:30,USD,Medium Impact Expected,FOMC Member Barkin Speaks,,,
4/15/2024 19:30,EUR,Low Impact Expected,German Buba President Nagel Speaks,,,
4/15/2024 23:00,USD,Low Impact Expected,FOMC Member Daly Speaks,,,
4/16/2024 12:00,USD,Low Impact Expected,FOMC Member Jefferson Speaks,,,
4/16/2024 15:30,USD,Low Impact Expected,FOMC Member Williams Speaks,,,
4/16/2024 19:30,EUR,Low Impact Expected,Final CPI y/y,,,
4/17/2024 8:00,EUR,Low Impact Expected,Final Core CPI y/y,,,
4/17/2024 17:00,EUR,Medium Impact Expected,ECB President Lagarde Speaks,,,
4/17/2024 19:30,USD,Low Impact Expected,FOMC Member Williams Speaks,,,
4/17/2024 19:30,USD,Medium Impact Expected,Philly Fed Manufacturing Index,,,
4/17/2024 20:30,USD,Medium Impact Expected,FOMC Member Mester Speaks,,,
4/17/2024 21:30,USD,Low Impact Expected,FOMC Member Bowman Speaks,,,
4/18/2024 11:00,EUR,Low Impact Expected,German Buba President Nagel Speaks,,,
4/18/2024 12:05,USD,Low Impact Expected,FOMC Member Bowman Speaks,,,
4/18/2024 12:15,USD,Low Impact Expected,FOMC Member Bowman Speaks,,,
4/18/2024 14:00,USD,Low Impact Expected,FOMC Member Bostic Speaks,,,
4/18/2024 20:45,USD,Low Impact Expected,FOMC Member Bostic Speaks,,,
4/19/2024 5:00,EUR,Low Impact Expected,German PPI m/m,,,
4/19/2024 18:00,EUR,Low Impact Expected,German Buba President Nagel Speaks,,,
4/19/2024 19:00,USD,Low Impact Expected,FOMC Financial Stability Report,,,
4/22/2024 14:30,EUR,Medium Impact Expected,ECB President Lagarde Speaks,,,
4/23/2024 11:30,EUR,Low Impact Expected,German Buba President Nagel Speaks,,,
4/24/2024 6:00,EUR,Low Impact Expected,German Buba President Nagel Speaks,,,
4/25/2024 7:00,EUR,Low Impact Expected,ECB Economic Bulletin,,,
4/25/2024 14:15,EUR,Low Impact Expected,German Buba President Nagel Speaks,,,
4/29/2024 6:00,EUR,Medium Impact Expected,Spanish Flash CPI y/y,,,
4/29/2024 19:29,EUR,High Impact Expected,German Prelim CPI m/m,,,
4/29/2024 19:30,EUR,Low Impact Expected,Italian Prelim CPI m/m,,,
4/29/2024 19:30,EUR,Medium Impact Expected,CPI Flash Estimate y/y,,,
4/30/2024 5:45,EUR,Low Impact Expected,French Prelim CPI m/m,,,
4/30/2024 8:00,EUR,Medium Impact Expected,Core CPI Flash Estimate y/y,,,
4/30/2024 19:30,USD,High Impact Expected,FOMC Statement,,,
5/1/2024 17:30,USD,High Impact Expected,FOMC Press Conference,,,
5/2/2024 19:30,USD,Low Impact Expected,FOMC Member Bowman Speaks,,,
5/3/2024 23:15,USD,Low Impact Expected,FOMC Member Williams Speaks,,,
5/4/2024 12:20,USD,Low Impact Expected,FOMC Member Cook Speaks,,,
5/6/2024 8:00,EUR,Low Impact Expected,PPI m/m,,,
5/6/2024 10:30,EUR,Low Impact Expected,German Buba President Nagel Speaks,,,
5/6/2024 15:50,USD,Low Impact Expected,FOMC Member Barkin Speaks,,,
5/6/2024 16:00,USD,Low Impact Expected,FOMC Member Williams Speaks,,,
5/6/2024 19:30,EUR,Low Impact Expected,German Buba President Nagel Speaks,,,
5/7/2024 14:30,EUR,Low Impact Expected,German Buba President Nagel Speaks,,,
5/8/2024 14:00,USD,Low Impact Expected,FOMC Member Jefferson Speaks,,,
5/8/2024 16:30,USD,Low Impact Expected,FOMC Member Cook Speaks,,,
5/9/2024 17:00,USD,Low Impact Expected,FOMC Member Daly Speaks,,,
5/10/2024 10:30,EUR,Low Impact Expected,ECB Monetary Policy Meeting Accounts,,,
5/10/2024 12:00,USD,Low Impact Expected,FOMC Member Bowman Speaks,,,
5/10/2024 16:30,USD,Low Impact Expected,FOMC Member Barr Speaks,,,
5/12/2024 19:30,USD,Low Impact Expected,FOMC Member Mester Speaks,,,
5/13/2024 12:00,USD,Low Impact Expected,FOMC Member Jefferson Speaks,,,
5/13/2024 12:45,USD,Low Impact Expected,Cleveland Fed Inflation Expectations,,,
5/13/2024 19:30,USD,High Impact Expected,PPI m/m,,,
5/13/2024 19:30,USD,High Impact Expected,Core PPI m/m,,,
5/14/2024 5:00,EUR,Low Impact Expected,German Final CPI m/m,,,
5/14/2024 12:10,USD,Low Impact Expected,FOMC Member Cook Speaks,,,
5/14/2024 13:00,USD,High Impact Expected,Fed Chair Powell Speaks,,,
5/14/2024 19:30,USD,Low Impact Expected,FOMC Member Barr Speaks,,,
5/14/2024 19:30,USD,High Impact Expected,CPI y/y,,,
5/14/2024 19:30,USD,High Impact Expected,CPI m/m,,,
5/14/2024 19:30,USD,High Impact Expected,Core CPI m/m,,,
5/15/2024 5:45,EUR,Low Impact Expected,French Final CPI m/m,,,
5/15/2024 18:20,USD,Low Impact Expected,FOMC Member Bowman Speaks,,,
5/15/2024 19:30,USD,Medium Impact Expected,Philly Fed Manufacturing Index,,,
5/16/2024 7:00,EUR,Medium Impact Expected,ECB Financial Stability Review,,,
5/16/2024 10:30,EUR,Low Impact Expected,German Buba President Nagel Speaks,,,
5/16/2024 13:00,USD,Low Impact Expected,FOMC Member Barr Speaks,,,
5/16/2024 15:00,USD,Low Impact Expected,FOMC Member Mester Speaks,,,
5/16/2024 18:50,USD,Low Impact Expected,FOMC Member Bostic Speaks,,,
5/16/2024 19:30,EUR,Low Impact Expected,Final CPI y/y,,,
5/17/2024 8:00,EUR,Low Impact Expected,Final Core CPI y/y,,,
5/17/2024 13:15,USD,Medium Impact Expected,FOMC Member Waller Speaks,,,
5/17/2024 15:15,USD,Low Impact Expected,FOMC Member Daly Speaks,,,
5/18/2024 20:45,USD,Low Impact Expected,FOMC Member Kugler Speaks,,,
5/19/2024 18:30,USD,Medium Impact Expected,Fed Chair Powell Speaks,,,
5/19/2024 19:30,USD,Low Impact Expected,FOMC Member Barr Speaks,,,
5/20/2024 10:30,USD,Low Impact Expected,FOMC Member Bostic Speaks,,,
5/20/2024 11:45,USD,Low Impact Expected,FOMC Member Bostic Speaks,,,
5/20/2024 12:00,USD,Medium Impact Expected,FOMC Member Waller Speaks,,,
5/20/2024 13:30,USD,Low Impact Expected,FOMC Member Jefferson Speaks,,,
5/20/2024 17:00,USD,Low Impact Expected,FOMC Member Mester Speaks,,,
5/20/2024 19:30,USD,Medium Impact Expected,Treasury Sec Yellen Speaks,,,
5/20/2024 19:30,USD,Low Impact Expected,FOMC Member Barkin Speaks,,,
5/21/2024 5:00,EUR,Low Impact Expected,German PPI m/m,,,
5/21/2024 7:00,EUR,Medium Impact Expected,ECB President Lagarde Speaks,,,
5/21/2024 12:00,USD,Medium Impact Expected,FOMC Member Waller Speaks,,,
5/21/2024 12:05,USD,Low Impact Expected,FOMC Member Williams Speaks,,,
5/21/2024 12:10,USD,Low Impact Expected,FOMC Member Bostic Speaks,,,
5/21/2024 14:45,USD,Low Impact Expected,FOMC Member Barr Speaks,,,
5/21/2024 22:00,USD,Low Impact Expected,FOMC Member Mester Speaks,,,
5/22/2024 17:00,USD,High Impact Expected,FOMC Meeting Minutes,,,
5/23/2024 18:00,USD,Low Impact Expected,FOMC Member Bostic Speaks,,,
5/24/2024 8:15,EUR,Low Impact Expected,German Buba President Nagel Speaks,,,
5/24/2024 12:35,USD,Medium Impact Expected,FOMC Member Waller Speaks,,,
5/27/2024 19:30,USD,Low Impact Expected,FOMC Member Mester Speaks,,,
5/27/2024 19:30,USD,Low Impact Expected,FOMC Member Bowman Speaks,,,
5/27/2024 19:30,USD,Low Impact Expected,FOMC Member Daly Speaks,,,
5/28/2024 16:05,USD,Low Impact Expected,FOMC Member Cook Speaks,,,
5/29/2024 16:45,USD,Low Impact Expected,FOMC Member Williams Speaks,,,
5/29/2024 19:29,EUR,High Impact Expected,German Prelim CPI m/m,,,
5/29/2024 19:30,EUR,Medium Impact Expected,Spanish Flash CPI y/y,,,
5/29/2024 22:00,USD,Low Impact Expected,FOMC Member Bostic Speaks,,,
5/30/2024 15:05,USD,Low Impact Expected,FOMC Member Williams Speaks,,,
5/30/2024 19:30,EUR,Low Impact Expected,French Prelim CPI m/m,,,
5/30/2024 19:30,EUR,Low Impact Expected,Italian Prelim CPI m/m,,,
5/30/2024 19:30,EUR,High Impact Expected,CPI Flash Estimate y/y,,,
5/31/2024 8:00,EUR,High Impact Expected,Core CPI Flash Estimate y/y,,,
5/31/2024 21:15,USD,Low Impact Expected,FOMC Member Bostic Speaks,,,
6/5/2024 8:00,EUR,Low Impact Expected,PPI m/m,,,
6/6/2024 11:45,EUR,High Impact Expected,ECB Press Conference,,,
6/6/2024 19:30,EUR,Low Impact Expected,German Buba President Nagel Speaks,,,
6/7/2024 15:00,USD,Low Impact Expected,FOMC Member Cook Speaks,,,
6/10/2024 8:30,EUR,Low Impact Expected,German Buba President Nagel Speaks,,,
6/11/2024 19:30,USD,High Impact Expected,CPI y/y,,,
6/11/2024 19:30,USD,High Impact Expected,CPI m/m,,,
6/11/2024 19:30,USD,High Impact Expected,FOMC Statement,,,
6/11/2024 19:30,USD,High Impact Expected,FOMC Economic Projections,,,
6/12/2024 5:00,EUR,Low Impact Expected,German Final CPI m/m,,,
6/12/2024 11:30,USD,High Impact Expected,Core CPI m/m,,,
6/12/2024 17:30,USD,High Impact Expected,FOMC Press Conference,,,
6/12/2024 18:30,EUR,Low Impact Expected,German Buba President Nagel Speaks,,,
6/12/2024 19:30,USD,High Impact Expected,PPI m/m,,,
6/12/2024 19:30,USD,Low Impact Expected,FOMC Member Williams Speaks,,,
6/13/2024 11:30,USD,High Impact Expected,Core PPI m/m,,,
6/13/2024 15:00,USD,Medium Impact Expected,Treasury Sec Yellen Speaks,,,
6/14/2024 5:45,EUR,Low Impact Expected,French Final CPI m/m,,,
6/14/2024 16:30,EUR,Medium Impact Expected,ECB President Lagarde Speaks,,,
6/14/2024 22:00,USD,Low Impact Expected,FOMC Member Cook Speaks,,,
6/17/2024 19:30,USD,Low Impact Expected,FOMC Member Barkin Speaks,,,
6/17/2024 19:30,EUR,Low Impact Expected,Final CPI y/y,,,
6/18/2024 0:00,USD,Low Impact Expected,FOMC Member Cook Speaks,,,
6/18/2024 8:00,EUR,Low Impact Expected,Final Core CPI y/y,,,
6/18/2024 16:00,USD,Low Impact Expected,FOMC Member Kugler Speaks,,,
6/19/2024 19:30,EUR,Low Impact Expected,ECB Economic Bulletin,,,
6/19/2024 19:30,USD,Medium Impact Expected,Philly Fed Manufacturing Index,,,
6/19/2024 19:30,EUR,Low Impact Expected,German PPI m/m,,,
6/20/2024 18:30,USD,Low Impact Expected,FOMC Member Barkin Speaks,,,
6/21/2024 6:00,EUR,Low Impact Expected,German Buba President Nagel Speaks,,,
6/24/2024 6:00,USD,Medium Impact Expected,FOMC Member Waller Speaks,,,
6/24/2024 9:10,EUR,Low Impact Expected,German Buba President Nagel Speaks,,,
6/24/2024 17:00,USD,Low Impact Expected,FOMC Member Daly Speaks,,,
6/25/2024 10:00,USD,Low Impact Expected,FOMC Member Bowman Speaks,,,
6/25/2024 15:00,USD,Low Impact Expected,FOMC Member Cook Speaks,,,
6/25/2024 16:15,EUR,Low Impact Expected,German Buba President Nagel Speaks,,,
6/25/2024 17:10,USD,Low Impact Expected,FOMC Member Bowman Speaks,,,
6/27/2024 19:30,EUR,Medium Impact Expected,Spanish Flash CPI y/y,,,
6/28/2024 0:00,USD,Medium Impact Expected,President Biden Speaks,,,
6/28/2024 5:45,EUR,Medium Impact Expected,French Prelim CPI m/m,,,
6/28/2024 8:00,EUR,Low Impact Expected,Italian Prelim CPI m/m,,,
6/28/2024 9:00,USD,Low Impact Expected,FOMC Member Barkin Speaks,,,
6/28/2024 15:00,USD,Low Impact Expected,FOMC Member Bowman Speaks,,,
7/1/2024 11:15,EUR,Low Impact Expected,German Buba President Nagel Speaks,,,
7/1/2024 18:00,EUR,Medium Impact Expected,ECB President Lagarde Speaks,,,
7/1/2024 19:29,EUR,High Impact Expected,German Prelim CPI m/m,,,
7/1/2024 19:30,EUR,Medium Impact Expected,ECB President Lagarde Speaks,,,
7/1/2024 19:30,EUR,High Impact Expected,CPI Flash Estimate y/y,,,
7/1/2024 19:30,USD,High Impact Expected,Fed Chair Powell Speaks,,,
7/2/2024 8:00,EUR,High Impact Expected,Core CPI Flash Estimate y/y,,,
7/3/2024 8:00,EUR,Low Impact Expected,PPI m/m,,,
7/3/2024 9:30,USD,Low Impact Expected,FOMC Member Williams Speaks,,,
7/3/2024 13:15,EUR,Medium Impact Expected,ECB President Lagarde Speaks,,,
7/3/2024 17:00,USD,High Impact Expected,FOMC Meeting Minutes,,,
7/4/2024 10:30,EUR,Low Impact Expected,ECB Monetary Policy Meeting Accounts,,,
7/4/2024 19:30,EUR,Low Impact Expected,German Buba President Nagel Speaks,,,
7/5/2024 8:40,USD,Low Impact Expected,FOMC Member Williams Speaks,,,
7/5/2024 14:00,USD,Low Impact Expected,Fed Monetary Policy Report,,,
7/5/2024 16:15,EUR,Medium Impact Expected,ECB President Lagarde Speaks,,,
7/8/2024 19:30,USD,Medium Impact Expected,Treasury Sec Yellen Speaks,,,
7/9/2024 12:15,USD,Low Impact Expected,FOMC Member Barr Speaks,,,
7/9/2024 13:00,USD,High Impact Expected,Fed Chair Powell Testifies,,,
7/9/2024 16:30,USD,Low Impact Expected,FOMC Member Bowman Speaks,,,
7/9/2024 19:30,USD,High Impact Expected,Fed Chair Powell Testifies,,,
7/9/2024 19:30,USD,Low Impact Expected,FOMC Member Goolsbee Speaks,,,
7/10/2024 7:00,EUR,Low Impact Expected,German Buba President Nagel Speaks,,,
7/10/2024 13:00,EUR,Low Impact Expected,German Buba President Nagel Speaks,,,
7/10/2024 17:30,USD,Low Impact Expected,FOMC Member Bowman Speaks,,,
7/10/2024 19:30,USD,High Impact Expected,CPI y/y,,,
7/10/2024 19:30,USD,High Impact Expected,CPI m/m,,,
7/10/2024 22:30,USD,Low Impact Expected,FOMC Member Cook Speaks,,,
7/11/2024 5:00,EUR,Low Impact Expected,German Final CPI m/m,,,
7/11/2024 11:30,USD,High Impact Expected,Core CPI m/m,,,
7/11/2024 14:30,USD,Low Impact Expected,FOMC Member Bostic Speaks,,,
7/11/2024 16:00,USD,Low Impact Expected,FOMC Member Musalem Speaks,,,
7/11/2024 19:30,USD,High Impact Expected,Core PPI m/m,,,
7/11/2024 19:30,USD,High Impact Expected,PPI m/m,,,
7/11/2024 19:30,USD,Low Impact Expected,President Biden Speaks,,,
7/12/2024 5:45,EUR,Low Impact Expected,French Final CPI m/m,,,
7/15/2024 15:30,USD,High Impact Expected,Fed Chair Powell Speaks,,,
7/15/2024 19:35,USD,Low Impact Expected,FOMC Member Daly Speaks,,,
7/16/2024 17:45,USD,Low Impact Expected,FOMC Member Kugler Speaks,,,
7/16/2024 19:30,EUR,Low Impact Expected,Final CPI y/y,,,
7/17/2024 8:00,EUR,Low Impact Expected,Final Core CPI y/y,,,
7/17/2024 12:00,USD,Low Impact Expected,FOMC Member Barkin Speaks,,,
7/17/2024 12:35,USD,Medium Impact Expected,FOMC Member Waller Speaks,,,
7/17/2024 19:30,USD,Medium Impact Expected,Philly Fed Manufacturing Index,,,
7/18/2024 11:45,EUR,High Impact Expected,ECB Press Conference,,,
7/18/2024 16:45,USD,Low Impact Expected,FOMC Member Logan Speaks,,,
7/18/2024 21:05,USD,Medium Impact Expected,FOMC Member Daly Speaks,,,
7/18/2024 22:45,USD,Low Impact Expected,FOMC Member Bowman Speaks,,,
7/19/2024 5:00,EUR,Low Impact Expected,German PPI m/m,,,
7/19/2024 13:40,USD,Medium Impact Expected,FOMC Member Williams Speaks,,,
7/19/2024 16:00,USD,Low Impact Expected,FOMC Member Bostic Speaks,,,
7/23/2024 19:30,USD,Low Impact Expected,FOMC Member Logan Speaks,,,
7/24/2024 19:05,USD,Low Impact Expected,FOMC Member Bowman Speaks,,,
7/24/2024 23:00,USD,Low Impact Expected,President Biden Speaks,,,
7/25/2024 14:00,EUR,Medium Impact Expected,ECB President Lagarde Speaks,,,
7/29/2024 19:30,EUR,Medium Impact Expected,Spanish Flash CPI y/y,,,
7/30/2024 19:29,EUR,High Impact Expected,German Prelim CPI m/m,,,
7/30/2024 19:30,USD,High Impact Expected,FOMC Statement,,,
7/30/2024 19:30,EUR,High Impact Expected,CPI Flash Estimate y/y,,,
7/31/2024 5:45,EUR,Low Impact Expected,French Prelim CPI m/m,,,
7/31/2024 7:41,EUR,Low Impact Expected,Italian Prelim CPI m/m,,,
7/31/2024 8:00,EUR,High Impact Expected,Core CPI Flash Estimate y/y,,,
7/31/2024 17:30,USD,High Impact Expected,FOMC Press Conference,,,
8/1/2024 7:00,EUR,Low Impact Expected,ECB Economic Bulletin,,,
8/5/2024 8:00,EUR,Low Impact Expected,PPI m/m,,,
8/5/2024 11:30,USD,Low Impact Expected,FOMC Member Goolsbee Speaks,,,
8/5/2024 20:00,USD,Low Impact Expected,FOMC Member Daly Speaks,,,
8/8/2024 18:00,USD,Low Impact Expected,FOMC Member Barkin Speaks,,,
8/9/2024 5:00,EUR,Low Impact Expected,German Final CPI m/m,,,
8/12/2024 12:56,USD,Low Impact Expected,Cleveland Fed Inflation Expectations,,,
8/12/2024 19:30,USD,High Impact Expected,PPI m/m,,,
8/13/2024 11:30,USD,High Impact Expected,Core PPI m/m,,,
8/13/2024 16:15,USD,Low Impact Expected,FOMC Member Bostic Speaks,,,
8/13/2024 19:30,USD,High Impact Expected,CPI m/m,,,
8/13/2024 19:30,USD,High Impact Expected,CPI y/y,,,
8/14/2024 5:45,EUR,Low Impact Expected,French Final CPI m/m,,,
8/14/2024 11:30,USD,High Impact Expected,Core CPI m/m,,,
8/14/2024 19:30,USD,Medium Impact Expected,Philly Fed Manufacturing Index,,,
8/15/2024 12:10,USD,Low Impact Expected,FOMC Member Musalem Speaks,,,
8/15/2024 16:10,USD,Low Impact Expected,FOMC Member Harker Speaks,,,
8/16/2024 16:25,USD,Low Impact Expected,FOMC Member Goolsbee Speaks,,,
8/19/2024 12:15,USD,Medium Impact Expected,FOMC Member Waller Speaks,,,
8/19/2024 19:30,EUR,Low Impact Expected,German PPI m/m,,,
8/19/2024 19:30,EUR,Low Impact Expected,Final CPI y/y,,,
8/20/2024 8:00,EUR,Low Impact Expected,Final Core CPI y/y,,,
8/20/2024 16:35,USD,Low Impact Expected,FOMC Member Bostic Speaks,,,
8/20/2024 17:45,USD,Low Impact Expected,FOMC Member Barr Speaks,,,
8/21/2024 17:00,USD,High Impact Expected,FOMC Meeting Minutes,,,
8/21/2024 19:30,USD,Low Impact Expected,FOMC Member Collins Speaks,,,
8/21/2024 19:30,USD,Low Impact Expected,FOMC Member Harker Speaks,,,
8/22/2024 10:30,EUR,Low Impact Expected,ECB Monetary Policy Meeting Accounts,,,
8/22/2024 19:30,USD,Medium Impact Expected,FOMC Member Harker Speaks,,,
8/23/2024 11:00,USD,Medium Impact Expected,FOMC Member Bostic Speaks,,,
8/23/2024 12:00,USD,Low Impact Expected,FOMC Member Bostic Speaks,,,
8/23/2024 13:00,USD,High Impact Expected,Fed Chair Powell Speaks,,,
8/23/2024 15:30,USD,Medium Impact Expected,FOMC Member Goolsbee Speaks,,,
8/23/2024 16:45,USD,Low Impact Expected,FOMC Member Goolsbee Speaks,,,
8/23/2024 17:15,USD,Low Impact Expected,FOMC Member Goolsbee Speaks,,,
8/27/2024 13:00,EUR,Low Impact Expected,German Buba President Nagel Speaks,,,
8/28/2024 4:15,USD,Medium Impact Expected,FOMC Member Waller Speaks,,,
8/28/2024 21:00,USD,Low Impact Expected,FOMC Member Bostic Speaks,,,
8/29/2024 6:00,EUR,Medium Impact Expected,Spanish Flash CPI y/y,,,
8/29/2024 16:00,EUR,Low Impact Expected,German Buba President Nagel Speaks,,,
8/29/2024 18:30,USD,Low Impact Expected,FOMC Member Bostic Speaks,,,
8/29/2024 19:29,EUR,High Impact Expected,German Prelim CPI m/m,,,
8/29/2024 19:30,EUR,Medium Impact Expected,Core CPI Flash Estimate y/y,,,
8/29/2024 19:30,EUR,Low Impact Expected,Italian Prelim CPI m/m,,,
8/29/2024 19:30,EUR,Low Impact Expected,French Prelim CPI m/m,,,
8/30/2024 8:00,EUR,High Impact Expected,CPI Flash Estimate y/y,,,
9/3/2024 15:45,EUR,Low Impact Expected,German Buba President Nagel Speaks,,,
9/4/2024 8:00,EUR,Low Impact Expected,PPI m/m,,,
9/6/2024 11:45,USD,Medium Impact Expected,FOMC Member Williams Speaks,,,
9/6/2024 14:00,USD,High Impact Expected,FOMC Member Waller Speaks,,,
9/10/2024 5:00,EUR,Low Impact Expected,German Final CPI m/m,,,
9/10/2024 13:00,USD,Low Impact Expected,FOMC Member Barr Speaks,,,
9/10/2024 15:15,USD,Low Impact Expected,FOMC Member Bowman Speaks,,,
9/10/2024 19:30,USD,High Impact Expected,CPI m/m,,,
9/10/2024 19:30,USD,High Impact Expected,CPI y/y,,,
9/11/2024 11:30,USD,High Impact Expected,Core CPI m/m,,,
9/11/2024 19:30,USD,High Impact Expected,PPI m/m,,,
9/11/2024 19:30,USD,High Impact Expected,Core PPI m/m,,,
9/12/2024 11:45,EUR,High Impact Expected,ECB Press Conference,,,
9/13/2024 5:45,EUR,Low Impact Expected,French Final CPI m/m,,,
9/16/2024 19:30,USD,Low Impact Expected,FOMC Member Logan Speaks,,,
9/17/2024 19:30,EUR,Low Impact Expected,Final CPI y/y,,,
9/17/2024 19:30,USD,High Impact Expected,FOMC Economic Projections,,,
9/17/2024 19:30,USD,High Impact Expected,FOMC Statement,,,
9/18/2024 8:00,EUR,Low Impact Expected,Final Core CPI y/y,,,
9/18/2024 10:00,EUR,Low Impact Expected,German Buba President Nagel Speaks,,,
9/18/2024 17:30,USD,High Impact Expected,FOMC Press Conference,,,
9/18/2024 19:30,USD,Medium Impact Expected,Philly Fed Manufacturing Index,,,
9/19/2024 10:30,EUR,Low Impact Expected,German Buba President Nagel Speaks,,,
9/20/2024 5:00,EUR,Low Impact Expected,German PPI m/m,,,
9/20/2024 14:00,EUR,Medium Impact Expected,ECB President Lagarde Speaks,,,
9/20/2024 14:30,USD,Medium Impact Expected,FOMC Member Waller Speaks,,,
9/20/2024 17:00,USD,Medium Impact Expected,FOMC Member Harker Speaks,,,
9/23/2024 12:00,USD,Low Impact Expected,FOMC Member Bostic Speaks,,,
9/23/2024 12:10,USD,Low Impact Expected,FOMC Member Kashkari Speaks,,,
9/23/2024 14:15,USD,Low Impact Expected,FOMC Member Goolsbee Speaks,,,
9/23/2024 17:00,USD,Low Impact Expected,FOMC Member Kashkari Speaks,,,
9/23/2024 20:30,USD,Low Impact Expected,FOMC Member Bowman Speaks,,,
9/24/2024 16:00,EUR,Low Impact Expected,German Buba President Nagel Speaks,,,
9/25/2024 20:00,USD,Low Impact Expected,FOMC Member Kugler Speaks,,,
9/25/2024 20:30,USD,Low Impact Expected,FOMC Member Kashkari Speaks,,,
9/25/2024 20:30,EUR,Low Impact Expected,ECB Economic Bulletin,,,
9/25/2024 20:30,USD,Low Impact Expected,FOMC Member Kugler Speaks,,,
9/25/2024 20:30,USD,Low Impact Expected,FOMC Member Cook Speaks,,,
9/26/2024 13:10,USD,Low Impact Expected,FOMC Member Collins Speaks,,,
9/26/2024 13:15,USD,Low Impact Expected,FOMC Member Bowman Speaks,,,
9/26/2024 13:20,USD,High Impact Expected,Fed Chair Powell Speaks,,,
9/26/2024 13:25,USD,Low Impact Expected,FOMC Member Williams Speaks,,,
9/26/2024 13:30,EUR,Medium Impact Expected,ECB President Lagarde Speaks,,,
9/26/2024 14:30,USD,Low Impact Expected,FOMC Member Barr Speaks,,,
9/26/2024 15:15,USD,Medium Impact Expected,Treasury Sec Yellen Speaks,,,
9/26/2024 17:00,USD,Low Impact Expected,FOMC Member Barr Speaks,,,
9/26/2024 20:30,EUR,Low Impact Expected,French Prelim CPI m/m,,,
9/26/2024 22:00,USD,Low Impact Expected,FOMC Member Cook Speaks,,,
9/27/2024 7:00,EUR,Medium Impact Expected,Spanish Flash CPI y/y,,,
9/27/2024 11:15,EUR,Low Impact Expected,German Buba President Nagel Speaks,,,
9/27/2024 17:15,USD,Low Impact Expected,FOMC Member Bowman Speaks,,,
9/30/2024 9:00,EUR,Low Impact Expected,Italian Prelim CPI m/m,,,
9/30/2024 12:50,USD,Low Impact Expected,FOMC Member Bowman Speaks,,,
9/30/2024 13:00,EUR,Medium Impact Expected,ECB President Lagarde Speaks,,,
9/30/2024 17:55,USD,High Impact Expected,Fed Chair Powell Speaks,,,
9/30/2024 20:29,EUR,High Impact Expected,German Prelim CPI m/m,,,
9/30/2024 20:30,EUR,High Impact Expected,CPI Flash Estimate y/y,,,
10/1/2024 7:00,EUR,Low Impact Expected,German Buba President Nagel Speaks,,,
10/1/2024 9:00,EUR,High Impact Expected,Core CPI Flash Estimate y/y,,,
10/1/2024 15:00,USD,Low Impact Expected,FOMC Member Bostic Speaks,,,
10/1/2024 15:10,USD,Low Impact Expected,FOMC Member Cook Speaks,,,
10/1/2024 20:30,USD,Low Impact Expected,FOMC Member Collins Speaks,,,
10/1/2024 20:30,USD,Low Impact Expected,FOMC Member Bostic Speaks,,,
10/1/2024 20:30,USD,Low Impact Expected,FOMC Member Hammack Speaks,,,
10/1/2024 22:15,USD,Low Impact Expected,FOMC Member Barkin Speaks,,,
10/2/2024 14:05,USD,Low Impact Expected,FOMC Member Musalem Speaks,,,
10/2/2024 15:00,USD,Low Impact Expected,FOMC Member Bowman Speaks,,,
10/2/2024 16:15,USD,Low Impact Expected,FOMC Member Barkin Speaks,,,
10/2/2024 20:30,USD,Low Impact Expected,FOMC Member Schmid Speaks,,,
10/3/2024 9:00,EUR,Low Impact Expected,PPI m/m,,,
10/3/2024 14:40,USD,Low Impact Expected,FOMC Member Bostic Speaks,,,
10/3/2024 20:30,USD,Low Impact Expected,FOMC Member Goolsbee Speaks,,,
10/4/2024 13:00,USD,Low Impact Expected,FOMC Member Williams Speaks,,,
10/4/2024 14:30,USD,Low Impact Expected,FOMC Member Goolsbee Speaks,,,
10/4/2024 20:00,USD,Low Impact Expected,FOMC Member Goolsbee Speaks,,,
10/7/2024 14:30,EUR,Low Impact Expected,German Buba President Nagel Speaks,,,
10/7/2024 17:00,USD,Low Impact Expected,FOMC Member Bowman Speaks,,,
10/7/2024 17:50,USD,Low Impact Expected,FOMC Member Kashkari Speaks,,,
10/7/2024 22:30,USD,Low Impact Expected,FOMC Member Musalem Speaks,,,
10/8/2024 7:00,USD,Low Impact Expected,FOMC Member Kugler Speaks,,,
10/8/2024 16:45,USD,Low Impact Expected,FOMC Member Bostic Speaks,,,
10/8/2024 17:00,EUR,Low Impact Expected,German Buba President Nagel Speaks,,,
10/8/2024 20:00,USD,Low Impact Expected,FOMC Member Collins Speaks,,,
10/8/2024 20:30,USD,Low Impact Expected,FOMC Member Goolsbee Speaks,,,
10/8/2024 23:30,USD,Low Impact Expected,FOMC Member Jefferson Speaks,,,
10/9/2024 12:00,USD,Low Impact Expected,FOMC Member Bostic Speaks,,,
10/9/2024 13:15,USD,Low Impact Expected,FOMC Member Logan Speaks,,,
10/9/2024 16:30,USD,Low Impact Expected,FOMC Member Jefferson Speaks,,,
10/9/2024 18:00,USD,High Impact Expected,FOMC Meeting Minutes,,,
10/9/2024 20:30,USD,High Impact Expected,CPI m/m,,,
10/9/2024 20:30,USD,High Impact Expected,CPI y/y,,,
10/9/2024 21:00,USD,Low Impact Expected,FOMC Member Collins Speaks,,,
10/9/2024 22:00,USD,Low Impact Expected,FOMC Member Daly Speaks,,,
10/10/2024 11:30,EUR,Low Impact Expected,ECB Monetary Policy Meeting Accounts,,,
10/10/2024 12:30,USD,High Impact Expected,Core CPI m/m,,,
10/10/2024 13:15,USD,Low Impact Expected,FOMC Member Cook Speaks,,,
10/10/2024 14:30,USD,Low Impact Expected,FOMC Member Barkin Speaks,,,
10/10/2024 15:00,USD,Low Impact Expected,FOMC Member Williams Speaks,,,
10/10/2024 20:30,USD,High Impact Expected,PPI m/m,,,
10/10/2024 20:30,USD,High Impact Expected,Core PPI m/m,,,
10/11/2024 6:00,EUR,Low Impact Expected,German Final CPI m/m,,,
10/11/2024 13:45,USD,Low Impact Expected,FOMC Member Goolsbee Speaks,,,
10/11/2024 14:45,USD,Low Impact Expected,FOMC Member Logan Speaks,,,
10/11/2024 17:10,USD,Low Impact Expected,FOMC Member Bowman Speaks,,,
10/14/2024 6:15,EUR,Low Impact Expected,German Buba President Nagel Speaks,,,
10/14/2024 13:00,USD,Low Impact Expected,FOMC Member Kashkari Speaks,,,
10/14/2024 19:00,USD,Medium Impact Expected,FOMC Member Waller Speaks,,,
10/14/2024 21:00,USD,Low Impact Expected,FOMC Member Kashkari Speaks,,,
10/15/2024 6:45,EUR,Low Impact Expected,French Final CPI m/m,,,
10/15/2024 15:30,USD,Low Impact Expected,FOMC Member Daly Speaks,,,
10/15/2024 17:00,USD,Low Impact Expected,FOMC Member Kugler Speaks,,,
10/16/2024 18:40,EUR,Medium Impact Expected,ECB President Lagarde Speaks,,,
10/16/2024 20:30,USD,Medium Impact Expected,Philly Fed Manufacturing Index,,,
10/16/2024 20:30,USD,Low Impact Expected,FOMC Member Goolsbee Speaks,,,
10/16/2024 20:30,EUR,Low Impact Expected,Final CPI y/y,,,
10/17/2024 9:00,EUR,Low Impact Expected,Final Core CPI y/y,,,
10/17/2024 12:45,EUR,High Impact Expected,ECB Press Conference,,,
10/17/2024 19:00,USD,Medium Impact Expected,Treasury Sec Yellen Speaks,,,
10/18/2024 16:10,USD,Medium Impact Expected,FOMC Member Waller Speaks,,,
10/18/2024 16:30,USD,Low Impact Expected,FOMC Member Bostic Speaks,,,
10/21/2024 6:00,EUR,Low Impact Expected,German PPI m/m,,,
10/21/2024 12:55,USD,Low Impact Expected,FOMC Member Logan Speaks,,,
10/21/2024 17:00,USD,Low Impact Expected,FOMC Member Kashkari Speaks,,,
10/21/2024 20:30,USD,Medium Impact Expected,FOMC Member Harker Speaks,,,
10/21/2024 21:05,USD,Low Impact Expected,FOMC Member Schmid Speaks,,,
10/21/2024 22:40,USD,Low Impact Expected,FOMC Member Daly Speaks,,,
10/22/2024 14:00,EUR,Medium Impact Expected,ECB President Lagarde Speaks,,,
10/22/2024 19:15,EUR,Medium Impact Expected,ECB President Lagarde Speaks,,,
10/22/2024 20:30,USD,Low Impact Expected,FOMC Member Bowman Speaks,,,
10/23/2024 14:00,EUR,Medium Impact Expected,ECB President Lagarde Speaks,,,
10/23/2024 16:00,USD,Low Impact Expected,FOMC Member Barkin Speaks,,,
10/24/2024 12:45,USD,Low Impact Expected,FOMC Member Hammack Speaks,,,
10/25/2024 15:00,USD,Low Impact Expected,FOMC Member Collins Speaks,,,
10/29/2024 20:30,EUR,Medium Impact Expected,Spanish Flash CPI y/y,,,
10/30/2024 18:00,EUR,Low Impact Expected,German Buba President Nagel Speaks,,,
10/30/2024 20:29,EUR,High Impact Expected,German Prelim CPI m/m,,,
10/30/2024 20:30,EUR,Low Impact Expected,Italian Prelim CPI m/m,,,
10/30/2024 20:30,EUR,Medium Impact Expected,CPI Flash Estimate y/y,,,
10/31/2024 7:45,EUR,Low Impact Expected,French Prelim CPI m/m,,,
10/31/2024 9:00,EUR,Low Impact Expected,ECB Economic Bulletin,,,
10/31/2024 10:00,EUR,Medium Impact Expected,Core CPI Flash Estimate y/y,,,
11/5/2024 15:10,EUR,Medium Impact Expected,ECB President Lagarde Speaks,,,
11/6/2024 10:00,EUR,Low Impact Expected,PPI m/m,,,
11/6/2024 14:00,EUR,Medium Impact Expected,ECB President Lagarde Speaks,,,
11/6/2024 20:30,USD,High Impact Expected,FOMC Statement,,,
11/6/2024 20:30,USD,Low Impact Expected,FOMC Member Musalem Speaks,,,
11/7/2024 19:30,USD,High Impact Expected,FOMC Press Conference,,,
11/8/2024 16:00,USD,Low Impact Expected,FOMC Member Bowman Speaks,,,
11/9/2024 15:35,EUR,Medium Impact Expected,ECB President Lagarde Speaks,,,
11/12/2024 7:00,EUR,Low Impact Expected,German Final CPI m/m,,,
11/12/2024 14:45,USD,Low Impact Expected,Cleveland Fed Inflation Expectations,,,
11/12/2024 15:00,USD,Medium Impact Expected,FOMC Member Waller Speaks,,,
11/12/2024 15:15,USD,Low Impact Expected,FOMC Member Barkin Speaks,,,
11/12/2024 19:00,USD,Low Impact Expected,FOMC Member Kashkari Speaks,,,
11/12/2024 20:30,USD,High Impact Expected,CPI y/y,,,
11/12/2024 20:30,USD,High Impact Expected,CPI m/m,,,
11/12/2024 22:00,USD,Medium Impact Expected,FOMC Member Harker Speaks,,,
11/12/2024 22:30,USD,Low Impact Expected,FOMC Member Barkin Speaks,,,
11/13/2024 13:30,USD,High Impact Expected,Core CPI m/m,,,
11/13/2024 13:40,USD,Low Impact Expected,FOMC Member Kashkari Speaks,,,
11/13/2024 14:45,USD,Low Impact Expected,FOMC Member Logan Speaks,,,
11/13/2024 18:00,USD,Low Impact Expected,FOMC Member Musalem Speaks,,,
11/13/2024 18:30,USD,Low Impact Expected,FOMC Member Schmid Speaks,,,
11/13/2024 20:30,USD,High Impact Expected,PPI m/m,,,
11/14/2024 12:00,USD,Low Impact Expected,FOMC Member Kugler Speaks,,,
11/14/2024 12:30,EUR,Low Impact Expected,ECB Monetary Policy Meeting Accounts,,,
11/14/2024 13:30,USD,High Impact Expected,Core PPI m/m,,,
11/14/2024 14:00,USD,Low Impact Expected,FOMC Member Barkin Speaks,,,
11/14/2024 19:00,EUR,Medium Impact Expected,ECB President Lagarde Speaks,,,
11/14/2024 20:00,USD,High Impact Expected,Fed Chair Powell Speaks,,,
11/14/2024 21:15,USD,Low Impact Expected,FOMC Member Williams Speaks,,,
11/15/2024 7:45,EUR,Low Impact Expected,French Final CPI m/m,,,
11/15/2024 14:00,USD,Low Impact Expected,FOMC Member Collins Speaks,,,
11/15/2024 18:15,USD,Low Impact Expected,FOMC Member Williams Speaks,,,
11/15/2024 19:05,USD,Low Impact Expected,FOMC Member Goolsbee Speaks,,,
11/15/2024 20:00,USD,Low Impact Expected,FOMC Member Barkin Speaks,,,
11/18/2024 8:00,EUR,Low Impact Expected,German Buba President Nagel Speaks,,,
11/18/2024 15:00,USD,Low Impact Expected,FOMC Member Goolsbee Speaks,,,
11/18/2024 18:30,EUR,Medium Impact Expected,ECB President Lagarde Speaks,,,
11/18/2024 20:30,EUR,Low Impact Expected,Final CPI y/y,,,
11/19/2024 10:00,EUR,Low Impact Expected,Final Core CPI y/y,,,
11/19/2024 18:10,USD,Low Impact Expected,FOMC Member Schmid Speaks,,,
11/19/2024 20:30,USD,Low Impact Expected,FOMC Member Cook Speaks,,,
11/20/2024 7:00,EUR,Low Impact Expected,German PPI m/m,,,
11/20/2024 9:00,EUR,Medium Impact Expected,ECB Financial Stability Review,,,
11/20/2024 13:00,EUR,Medium Impact Expected,ECB President Lagarde Speaks,,,
11/20/2024 15:00,USD,Low Impact Expected,FOMC Member Barr Speaks,,,
11/20/2024 17:15,USD,Low Impact Expected,FOMC Member Bowman Speaks,,,
11/20/2024 20:30,USD,Medium Impact Expected,Philly Fed Manufacturing Index,,,
11/20/2024 21:00,USD,Low Impact Expected,FOMC Member Collins Speaks,,,
11/21/2024 13:45,USD,Low Impact Expected,FOMC Member Hammack Speaks,,,
11/21/2024 17:25,USD,Low Impact Expected,FOMC Member Goolsbee Speaks,,,
11/21/2024 17:30,USD,Low Impact Expected,FOMC Member Hammack Speaks,,,
11/21/2024 20:30,EUR,Medium Impact Expected,ECB President Lagarde Speaks,,,
11/21/2024 21:40,USD,Low Impact Expected,FOMC Member Barr Speaks,,,
11/22/2024 13:00,EUR,Low Impact Expected,German Buba President Nagel Speaks,,,
11/22/2024 21:00,USD,Low Impact Expected,FOMC Financial Stability Report,,,
11/22/2024 23:15,USD,Low Impact Expected,FOMC Member Bowman Speaks,,,
11/25/2024 17:30,EUR,Low Impact Expected,German Buba President Nagel Speaks,,,
11/26/2024 19:00,USD,High Impact Expected,FOMC Meeting Minutes,,,
11/26/2024 19:30,USD,Low Impact Expected,President Biden Speaks,,,
11/28/2024 8:00,EUR,Medium Impact Expected,Spanish Flash CPI y/y,,,
11/28/2024 20:29,EUR,High Impact Expected,German Prelim CPI m/m,,,
11/28/2024 20:30,EUR,Medium Impact Expected,CPI Flash Estimate y/y,,,
11/28/2024 20:30,EUR,Low Impact Expected,French Prelim CPI m/m,,,
11/28/2024 20:30,EUR,Low Impact Expected,Italian Prelim CPI m/m,,,
11/29/2024 10:00,EUR,Medium Impact Expected,Core CPI Flash Estimate y/y,,,
11/29/2024 13:00,EUR,Low Impact Expected,German Buba President Nagel Speaks,,,
12/2/2024 20:15,USD,Medium Impact Expected,FOMC Member Waller Speaks,,,
12/2/2024 21:30,USD,Low Impact Expected,FOMC Member Williams Speaks,,,
12/3/2024 17:35,USD,Low Impact Expected,FOMC Member Kugler Speaks,,,
12/3/2024 20:30,EUR,Medium Impact Expected,ECB President Lagarde Speaks,,,
12/3/2024 20:45,USD,Low Impact Expected,FOMC Member Goolsbee Speaks,,,
12/4/2024 10:00,EUR,Low Impact Expected,PPI m/m,,,
12/4/2024 13:45,USD,Low Impact Expected,FOMC Member Musalem Speaks,,,
12/4/2024 17:10,EUR,Low Impact Expected,German Buba President Nagel Speaks,,,
12/4/2024 18:45,USD,High Impact Expected,Fed Chair Powell Speaks,,,
12/6/2024 14:15,USD,Low Impact Expected,FOMC Member Bowman Speaks,,,
12/6/2024 15:30,USD,Low Impact Expected,FOMC Member Goolsbee Speaks,,,
12/6/2024 17:00,USD,Low Impact Expected,FOMC Member Hammack Speaks,,,
12/6/2024 18:00,USD,Low Impact Expected,FOMC Member Daly Speaks,,,
12/10/2024 7:00,EUR,Low Impact Expected,German Final CPI m/m,,,
12/10/2024 20:30,USD,High Impact Expected,CPI y/y,,,
12/10/2024 20:30,USD,High Impact Expected,CPI m/m,,,
12/11/2024 13:30,USD,High Impact Expected,Core CPI m/m,,,
12/11/2024 20:30,USD,High Impact Expected,PPI m/m,,,
12/11/2024 20:30,USD,High Impact Expected,Core PPI m/m,,,
12/12/2024 13:45,EUR,High Impact Expected,ECB Press Conference,,,
12/13/2024 7:45,EUR,Low Impact Expected,French Final CPI m/m,,,
12/15/2024 20:30,EUR,Medium Impact Expected,ECB President Lagarde Speaks,,,
12/16/2024 8:35,EUR,Medium Impact Expected,ECB President Lagarde Speaks,,,
12/17/2024 20:30,EUR,Low Impact Expected,Final CPI y/y,,,
12/17/2024 20:30,USD,High Impact Expected,FOMC Statement,,,
12/17/2024 20:30,USD,High Impact Expected,FOMC Economic Projections,,,
12/18/2024 9:30,EUR,Low Impact Expected,German Buba President Nagel Speaks,,,
12/18/2024 10:00,EUR,Low Impact Expected,Final Core CPI y/y,,,
12/18/2024 19:30,USD,High Impact Expected,FOMC Press Conference,,,
12/18/2024 20:30,USD,Medium Impact Expected,Philly Fed Manufacturing Index,,,
12/20/2024 7:00,EUR,Low Impact Expected,German PPI m/m,,,
12/20/2024 12:30,USD,Low Impact Expected,FOMC Member Daly Speaks,,,
12/29/2024 20:30,EUR,Medium Impact Expected,Spanish Flash CPI y/y,,,
1/3/2025 16:00,USD,Low Impact Expected,FOMC Member Barkin Speaks,,,
1/4/2025 20:30,USD,Low Impact Expected,FOMC Member Kugler Speaks,,,
1/4/2025 22:30,USD,Low Impact Expected,FOMC Member Daly Speaks,,,
1/5/2025 18:15,USD,Low Impact Expected,FOMC Member Daly Speaks,,,
1/6/2025 14:30,USD,Low Impact Expected,FOMC Member Cook Speaks,,,
1/6/2025 20:29,EUR,High Impact Expected,German Prelim CPI m/m,,,
1/6/2025 20:30,EUR,Medium Impact Expected,CPI Flash Estimate y/y,,,
1/6/2025 20:30,EUR,Low Impact Expected,Italian Prelim CPI m/m,,,
1/7/2025 7:45,EUR,Low Impact Expected,French Prelim CPI m/m,,,
1/7/2025 10:00,EUR,Medium Impact Expected,Core CPI Flash Estimate y/y,,,
1/7/2025 13:00,USD,Low Impact Expected,FOMC Member Barkin Speaks,,,
1/8/2025 10:00,EUR,Low Impact Expected,PPI m/m,,,
1/8/2025 13:00,USD,Medium Impact Expected,FOMC Member Waller Speaks,,,
1/8/2025 19:00,USD,High Impact Expected,FOMC Meeting Minutes,,,
1/8/2025 20:30,USD,Low Impact Expected,FOMC Member Harker Speaks,,,
1/9/2025 9:00,EUR,Low Impact Expected,ECB Economic Bulletin,,,
1/9/2025 14:00,USD,Low Impact Expected,FOMC Member Collins Speaks,,,
1/9/2025 17:45,USD,Low Impact Expected,FOMC Member Barkin Speaks,,,
1/9/2025 18:30,USD,Low Impact Expected,FOMC Member Schmid Speaks,,,
1/9/2025 18:35,USD,Low Impact Expected,FOMC Member Bowman Speaks,,,
1/10/2025 15:05,USD,Low Impact Expected,FOMC Member Goolsbee Speaks,,,
1/13/2025 20:30,USD,High Impact Expected,PPI m/m,,,
1/14/2025 13:30,USD,High Impact Expected,Core PPI m/m,,,
1/14/2025 15:00,USD,Low Impact Expected,FOMC Member Schmid Speaks,,,
1/14/2025 20:00,USD,Low Impact Expected,FOMC Member Williams Speaks,,,
1/14/2025 20:30,USD,High Impact Expected,CPI y/y,,,
1/14/2025 20:30,USD,High Impact Expected,CPI m/m,,,
1/14/2025 20:30,USD,High Impact Expected,Core CPI m/m,,,
1/15/2025 7:45,EUR,Low Impact Expected,French Final CPI m/m,,,
1/15/2025 14:20,USD,Low Impact Expected,FOMC Member Barkin Speaks,,,
1/15/2025 15:00,USD,Low Impact Expected,FOMC Member Kashkari Speaks,,,
1/15/2025 16:00,USD,Low Impact Expected,FOMC Member Williams Speaks,,,
1/15/2025 17:00,USD,Low Impact Expected,FOMC Member Goolsbee Speaks,,,
1/15/2025 20:30,USD,Medium Impact Expected,Philly Fed Manufacturing Index,,,
1/16/2025 7:00,EUR,Low Impact Expected,German Final CPI m/m,,,
1/16/2025 12:30,EUR,Low Impact Expected,ECB Monetary Policy Meeting Accounts,,,
1/16/2025 20:30,EUR,Low Impact Expected,Final CPI y/y,,,
1/17/2025 10:00,EUR,Low Impact Expected,Final Core CPI y/y,,,
1/20/2025 7:00,EUR,Low Impact Expected,German PPI m/m,,,
1/20/2025 17:00,USD,High Impact Expected,President Trump Speaks,,,
1/22/2025 15:15,EUR,Medium Impact Expected,ECB President Lagarde Speaks,,,
1/23/2025 16:00,USD,High Impact Expected,President Trump Speaks,,,
1/24/2025 10:00,EUR,Medium Impact Expected,ECB President Lagarde Speaks,,,
1/27/2025 8:10,EUR,Medium Impact Expected,ECB President Lagarde Speaks,,,
1/28/2025 20:30,USD,High Impact Expected,FOMC Statement,,,
1/29/2025 19:30,USD,High Impact Expected,FOMC Press Conference,,,
1/29/2025 20:30,EUR,Medium Impact Expected,Spanish Flash CPI y/y,,,
1/30/2025 13:45,EUR,High Impact Expected,ECB Press Conference,,,
1/30/2025 20:30,USD,Low Impact Expected,FOMC Member Bowman Speaks,,,
1/31/2025 7:45,EUR,Low Impact Expected,French Prelim CPI m/m,,,
1/31/2025 15:05,USD,Low Impact Expected,FOMC Member Goolsbee Speaks,,,
1/31/2025 20:29,EUR,High Impact Expected,German Prelim CPI m/m,,,
2/2/2025 20:30,EUR,Low Impact Expected,Italian Prelim CPI m/m,,,
2/2/2025 20:30,EUR,Medium Impact Expected,CPI Flash Estimate y/y,,,
2/3/2025 10:00,EUR,Medium Impact Expected,Core CPI Flash Estimate y/y,,,
2/3/2025 17:30,USD,Low Impact Expected,FOMC Member Bostic Speaks,,,
2/3/2025 23:30,USD,Low Impact Expected,FOMC Member Musalem Speaks,,,
2/4/2025 16:00,USD,Low Impact Expected,FOMC Member Bostic Speaks,,,
2/4/2025 19:00,USD,Low Impact Expected,FOMC Member Daly Speaks,,,
2/4/2025 22:10,USD,High Impact Expected,President Trump Speaks,,,
2/5/2025 0:30,USD,Low Impact Expected,FOMC Member Jefferson Speaks,,,
2/5/2025 10:00,EUR,Low Impact Expected,PPI m/m,,,
2/5/2025 12:30,USD,Low Impact Expected,FOMC Member Barkin Speaks,,,
2/5/2025 14:00,USD,Low Impact Expected,FOMC Member Barkin Speaks,,,
2/5/2025 19:30,USD,Low Impact Expected,FOMC Member Goolsbee Speaks,,,
2/5/2025 20:00,USD,Low Impact Expected,FOMC Member Bowman Speaks,,,
2/5/2025 20:30,USD,Low Impact Expected,FOMC Member Jefferson Speaks,,,
2/6/2025 19:30,USD,Medium Impact Expected,FOMC Member Waller Speaks,,,
2/6/2025 20:30,USD,Low Impact Expected,FOMC Member Daly Speaks,,,
2/6/2025 22:10,USD,Low Impact Expected,FOMC Member Logan Speaks,,,
2/7/2025 14:25,USD,Low Impact Expected,FOMC Member Bowman Speaks,,,
2/7/2025 15:30,USD,Low Impact Expected,FOMC Member Goolsbee Speaks,,,
2/7/2025 16:00,USD,Low Impact Expected,Fed Monetary Policy Report,,,
2/7/2025 17:00,USD,Low Impact Expected,FOMC Member Kugler Speaks,,,
2/10/2025 14:45,USD,Low Impact Expected,Cleveland Fed Inflation Expectations,,,
2/10/2025 16:15,EUR,Medium Impact Expected,ECB President Lagarde Speaks,,,
2/10/2025 21:30,USD,High Impact Expected,President Trump Speaks,,,
2/11/2025 13:50,USD,Low Impact Expected,FOMC Member Hammack Speaks,,,
2/11/2025 15:00,USD,High Impact Expected,Fed Chair Powell Testifies,,,
2/11/2025 20:30,USD,High Impact Expected,Fed Chair Powell Testifies,,,
2/11/2025 20:30,USD,High Impact Expected,CPI m/m,,,
2/11/2025 20:30,USD,Low Impact Expected,FOMC Member Bostic Speaks,,,
2/11/2025 20:30,USD,Low Impact Expected,FOMC Member Bowman Speaks,,,
2/11/2025 20:30,USD,High Impact Expected,CPI y/y,,,
2/11/2025 20:30,USD,Low Impact Expected,FOMC Member Williams Speaks,,,
2/11/2025 20:40,USD,High Impact Expected,President Trump Speaks,,,
2/12/2025 13:30,USD,High Impact Expected,Core CPI m/m,,,
2/12/2025 17:00,EUR,Low Impact Expected,German Buba President Nagel Speaks,,,
2/12/2025 20:30,USD,High Impact Expected,PPI m/m,,,
2/12/2025 20:48,USD,High Impact Expected,President Trump Speaks,,,
2/12/2025 22:05,USD,Medium Impact Expected,FOMC Member Waller Speaks,,,
2/13/2025 7:00,EUR,Low Impact Expected,German Final CPI m/m,,,
2/13/2025 9:00,EUR,Low Impact Expected,ECB Economic Bulletin,,,
2/13/2025 13:30,USD,High Impact Expected,Core PPI m/m,,,
2/13/2025 17:00,EUR,Low Impact Expected,German Buba President Nagel Speaks,,,
2/13/2025 18:36,USD,High Impact Expected,President Trump Speaks,,,
2/14/2025 19:08,USD,High Impact Expected,President Trump Speaks,,,
2/14/2025 20:00,USD,Low Impact Expected,FOMC Member Logan Speaks,,,
2/17/2025 11:00,EUR,Low Impact Expected,German Buba President Nagel Speaks,,,
2/17/2025 14:30,USD,Low Impact Expected,FOMC Member Harker Speaks,,,
2/17/2025 15:20,USD,Low Impact Expected,FOMC Member Bowman Speaks,,,
2/17/2025 23:00,USD,Medium Impact Expected,FOMC Member Waller Speaks,,,
2/18/2025 7:45,EUR,Low Impact Expected,French Final CPI m/m,,,
2/18/2025 15:20,USD,Low Impact Expected,FOMC Member Daly Speaks,,,
2/18/2025 18:00,USD,Low Impact Expected,FOMC Member Barr Speaks,,,
2/18/2025 20:30,USD,High Impact Expected,President Trump Speaks,,,
2/18/2025 21:13,USD,High Impact Expected,President Trump Speaks,,,
2/19/2025 19:00,USD,High Impact Expected,FOMC Meeting Minutes,,,
2/19/2025 20:30,USD,Low Impact Expected,FOMC Member Jefferson Speaks,,,
2/19/2025 20:30,EUR,Low Impact Expected,German PPI m/m,,,
2/19/2025 20:30,USD,Medium Impact Expected,Philly Fed Manufacturing Index,,,
2/19/2025 22:00,USD,High Impact Expected,President Trump Speaks,,,
2/20/2025 14:35,USD,Low Impact Expected,FOMC Member Goolsbee Speaks,,,
2/20/2025 16:00,EUR,Low Impact Expected,German Buba President Nagel Speaks,,,
2/20/2025 17:05,USD,Low Impact Expected,FOMC Member Musalem Speaks,,,
2/20/2025 19:30,USD,Low Impact Expected,FOMC Member Barr Speaks,,,
2/20/2025 20:30,USD,Low Impact Expected,FOMC Member Kugler Speaks,,,
2/21/2025 0:20,USD,High Impact Expected,President Trump Speaks,,,
2/21/2025 16:30,USD,Low Impact Expected,FOMC Member Jefferson Speaks,,,
2/21/2025 20:56,USD,High Impact Expected,President Trump Speaks,,,
2/23/2025 20:30,EUR,Low Impact Expected,Final CPI y/y,,,
2/24/2025 10:00,EUR,Low Impact Expected,Final Core CPI y/y,,,
2/24/2025 19:49,USD,High Impact Expected,President Trump Speaks,,,
2/24/2025 23:30,USD,Low Impact Expected,FOMC Member Goolsbee Speaks,,,
2/25/2025 9:15,USD,Low Impact Expected,FOMC Member Logan Speaks,,,
2/25/2025 10:00,EUR,Low Impact Expected,German Buba President Nagel Speaks,,,
2/25/2025 16:45,USD,Low Impact Expected,FOMC Member Barr Speaks,,,
2/25/2025 18:00,USD,Low Impact Expected,FOMC Member Barkin Speaks,,,
2/25/2025 20:59,USD,High Impact Expected,President Trump Speaks,,,
2/26/2025 13:30,USD,Low Impact Expected,FOMC Member Barkin Speaks,,,
2/26/2025 17:00,USD,Low Impact Expected,FOMC Member Bostic Speaks,,,
2/26/2025 20:30,EUR,Medium Impact Expected,Spanish Flash CPI y/y,,,
2/26/2025 20:30,USD,Low Impact Expected,FOMC Member Barr Speaks,,,
2/27/2025 12:30,EUR,Low Impact Expected,ECB Monetary Policy Meeting Accounts,,,
2/27/2025 13:00,USD,Low Impact Expected,FOMC Member Barkin Speaks,,,
2/27/2025 14:15,USD,Low Impact Expected,FOMC Member Schmid Speaks,,,
2/27/2025 16:45,USD,Low Impact Expected,FOMC Member Bowman Speaks,,,
2/27/2025 18:15,USD,Low Impact Expected,FOMC Member Hammack Speaks,,,
2/27/2025 20:15,USD,Low Impact Expected,FOMC Member Harker Speaks,,,
2/27/2025 20:30,EUR,Low Impact Expected,French Prelim CPI m/m,,,
2/27/2025 20:30,USD,Medium Impact Expected,President Trump Speaks,,,
2/28/2025 10:00,EUR,Low Impact Expected,Italian Prelim CPI m/m,,,
2/28/2025 17:15,USD,High Impact Expected,President Trump Speaks,,,
2/28/2025 20:29,EUR,High Impact Expected,German Prelim CPI m/m,,,
3/1/2025 3:15,USD,Low Impact Expected,FOMC Member Goolsbee Speaks,,,
3/2/2025 20:30,EUR,Medium Impact Expected,CPI Flash Estimate y/y,,,
3/3/2025 10:00,EUR,Medium Impact Expected,Core CPI Flash Estimate y/y,,,
3/3/2025 17:05,USD,Low Impact Expected,FOMC Member Musalem Speaks,,,
3/3/2025 19:39,USD,Medium Impact Expected,President Trump Speaks,,,
3/4/2025 19:20,USD,Low Impact Expected,FOMC Member Williams Speaks,,,
3/5/2025 2:10,USD,High Impact Expected,President Trump Speaks,,,
3/5/2025 10:00,EUR,Low Impact Expected,PPI m/m,,,
3/5/2025 20:30,USD,Low Impact Expected,FOMC Member Harker Speaks,,,
3/6/2025 13:45,EUR,High Impact Expected,ECB Press Conference,,,
3/6/2025 19:39,USD,Medium Impact Expected,President Trump Speaks,,,
3/6/2025 20:30,USD,Medium Impact Expected,FOMC Member Waller Speaks,,,
3/7/2025 0:00,USD,Low Impact Expected,FOMC Member Bostic Speaks,,,
3/7/2025 9:30,EUR,Medium Impact Expected,ECB President Lagarde Speaks,,,
3/7/2025 15:15,USD,Low Impact Expected,FOMC Member Bowman Speaks,,,
3/7/2025 15:45,USD,Low Impact Expected,FOMC Member Williams Speaks,,,
3/7/2025 16:00,USD,Medium Impact Expected,President Trump Speaks,,,
3/7/2025 17:20,USD,Low Impact Expected,FOMC Member Kugler Speaks,,,
3/7/2025 17:30,USD,High Impact Expected,Fed Chair Powell Speaks,,,
3/7/2025 18:00,USD,Low Impact Expected,FOMC Member Kugler Speaks,,,
3/7/2025 20:00,USD,Medium Impact Expected,President Trump Speaks,,,
3/11/2025 20:30,EUR,Low Impact Expected,German Buba President Nagel Speaks,,,
3/11/2025 20:30,USD,High Impact Expected,CPI y/y,,,
3/11/2025 20:30,USD,High Impact Expected,CPI m/m,,,
3/11/2025 21:00,USD,Medium Impact Expected,President Trump Speaks,,,
3/12/2025 8:45,EUR,Medium Impact Expected,ECB President Lagarde Speaks,,,
3/12/2025 12:30,USD,High Impact Expected,Core CPI m/m,,,
3/12/2025 20:30,USD,High Impact Expected,PPI m/m,,,
3/12/2025 20:30,USD,High Impact Expected,Core PPI m/m,,,
3/13/2025 17:30,EUR,Low Impact Expected,German Buba President Nagel Speaks,,,
3/14/2025 7:00,EUR,Low Impact Expected,German Final CPI m/m,,,
3/14/2025 7:45,EUR,Low Impact Expected,French Final CPI m/m,,,
3/14/2025 19:00,USD,Medium Impact Expected,President Trump Speaks,,,
3/18/2025 20:30,EUR,Low Impact Expected,Final CPI y/y,,,
3/18/2025 20:30,USD,High Impact Expected,FOMC Statement,,,
3/18/2025 20:30,USD,High Impact Expected,FOMC Economic Projections,,,
3/19/2025 10:00,EUR,Low Impact Expected,Final Core CPI y/y,,,
3/19/2025 18:30,USD,High Impact Expected,FOMC Press Conference,,,
3/19/2025 20:30,EUR,Low Impact Expected,ECB Economic Bulletin,,,
3/19/2025 20:30,USD,Medium Impact Expected,Philly Fed Manufacturing Index,,,
3/19/2025 20:30,EUR,Low Impact Expected,German PPI m/m,,,
3/20/2025 8:00,EUR,Medium Impact Expected,ECB President Lagarde Speaks,,,
3/20/2025 14:40,USD,Medium Impact Expected,President Trump Speaks,,,
3/21/2025 13:05,USD,Low Impact Expected,FOMC Member Williams Speaks,,,
3/24/2025 16:45,USD,Low Impact Expected,FOMC Member Bostic Speaks,,,
3/24/2025 17:30,USD,Medium Impact Expected,President Trump Speaks,,,
3/24/2025 18:10,USD,Low Impact Expected,FOMC Member Barr Speaks,,,
3/25/2025 11:40,USD,Low Impact Expected,FOMC Member Kugler Speaks,,,
3/25/2025 12:05,USD,Low Impact Expected,FOMC Member Williams Speaks,,,
3/25/2025 15:00,EUR,Low Impact Expected,German Buba President Nagel Speaks,,,
3/25/2025 19:30,USD,Low Impact Expected,FOMC Member Kashkari Speaks,,,
3/26/2025 16:10,USD,Low Impact Expected,FOMC Member Musalem Speaks,,,
3/26/2025 19:00,USD,High Impact Expected,President Trump Speaks,,,
3/27/2025 0:00,USD,Medium Impact Expected,President Trump Speaks,,,
3/27/2025 17:05,EUR,Low Impact Expected,ECB President Lagarde Speaks,,,
3/27/2025 19:30,EUR,Medium Impact Expected,Spanish Flash CPI y/y,,,
3/27/2025 19:30,EUR,Low Impact Expected,French Prelim CPI m/m,,,
3/27/2025 19:30,USD,Low Impact Expected,FOMC Member Barkin Speaks,,,
3/28/2025 12:00,EUR,Low Impact Expected,German Buba President Nagel Speaks,,,
3/28/2025 15:15,USD,Low Impact Expected,FOMC Member Barr Speaks,,,
3/28/2025 18:45,USD,Low Impact Expected,FOMC Member Bostic Speaks,,,
3/31/2025 8:00,EUR,Low Impact Expected,Italian Prelim CPI m/m,,,
3/31/2025 19:29,EUR,High Impact Expected,German Prelim CPI m/m,,,
3/31/2025 19:30,EUR,Medium Impact Expected,CPI Flash Estimate y/y,,,
4/1/2025 8:00,EUR,Medium Impact Expected,Core CPI Flash Estimate y/y,,,
4/1/2025 11:30,EUR,Medium Impact Expected,ECB President Lagarde Speaks,,,
4/1/2025 12:00,USD,Low Impact Expected,FOMC Member Barkin Speaks,,,
4/2/2025 19:00,USD,High Impact Expected,President Trump Speaks,,,
4/2/2025 19:30,USD,Low Impact Expected,FOMC Member Kugler Speaks,,,
4/3/2025 8:00,EUR,Low Impact Expected,PPI m/m,,,
4/3/2025 10:30,EUR,Low Impact Expected,ECB Monetary Policy Meeting Accounts,,,
4/3/2025 15:00,USD,Low Impact Expected,FOMC Member Jefferson Speaks,,,
4/3/2025 17:30,USD,Low Impact Expected,FOMC Member Cook Speaks,,,
4/4/2025 14:25,USD,High Impact Expected,Fed Chair Powell Speaks,,,
4/4/2025 15:00,USD,Low Impact Expected,FOMC Member Barr Speaks,,,
4/4/2025 15:45,USD,Medium Impact Expected,FOMC Member Waller Speaks,,,
4/6/2025 19:30,USD,Low Impact Expected,FOMC Member Kugler Speaks,,,
